Id,L0_S0_F0,L0_S0_F18,L0_S2_F52,L0_S3_F92,L0_S7_F136,L0_S9_F170,L0_S10_F224,L0_S10_F274,L0_S11_F318,L0_S12_F342,L0_S14_F366,L0_S15_F403,L0_S18_F435,L0_S21_F472,L0_S21_F522,L0_S22_F576,L0_S23_F627,L0_S23_F667,L1_S24_F733,L1_S24_F795,L1_S24_F834,L1_S24_F892,L1_S24_F953,L1_S24_F1000,L1_S24_F1026,L1_S24_F1083,L1_S24_F1126,L1_S24_F1176,L1_S24_F1240,L1_S24_F1298,L1_S24_F1356,L1_S24_F1401,L1_S24_F1451,L1_S24_F1502,L1_S24_F1567,L1_S24_F1604,L1_S24_F1662,L1_S24_F1728,L1_S24_F1778,L1_S24_F1814,L1_S24_F1838,L1_S25_F1869,L1_S25_F1909,L1_S25_F1963,L1_S25_F2016,L1_S25_F2066,L1_S25_F2116,L1_S25_F2161,L1_S25_F2190,L1_S25_F2226,L1_S25_F2258,L1_S25_F2312,L1_S25_F2365,L1_S25_F2411,L1_S25_F2437,L1_S25_F2462,L1_S25_F2487,L1_S25_F2514,L1_S25_F2569,L1_S25_F2623,L1_S25_F2677,L1_S25_F2716,L1_S25_F2741,L1_S25_F2767,L1_S25_F2795,L1_S25_F2842,L1_S25_F2896,L1_S25_F2950,L1_S25_F2997,L1_S25_F3020,L2_S26_F3047,L2_S26_F3121,L2_S27_F3170,L2_S28_F3241,L2_S28_F3311,L3_S29_F3342,L3_S29_F3376,L3_S29_F3412,L3_S29_F3449,L3_S29_F3479,L3_S30_F3519,L3_S30_F3569,L3_S30_F3614,L3_S30_F3664,L3_S30_F3714,L3_S30_F3764,L3_S30_F3814,L3_S33_F3855,L3_S34_F3876,L3_S35_F3908,L3_S37_F3944,L3_S39_F3972,L3_S41_F3996,L3_S41_F4018,L3_S43_F4090,L3_S44_F4121,L3_S47_F4158,L3_S48_F4200,L3_S50_F4241,L3_S51_F4262,Response,L0_S0_D1,L0_S3_D94,L0_S9_D197,L0_S11_D328,L0_S15_D413,L0_S21_D514,L0_S23_D649,L1_S24_D782,L1_S24_D904,L1_S24_D1023,L1_S24_D1143,L1_S24_D1257,L1_S24_D1403,L1_S24_D1522,L1_S24_D1639,L1_S24_D1785,L1_S25_D1857,L1_S25_D1980,L1_S25_D2128,L1_S25_D2214,L1_S25_D2314,L1_S25_D2434,L1_S25_D2499,L1_S25_D2615,L1_S25_D2729,L1_S25_D2794,L1_S25_D2932,L1_S25_D3025,L2_S26_D3122,L2_S28_D3227,L3_S29_D3331,L3_S29_D3415,L3_S30_D3501,L3_S30_D3651,L3_S30_D3796,L3_S35_D3895,L3_S40_D3987,L3_S42_D4053,L3_S47_D4170,L3_S51_D4263,L0_S1_F25,L0_S6_F133,L0_S10_F238,L0_S14_F367,L0_S21_F495,L0_S22_F585,L1_S24_F686,L1_S24_F769,L1_S24_F868,L1_S24_F956,L1_S24_F1064,L1_S24_F1167,L1_S24_F1263,L1_S24_F1350,L1_S24_F1440,L1_S24_F1542,L1_S24_F1638,L1_S24_F1726,L1_S25_F1861,L1_S25_F1962,L1_S25_F2050,L1_S25_F2142,L1_S25_F2286,L1_S25_F2376,L1_S25_F2546,L1_S25_F2635,L1_S25_F2774,L1_S25_F2882,L1_S25_F2973,L2_S26_F3105,L2_S27_F3202,L2_S28_F3298,L3_S29_F3446,L3_S30_F3557,L3_S30_F3648,L3_S30_F3740,L3_S30_F3832,L3_S42_F4031,L3_S46_F4136,L3_S49_F4240
50698,,,,,,,,,,,,,,,,,,,,,,,,,,,,,,,,,,,0.145,-0.008,-0.058,,0.098,,-0.06,,,,,,,,,,,,,,,,,,,,,,,,,,,,,,,,,,,0.033,0.125,0.057,0.033,-0.024,-0.072,-0.092,0.0,-0.013,0.0,0.014,0.013,-0.301,0.0,0.0,0.0,,,,,,,,,,0,,,,,,,,,,,,,,795.74,795.79,795.8,,,,,,,,,,,,,,,803.6,803.6,803.6,803.6,803.6,803.61,,,,,,,,,,,,,,,,,,,,T1,,,,,,,,,,,,,,,,,,,,,,,,
51315,-0.003,0.168,0.0,,-0.164,,0.083,-0.001,,,,,,,,,,,,,,,,,,,,,,,,,,,,,,,,,,,,,,,,,,,,,,,,,,,,,,,,,,,,,,,,,,,,-0.105,-0.104,0.082,-0.105,0.047,-0.099,-0.011,0.0,-0.003,0.0,0.012,0.013,-0.165,0.0,0.0,0.0,,,,,,,,,,0,556.85,,,,,,,,,,,,,,,,,,,,,,,,,,,,,,558.18,558.18,558.18,558.18,558.18,558.2,,,,,,,,,,,,,,,,,,,,,,,,,,,,,,,,,,,,,T1,,,,,,,
15137,-0.075,0.013,0.0,,,,0.125,0.001,,,,,,,,,,,,,,,,,,,,,,,,,,,,,,,,,,,,,,,,,,,,,,,,,,,,,,,,,,,,,,,,,,,,0.205,0.163,-0.725,0.205,,-0.046,,,,,0.011,0.013,0.017,0.0,,0.0,,,,,,,,,,0,3.56,,,,,,,,,,,,,,,,,,,,,,,,,,,,,,5.6,5.6,5.6,,5.6,,,,,,,,,,,,,,,,,,,,,,,,,,,,,,,,,,,,,,T1,,,,,,,
52443,0.134,0.125,,0.019,0.336,,,,0.028,,,,,,,,,,,,,,,,,,,,,,,,,,,,,,,,,,,,,,,,,,,,,,,,,,,,,,,,,,,,,,,,,,,-0.081,0.011,0.063,-0.081,-0.055,-0.02,0.097,0.0,-0.003,0.0,0.01,0.013,0.062,0.0,0.0,0.0,,,,,,,,,,0,1245.1,1245.1,,1245.12,,,,,,,,,,,,,,,,,,,,,,,,,,,1248.81,1248.81,1248.81,1248.81,1248.81,1248.83,,,,,,,,,,,,,,,,,,,,,,,,,,,,,,,,,,,,,T1,,,,,,,
41282,,,,,,,,,,,,,,,,,,,,,,,,,,,,,,,,,,,0.044,,,-0.033,,0.013,-0.031,,,,,,,,,,,,,,,,,,,,,,,,,,,,,,0.236,0.024,,,,-0.031,0.011,0.063,-0.031,-0.051,0.033,-0.011,0.0,-0.003,0.0,0.009,0.013,0.108,0.0,,0.0,,,,,,,,,,0,,,,,,,,,,,,,,1176.14,,,,,,,,,,,,,,,1183.5,,1194.4,1194.4,1194.4,1194.4,1194.4,,,,,,,,,,,,,,,,,,,,,T1,,T1,,,,,,,,,,,,,,,,,,,,,,
36436,,,,,,,,,,0.03,,0.099,,,,-0.02,,,,,,,,,,,,,,,,,,,,,,,,,,,,,,,,,,,,,,,,,,,,,,,,,,,,,,,,,,,,-0.081,-0.04,0.082,-0.081,-0.063,0.112,-0.092,0.0,-0.012,0.0,0.009,0.013,-0.119,0.0,,0.0,,,,,,,,,,0,,,,,1383.63,,,,,,,,,,,,,,,,,,,,,,,,,,1389.82,1389.82,1389.83,1389.83,1389.83,,,,,,,,,,,,,,,,,,,,,,,,,,,,,,,,,,,,,,,,,,,,,
17079,-0.108,-0.062,,-0.081,0.336,,0.015,-0.002,,,,,,,,,,,,,,,,,,,,,,,,,,,,,,,,,,,,,,,,,,,,,,,,,,,,,,,,,,,,,,,,,,,,-0.132,0.011,0.104,-0.132,-0.075,0.086,0.016,0.0,0.02,0.0,0.011,0.013,-0.074,0.0,,0.0,,,,,,,,,,0,1566.1,1566.1,,,,,,,,,,,,,,,,,,,,,,,,,,,,,1568.21,1568.21,1568.21,1568.21,1568.21,,,,,,,,,,,,,,,,,,,,,,,,,,,,,,,,,,,,,,T1,,,,,,,
33812,-0.036,0.12,,0.019,,,,,0.025,,,,,,,,,,,,,,,,,,,,,,,,,,,,,,,,,,,,,,,,,,,,,,,,,,,,,,,,,,,,,,,,,,,0.046,0.125,0.082,0.046,0.114,-0.099,-0.011,0.0,0.013,0.0,0.01,0.013,0.017,0.0,,0.0,,,,,,,,,,0,559.35,559.36,,559.38,,,,,,,,,,,,,,,,,,,,,,,,,,,561.13,561.13,561.14,561.14,561.14,,,,,,,,,,,,,,,,,,,,,,,,,,,,,,,,,,,,,,,,,,,,,
26707,0.056,-0.062,,0.019,-0.164,,,,-0.182,,,,,,,,,,,,,,,,,,,,,,,,,,,,,,,,,,,,,,,,,,,,,,,,,,,,,,,,,,,,,,,,,,,-0.043,0.023,0.057,-0.043,-0.016,-0.151,0.043,0.0,-0.012,0.0,0.012,0.013,-0.256,0.0,,0.0,,,,,,,,,,0,618.7,618.7,,618.73,,,,,,,,,,,,,,,,,,,,,,,,,,,620.63,620.63,620.63,620.63,620.63,,,,,,,,,,,,,,,,,,,,,,,,,,,,,,,,,,,,,,,,,,,,,
43777,,,,,,,,,,,,,,,,,,,,,,,,,,,,,,,,,,,-0.074,0.047,-0.036,,0.198,,-0.091,,,,,,,,,,,,,,,,,,,,,,,,,,,,,,-0.064,0.024,,,,0.058,0.081,0.057,0.058,-0.035,-0.099,0.07,0.0,0.029,0.0,0.013,0.013,0.017,0.0,0.0,0.0,,,,,,,,,,0,,,,,,,,,,,,,,769.09,769.13,769.13,,,,,,,,,,,,,787.5,,790.19,790.19,790.19,790.19,790.19,790.21,,,,,,,,,,,,,,,,,,,,T1,,,,,,,,,,,,,,,,,T1,,,,,,,
26103,0.101,0.002,,0.019,,,,,0.053,,,,,,,,,,,,,,,,,,,,,,,,,,,,,,,,,,,,,,,,,,,,,,,,,,,,,,,,,,,,,,,,,,,-0.056,0.036,0.051,-0.056,-0.055,0.27,0.097,0.0,0.011,0.0,0.009,0.013,-0.074,0.0,,0.0,,,,,,,,,,0,1692.69,1692.69,,1692.72,,,,,,,,,,,,,,,,,,,,,,,,,,,1709.19,1709.19,1709.2,1709.2,1709.2,,,,,,,,,,,,,,,,,,,,,,,,,,,,,,,,,,,,,,T1,,,,,,,
49180,,,,,,,,,,,,,,,,,,,,,,,,,,,,,,,,,,,,,,,,,,-0.039,,,0.098,-0.008,,0.01,,,,,,,,,,,,,,,,,,,,,,,,,,,,0.108,-0.009,0.082,0.108,0.004,0.007,,,,,0.004,0.013,-0.074,0.0,0.0,0.0,,,,,,,,,,0,,,,,,,,,,,,,,,,,425.41,425.52,,,,,,,,,,,,,473.67,473.67,473.67,,473.67,473.68,,,,,,,,,,,,,,,,,,,,,,,,,,,,,,,,,,,,,T1,,,,,,,
25972,,,,,,,,,,0.002,0.066,,-0.01,0.034,-0.129,,,,,,,,,,,,,,,,,,,,,,,,,,,,,,,,,,,,,,,,,,,,,,,,,,,,,,,,,,,,,-0.106,-0.104,0.063,-0.106,-0.043,0.033,-0.2,0.0,-0.001,0.0,0.018,0.013,-0.119,0.0,0.0,0.0,,,,,,,,,,0,,,,,,1127.9,,,,,,,,,,,,,,,,,,,,,,,,,1129.12,1129.12,1129.13,1129.13,1129.13,1129.14,,,,,,,,,,,,,,,,,,,,,,,,,,,,,,,,,,,,,T1,,,,,,,
24663,,,,,,,,,,-0.006,0.066,,-0.01,0.096,0.07,,,,,,,,,,,,,,,,,,,,,,,,,,,,,,,,,,,,,,,,,,,,,,,,,,,,,,,,,,,,,0.117,0.042,-0.702,0.117,,-0.046,,,,,0.01,0.013,0.062,0.0,,0.0,,,,,,,,,,0,,,,,,121.19,,,,,,,,,,,,,,,,,,,,,,,,,123.46,123.46,123.46,,123.46,,,,,,,,,,,,,,,,,,,,,,,,,,,,,,,,,,,,,,T1,,,,,,,
24635,-0.062,-0.019,0.0,,,,0.299,0.0,,,,,,,,,,,,,,,,,,,,,,,,,,,,,,,,,,,,,,,,,,,,,,,,,,,,,,,,,,,,,,,,,,,,0.004,0.132,0.037,0.004,-0.008,-0.151,,,,,0.013,0.013,-0.119,0.0,0.0,0.0,,,,,,,,,,0,269.47,,,,,,,,,,,,,,,,,,,,,,,,,,,,,,270.09,270.09,270.09,,270.09,270.12,,,,,,,,,,,,,,,,,,,,,,,,,,,,,,,,,,,,,T1,,,,,,,
22184,0.049,0.019,,-0.081,0.336,,,,0.082,,,,,,,,,,,,,,,,,,,,,,,,,,,,,,,,,,,,,,,,,,,,,,,,,,,,,,,,,,,,,,,,,,,,,,,,,,,,,,,,,,,0.0,0.0,-0.031,,-0.04,0.198,0.0,,0.0,0,113.44,113.45,,113.49,,,,,,,,,,,,,,,,,,,,,,,,,,,,,,,,,114.65,,114.67,114.68,,,,,,,,,,,,,,,,,,,,,,,,,,,,,,,,,,,,,,,,
538,0.121,-0.088,0.0,,,,-0.06,0.002,,,,,,,,,,,,,,,,,,,,,,,,,,,,,,,,,,,,,,,,,,,,,,,,,,,,,,,,,,,,,,,,,-0.035,,,-0.132,-0.072,0.063,-0.132,-0.027,0.033,-0.173,0.0,0.007,0.0,0.014,0.013,-0.029,0.0,0.0,0.0,,,,,,,,,,0,1108.61,,,,,,,,,,,,,,,,,,,,,,,,,,,,,,1110.19,1110.19,1110.19,1110.19,1110.19,1110.2,,,,,,,,,,,,,,,,,,,,,,,,,,,,,,,,,,,,,,,,,,,,
57280,-0.127,-0.024,0.0,,0.336,0.043,,,,,,,,,,,,,,,,,,,,,,,,,,,,,,,,,,,,,,,,,,,,,,,,,,,,,,,,,,,,,,,,,-0.13,-0.055,,,,0.109,0.1,0.057,0.109,0.008,0.007,0.124,0.0,-0.004,0.0,0.019,0.013,0.017,0.0,0.0,0.0,,,,,,,,,,0,904.13,,904.16,,,,,,,,,,,,,,,,,,,,,,,,,,906.12,,907.88,907.88,907.88,907.88,907.88,907.91,,,,,,,,,,,,,,,,,,,,,,,,,,,,,,,,,,,,,T1,,,,,,,
1410,,,,,,,,,,,,,,,,,,,,,,,,,,,,,,,,,,,,,,,,,,-0.038,0.0,0.001,,,-0.054,0.045,,,,,,,,,,,,,,,,,,,,,,,-0.239,-0.106,,,,0.121,0.042,0.063,0.121,-0.302,0.112,0.016,0.0,0.013,0.0,0.011,0.013,-0.029,0.0,,0.0,,,,,,,,,,0,,,,,,,,,,,,,,,,,996.36,,996.48,,,,,,,,,,1177.74,,1191.0,1191.0,1191.0,1191.0,1191.0,,,,,,,,,,,,,,,,,,,,,,,,,,,,,,,,,,,,,,T1,,,,,,,
7594,,,,,,,,,,,,,,,,,,,,,,,,,,,,,,,,,,,,,,,,,,0.047,-0.001,-0.002,,,-0.068,-0.148,,,,,,,,,,,,,,,,,,,,,,,0.186,-0.073,,,,-0.005,-0.104,0.063,-0.005,-0.02,0.059,-0.119,0.0,0.012,0.0,0.013,0.013,0.153,0.0,0.0,0.0,,,,,,,,,,0,,,,,,,,,,,,,,,,,976.97,,977.14,,,,,,,,,,992.6,,996.06,996.06,996.07,996.07,996.07,996.09,,,,,,,,,,,,,,,,,,,,,,,,,,,,,,,,,,,,,,,,,,,,
11881,,,,,,,,,,,,,,,,,,,,,,,,,,,,,,,,,,,0.04,-0.008,-0.043,,,-0.068,0.01,,,,,,,,,,,,,,,,,,,,,,,,,,,,,,,,-0.035,,,-0.132,-0.053,0.063,-0.132,0.02,-0.125,-0.146,0.0,-0.013,0.0,0.018,0.013,-0.074,0.0,,0.0,,,,,,,,,,0,,,,,,,,,,,,,,972.27,972.28,,,,,,,,,,,,,,,,990.57,990.57,990.57,990.57,990.57,,,,,,,,,,,,,,,,,,,,,T1,,,,,,,,,,,,,,,,,,,,,,,,
4728,0.023,0.125,,0.119,-0.164,,-0.038,0.002,,,,,,,,,,,,,,,,,,,,,,,,,,,,,,,,,,,,,,,,,,,,,,,,,,,,,,,,,,,,,,,,,-0.035,,,0.134,-0.053,0.057,0.134,-0.012,-0.02,-0.011,0.0,0.012,0.0,0.014,0.013,0.108,0.0,,0.0,,,,,,,,,,0,819.92,819.92,,,,,,,,,,,,,,,,,,,,,,,,,,,,,823.98,823.98,823.98,823.98,823.98,,,,,,,,,,,,,,,,,,,,,,,,,,,,,,,,,,,,,,T1,,,,,,,
46111,0.173,-0.072,,-0.081,,0.066,,,,,,,,,,,,,,,,,,,,,,,,,,,,,,,,,,,,,,,,,,,,,,,,,,,,,,,,,,,,,,,,,,,,,,0.033,-0.168,0.101,0.033,-0.004,-0.046,-0.092,0.0,-0.012,0.0,0.016,0.013,-0.165,0.0,,0.0,,,,,,,,,,0,677.22,677.23,677.25,,,,,,,,,,,,,,,,,,,,,,,,,,,,683.57,683.57,683.57,683.57,683.57,,,,,,,,,,,,,,,,,,,,,,,,,,,,,,,,,,,,,,,,,,,,,
55678,0.036,0.104,,-0.081,-0.164,-0.072,,,,,,,,,,,,,,,,,,,,,,,,,,,,,,,,,,,,,,,,,,,,,,,,,,,,,,,,,,,,,,,,,,,,,,-0.157,-0.098,0.082,-0.157,-0.067,-0.02,0.232,0.0,-0.012,0.0,0.01,0.013,0.017,0.0,,0.0,,,,,,,,,,0,1365.45,1365.46,1365.48,,,,,,,,,,,,,,,,,,,,,,,,,,,,1367.65,1367.65,1367.65,1367.65,1367.65,,,,,,,,,,,,,,,,,,,,,,,,,,,,,,,,,,,,,,T1,,,,,,,
49043,,,,,,,,,,,,,,,,,,,,,,,,,,,,,,,,,,,0.123,,,-0.077,,0.047,-0.043,,,,,,,,,,,,,,,,,,,,,,,,,,,,,,-0.012,-0.048,,,,0.16,0.03,0.057,0.16,0.043,-0.151,0.016,0.0,0.029,0.0,0.011,0.013,0.108,0.0,,0.0,,,,,,,,,,0,,,,,,,,,,,,,,671.98,,,,,,,,,,,,,,,707.63,,711.08,711.08,711.09,711.09,711.09,,,,,,,,,,,,,,,,,,,,,T1,,T1,,,,,,,,,,,,,,,T1,,,,,,,
29902,,,,,,,,,,-0.018,,0.45,-0.01,,,,0.056,0.073,,,,,,,,,,,,,,,,,,,,,,,,,,,,,,,,,,,,,,,,,,,,,,,,,,,,,,,,,,-0.056,-0.091,0.063,-0.056,-0.012,0.322,-0.038,0.0,-0.013,0.0,0.014,0.013,0.017,0.0,0.0,0.0,,,,,,,,,,0,,,,,979.5,,979.53,,,,,,,,,,,,,,,,,,,,,,,,981.29,981.29,981.29,981.29,981.29,981.31,,,,,,,,,,,,,,,,,,,,,,,,,,,,,,,,,,,,,T1,,,,,,,
41362,,,,,,,,,,,,,,,,,,,,,,,,,,,,,,,,,,,,,,,,,,0.043,0.001,0.0,,-0.014,,0.192,,,,,,,,,,,,,,,,,,,,,,,,,,,,0.096,-0.111,0.082,0.096,-0.008,-0.178,,,,,0.012,0.013,0.153,0.0,0.0,0.0,,,,,,,,,,0,,,,,,,,,,,,,,,,,447.81,,,,,,,,,,,,,,492.07,492.07,492.07,,492.07,492.09,,,,,,,,,,,,,,,,,,,,,,,,,,,,,,,,,,,,,T1,,,,,,,
36416,0.069,0.227,0.0,,,0.006,,,,,,,,,,,,,,,,,,,,,,,,,,,,,,,,,,,,,,,,,,,,,,,,,,,,,,,,,,,,,,,,,,,-0.035,,,0.058,0.011,0.057,0.058,-0.027,-0.283,0.07,0.0,0.012,0.0,0.018,0.013,0.017,0.0,,0.0,,,,,,,,,,0,820.17,,820.2,,,,,,,,,,,,,,,,,,,,,,,,,,,,823.61,823.61,823.62,823.62,823.62,,,,,,,,,,,,,,,,,,,,,,,,,,,,,,,,,,,,,,T1,,,,,,,
47865,-0.023,0.008,0.0,,0.336,,0.049,0.002,,,,,,,,,,,,,,,,,,,,,,,,,,,,,,,,,,,,,,,,,,,,,,,,,,,,,,,,,,,,,,,,,,,,-0.132,-0.021,0.063,-0.132,0.075,0.007,-0.011,0.0,-0.012,0.0,0.011,0.013,-0.074,0.0,,0.0,,,,,,,,,,0,959.59,,,,,,,,,,,,,,,,,,,,,,,,,,,,,,962.19,962.19,962.2,962.2,962.2,,,,,,,,,,,,,,,,,,,,,,,,,,,,,,,,,,,,,,T1,,,,,,,
9401,-0.042,-0.11,,0.019,0.336,0.173,,,,,,,,,,,,,,,,,,,,,,,,,,,,,,,,,,,,,,,,,,,,,,,,,,,,,,,,,,,,,,,,,,,,,,-0.056,-0.028,0.104,-0.056,-0.094,0.138,0.07,0.0,0.004,0.0,-0.969,-0.987,0.108,0.0,,0.0,,,,,,,,,,1,1499.82,1499.82,1499.9,,,,,,,,,,,,,,,,,,,,,,,,,,,,1507.86,1507.86,1507.9,1507.9,1507.9,,,,,,,,,,,,,,,,,,,,,,,,,,,,,,,,,,,,,,T1,,,,,,,
54164,0.043,-0.137,0.0,,,0.033,,,,,,,,,,,,,,,,,,,,,,,,,,,,,,,,,,,,,,,,,,,,,,,,,,,,,,,,,,,,,,,,,,,,,,0.041,0.272,-0.702,0.041,,0.033,,,,,0.01,0.013,-0.074,0.0,0.0,0.0,,,,,,,,,,0,141.19,,141.23,,,,,,,,,,,,,,,,,,,,,,,,,,,,150.18,150.18,150.19,,150.19,150.2,,,,,,,,,,,,,,,,,,,,,,,,,,,,,,,,,,,,,,,,,,,,
26231,,,,,,,,,,0.014,,-0.335,-0.01,,,,-0.012,0.053,,,,,,,,,,,,,,,,,,,,,,,,,,,,,,,,,,,,,,,,,,,,,,,,,,,,,,,,,,0.109,-0.085,0.101,0.109,0.047,-0.204,-0.065,0.0,-0.012,0.0,0.013,0.013,0.017,0.0,0.0,0.0,,,,,,,,,,0,,,,,683.85,,683.87,,,,,,,,,,,,,,,,,,,,,,,,686.94,686.94,686.97,686.97,686.97,686.98,,,,,,,,,,,,,,,,,,,,,,,,,,,,,,,,,,,,,,,,,,,,
54424,,,,,,,,,,,,,,,,,,,,,,,,,,,,,,,,,,,,,,,,,,,,,,,,,0.001,,,,,,,,,,,,,,,,-0.07,0.002,,,0.143,0.036,-0.022,0.215,,,,-0.056,-0.111,0.063,-0.056,-0.027,0.112,0.07,0.0,-0.013,0.0,0.009,0.013,0.017,0.0,,0.0,,,,,,,,,,0,,,,,,,,,,,,,,,,,,,,,,,,,,1011.37,,1011.39,1030.95,,1039.97,1039.97,1039.98,1039.98,1039.98,,,,,,,,,,,,,,,,,,,,,,,,,,,,,,,,,,,,,,T1,,,,,,,
59392,,,,,,,,,,,,,,,,,,,,,,,,,,,,,,,,,,,,,,,,,,,,,,,,,,,,,,,,,0.365,,,,,,,,-0.02,,0.095,-0.022,0.01,-0.032,0.224,-0.056,,,,0.02,-0.098,0.063,0.02,-0.027,-0.02,0.016,0.0,0.011,0.0,0.019,0.013,0.244,0.0,,0.0,,,,,,,,,,0,,,,,,,,,,,,,,,,,,,,,,,,,,1051.7,1051.7,1051.71,1072.28,,1076.82,1076.82,1076.82,1076.82,1076.82,,,,,,,,,,,,,,,,,,,,,,,,,,,,,,,,,,,,,,,,,,,,,
59589,0.003,-0.035,0.0,,0.336,,-0.073,0.0,,,,,,,,,,,,,,,,,,,,,,,,,,,,,,,,,,,,,,,,,,,,,,,,,,,,,,,,,,,,,,,,,,,,-0.031,-0.072,0.082,-0.031,-0.016,-0.046,0.178,0.0,-0.012,0.0,0.012,0.013,0.017,0.0,,0.0,,,,,,,,,,0,1343.01,,,,,,,,,,,,,,,,,,,,,,,,,,,,,,1350.75,1350.75,1350.75,1350.75,1350.75,,,,,,,,,,,,,,,,,,,,,,,,,,,,,,,,,,,,,,,,,,,,,
40411,,,,,,,,,,-0.006,-0.034,,-0.01,-0.044,0.145,,,,,,,,,,,,,,,,,,,,,,,,,,,,,,,,,,,,,,,,,,,,,,,,,,,,,,,,,,,,,0.134,-0.04,0.057,0.134,0.016,-0.046,-0.092,0.0,-0.011,0.0,0.018,0.013,0.108,0.0,,0.0,,,,,,,,,,0,,,,,,692.29,,,,,,,,,,,,,,,,,,,,,,,,,694.0,694.0,694.0,694.0,694.0,,,,,,,,,,,,,,,,,,,,,,,,,,,,,,,,,,,,,,T1,,,,,,,
6916,,,,,,,,,,-0.018,,-0.355,-0.01,-0.064,-0.068,,,,,,,,,,,,,,,,,,,,,,,,,,,,,,,,,,,,,,,,,,,,,,,,,,,,,,,,,,,,,0.033,-0.091,0.057,0.033,,-0.072,-0.146,0.0,-0.013,0.0,-0.969,-0.987,0.017,0.0,0.0,0.0,,,,,,,,,,0,,,,,876.86,876.91,,,,,,,,,,,,,,,,,,,,,,,,,878.21,878.21,878.29,878.29,878.29,878.31,,,,,,,,,,,,,,,,,,,,,,,,,,,,,,,,,,,,,T1,,,,,,,
25016,0.016,-0.003,,0.019,-0.164,,,,-0.062,,,,,,,,,,,,,,,,,,,,,,,,,,,,,,,,,,,,,,,,,,,,,,,,,,,,,,,,,,,,,,,,,,,0.07,0.011,0.063,0.07,-0.035,0.27,-0.065,0.0,-0.004,0.0,0.018,0.013,0.108,0.0,0.0,0.0,,,,,,,,,,0,1153.61,1153.62,,1153.64,,,,,,,,,,,,,,,,,,,,,,,,,,,1154.51,1154.51,1154.51,1154.51,1154.51,1154.53,,,,,,,,,,,,,,,,,,,,,,,,,,,,,,,,,,,,,T1,,,,,,,
7032,,,,,,,,,,,,,,,,,,,,,,,,,,,,,,,,,,,,,,,,,,-0.001,,,-0.024,-0.013,,-0.101,,,,,,,,,,,,,,,,,,,,,,,-0.226,-0.177,,,,-0.005,0.023,0.063,-0.005,0.055,-0.178,0.043,0.0,0.002,0.0,0.017,0.013,0.062,0.0,,0.0,,,,,,,,,,0,,,,,,,,,,,,,,,,,1056.12,1056.23,,,,,,,,,,,1086.13,,1089.43,1089.43,1089.43,1089.43,1089.43,,,,,,,,,,,,,,,,,,,,,,,,,,,,,,,,,,,,,,,,,,,,,
20811,0.062,0.088,0.0,,,0.145,,,,,,,,,,,,,,,,,,,,,,,,,,,,,,,,,,,,,,,,,,,,,,,,,,,,,,,,,,,,,,,,,,,,,,-0.031,-0.047,0.082,-0.031,-0.059,0.007,0.043,0.0,-0.003,0.0,0.009,0.013,-0.074,0.0,,0.0,,,,,,,,,,0,1394.31,,1394.34,,,,,,,,,,,,,,,,,,,,,,,,,,,,1395.16,1395.16,1395.16,1395.16,1395.16,,,,,,,,,,,,,,,,,,,,,,,,,,,,,,,,,,,,,,T1,,,,,,,
55395,,,,,,,,,,,,,,,,,,,,,,,,,,,0.062,-0.024,,0.034,0.112,-0.003,,-0.213,,,,,,,,,,,,,,,,,,,,,,,,,,,,,,,,,,,,,0.01,-0.049,,,,-0.106,-0.002,0.063,-0.106,-0.02,0.007,-0.038,0.0,-0.013,0.0,0.011,0.013,0.199,0.0,,0.0,,,,,,,,,,0,,,,,,,,,,,987.19,,987.2,,,,,,,,,,,,,,,,996.25,,1002.87,1002.87,1002.87,1002.87,1002.87,,,,,,,,,,,,,,,,,,,,,,,,,,,,,,,,,,,,,,T1,,,,,,,
10281,,,,,,,,,,-0.002,,-0.322,-0.01,-0.063,0.072,,,,,,,,,,,,,,,,,,,,,,,,,,,,,,,,,,,,,,,,,,,,,,,,,,,,,,,,,,,,,0.158,-0.04,0.082,0.158,0.086,-0.125,,,,,0.009,0.013,-0.074,0.0,0.0,0.0,,,,,,,,,,0,,,,,476.36,476.38,,,,,,,,,,,,,,,,,,,,,,,,,476.78,476.78,476.78,,476.78,476.79,,,,,,,,,,,,,,,,,,,,,,,,,,,,,,,,,,,,,T1,,,,,,,
41336,0.036,-0.024,,-0.081,,0.071,,,,,,,,,,,,,,,,,,,,,,,,,,,,,,,,,,,,,,,,,,,,,,,,,,,,,,,,,,,,,,,,,,,,,,,,,,,,,,,,,,,,,,0.0,0.0,0.065,,0.062,-0.324,0.0,,0.0,0,539.02,539.03,539.05,,,,,,,,,,,,,,,,,,,,,,,,,,,,,,,,,,551.05,,551.07,551.07,,,,,,,,,,,,,,,,,,,,,,,,,,,,,,,,,,,,,,,,
59376,,,,,,,,,,-0.01,,0.327,,,,0.046,,,,,,,,,,,,,,,,,,,,,,,,,,,,,,,,,,,,,,,,,,,,,,,,,,,,,,,0.186,0.159,,,,0.104,0.004,0.037,0.104,0.082,-0.151,,,,,0.013,0.013,0.153,0.0,0.0,0.0,,,,,,,,,,1,,,,,280.87,,,,,,,,,,,,,,,,,,,,,,,,281.08,,284.1,284.1,284.1,,284.1,284.12,,,,,,,,,,,,,,,,,,,,,,,,,,,,,,,,,,,,,,,,,,,,
51243,,,,,,,,,,,,,,,,,,,,,,,,,,,,,,,,,,,,,,,,,,,,,,,,,,,-0.001,-0.006,,,-0.02,-0.319,,,,,,,,,,,,,,,,,-0.035,,,0.096,-0.104,0.063,0.096,-0.012,-0.046,0.043,0.0,-0.014,0.0,0.014,0.013,0.29,0.0,,0.0,,,,,,,,,,0,,,,,,,,,,,,,,,,,,,,,1000.73,1000.74,,,,,,,,,1026.59,1026.59,1026.6,1026.6,1026.6,,,,,,,,,,,,,,,,,,,,,,,,,,,,,,,,,,,,,,T1,,,,,,,
55706,0.01,-0.227,,0.019,0.336,0.027,,,,,,,,,,,,,,,,,,,,,,,,,,,,,,,,,,,,,,,,,,,,,,,,,,,,,,,,,,,,,,,,,,,,,,-0.182,-0.066,0.104,-0.182,-0.067,-0.046,0.07,0.0,-0.013,0.0,0.006,0.013,-0.119,0.0,,0.0,,,,,,,,,,0,1643.42,1643.42,1643.44,,,,,,,,,,,,,,,,,,,,,,,,,,,,1646.1,1646.1,1646.11,1646.11,1646.11,,,,,,,,,,,,,,,,,,,,,,,,,,,,,,,,,,,,,,T1,,,,,,,
36434,,,,,,,,,,,,,,,,,,,,,,,,,,,-0.101,0.175,0.234,,,-0.095,,-0.041,,,,,,,,,,,,,,,,,,,,,,,,,,,,,,,,,,,,,,,,-0.036,-0.037,0.058,0.017,0.057,0.058,-0.031,-0.204,-0.011,0.0,-0.013,0.0,0.014,0.013,0.017,0.0,0.0,0.0,,,,,,,,,,0,,,,,,,,,,,702.29,702.3,702.3,,,,,,,,,,,,,,,,,734.57,739.12,739.12,739.13,739.13,739.13,739.15,,,,,,,,,,,,,,,,,T1,,,,,,,,,,,,,,,,,,,,T1,,,,,,,
4015,,,,,,,,,,-0.014,,0.502,,,,0.043,,,,,,,,,,,,,,,,,,,,,,,,,,,,,,,,,,,,,,,,,,,,,,,,,,,,,,,,,,,,-0.157,-0.085,0.104,-0.157,-0.067,-0.046,-0.119,0.0,-0.004,0.0,0.018,0.013,-0.074,0.0,0.0,0.0,,,,,,,,,,0,,,,,1552.09,,,,,,,,,,,,,,,,,,,,,,,,,,1559.01,1559.01,1559.01,1559.01,1559.01,1559.03,,,,,,,,,,,,,,,,,,,,,,,,,,,,,,,,,,,,,,,,,,,,
27514,-0.023,-0.206,,-0.081,-0.164,,0.016,-0.003,,,,,,,,,,,,,,,,,,,,,,,,,,,,,,,,,,,,,,,,,,,,,,,,,,,,,,,,,,,,,,,,,,,,0.084,0.119,0.082,0.084,0.133,-0.046,-0.011,0.0,-0.003,0.0,0.013,0.013,-0.074,0.0,0.0,0.0,,,,,,,,,,0,523.38,523.39,,,,,,,,,,,,,,,,,,,,,,,,,,,,,525.25,525.25,525.25,525.25,525.25,525.28,,,,,,,,,,,,,,,,,,,,,,,,,,,,,,,,,,,,,T1,,,,,,,
39787,,,,,,,,,,0.002,,0.253,-0.01,,,,-0.02,0.002,,,,,,,,,,,,,,,,,,,,,,,,,,,,,,,,,,,,,,,,,,,,,,,,,,,,,,,,,,-0.056,-0.079,0.082,-0.056,-0.055,0.059,-0.065,0.0,0.013,0.0,0.014,0.013,-0.165,0.0,0.0,0.0,,,,,,,,,,1,,,,,1327.8,,1327.83,,,,,,,,,,,,,,,,,,,,,,,,1331.06,1331.06,1331.06,1331.06,1331.06,1331.09,,,,,,,,,,,,,,,,,,,,,,,,,,,,,,,,,,,,,T1,,,,,,,
30597,-0.042,0.035,,0.019,,,,,-0.008,,,,,,,,,,,,,,,,,,,,,,,,,,,,,,,,,,,,,,,,,,,,,,,,,,,,,,,,,,,,,,,,,,,0.084,0.03,0.063,0.084,0.071,0.033,-0.011,0.0,0.008,0.0,0.013,0.013,0.017,0.0,0.0,0.0,,,,,,,,,,0,938.25,938.25,,938.29,,,,,,,,,,,,,,,,,,,,,,,,,,,942.98,942.98,942.98,942.98,942.98,943.01,,,,,,,,,,,,,,,,,,,,,,,,,,,,,,,,,,,,,,,,,,,,
10116,-0.049,-0.056,,0.019,-0.164,0.052,,,,,,,,,,,,,,,,,,,,,,,,,,,,,,,,,,,,,,,,,,,,,,,,,,,,,,,,,,,,,,,,,,,,,,0.055,-0.034,0.037,0.055,0.106,-0.072,,,,,0.011,0.013,0.017,0.0,,0.0,,,,,,,,,,0,268.09,268.09,268.12,,,,,,,,,,,,,,,,,,,,,,,,,,,,269.46,269.46,269.46,,269.46,,,,,,,,,,,,,,,,,,,,,,,,,,,,,,,,,,,,,,,,,,,,,
11899,,,,,,,,,,,,,,,,,,,,,,,,,,,,,,,,,,,,,,,,,,,,,,,,,,,0.0,0.01,,-0.005,,-0.157,,,,,,,,,,,,,,,-0.011,0.074,,,,0.109,-0.009,0.057,0.109,-0.016,-0.099,-0.011,0.0,0.012,0.0,0.013,0.013,-0.029,0.0,0.0,0.0,,,,,,,,,,0,,,,,,,,,,,,,,,,,,,,,680.76,,,,,,,,736.72,,739.26,739.26,739.26,739.26,739.26,739.28,,,,,,,,,,,,,,,,,,,,,,,,,,,,,,,,,,,,,T1,,,,,,,
25107,,,,,,,,,,0.014,-0.034,,-0.01,,,-0.056,,,,,,,,,,,,,,,,,,,,,,,,,,,,,,,,,,,,,,,,,,,,,,,,,,,,,,,,,-0.035,,,-0.056,-0.047,0.082,-0.056,0.012,0.27,-0.065,0.0,-0.012,0.0,0.016,0.013,-0.074,0.0,,0.0,,,,,,,,,,0,,,,,,,,,,,,,,,,,,,,,,,,,,,,,,,1350.26,1350.26,1350.26,1350.26,1350.26,,,,,,,,,,,,,,,,,,,,,,,,,,,,,,,,,,,,,,,,,,,,,
41434,,,,,,,,,,0.014,-0.034,,,,,,-0.013,0.002,,,,,,,,,,,,,,,,,,,,,,,,,,,,,,,,,,,,,,,,,,,,,,,,,,,,,,,,,,0.045,0.055,0.082,0.045,-0.043,0.112,0.043,0.0,0.013,0.0,0.016,0.013,0.017,0.0,,0.0,,,,,,,,,,0,,,,,,,1413.98,,,,,,,,,,,,,,,,,,,,,,,,1414.84,1414.84,1414.85,1414.85,1414.85,,,,,,,,,,,,,,,,,,,,,,,,,,,,,,,,,,,,,,T1,,,,,,,
49748,,,,,,,,,,-0.002,,-0.023,,,,,-0.014,-0.121,,,,,,,,,,,,,,,,,,,,,,,,,,,,,,,,,,,,,,,,,,,,,,,,,,,,,,,-0.035,,,-0.005,-0.047,0.063,-0.005,-0.027,0.164,-0.092,0.0,-0.012,0.0,0.008,0.013,0.108,0.0,0.0,0.0,,,,,,,,,,0,,,,,1261.8,,1261.82,,,,,,,,,,,,,,,,,,,,,,,,1266.36,1266.36,1266.36,1266.36,1266.36,1266.38,,,,,,,,,,,,,,,,,,,,,,,,,,,,,,,,,,,,,T1,,,,,,,
16387,-0.134,-0.121,,0.019,,0.051,,,,,,,,,,,,,,,,,,,,,,,,,,,,,,,,,,,,,,,,,,,,,,,,,,,,,,,,,,,,,,,,,,,,,,-0.106,-0.104,0.063,-0.106,-0.071,0.033,-0.173,0.0,-0.014,0.0,0.011,0.013,0.062,0.0,0.0,0.0,,,,,,,,,,0,1098.78,1098.78,1098.8,,,,,,,,,,,,,,,,,,,,,,,,,,,,1105.48,1105.48,1105.49,1105.49,1105.49,1105.51,,,,,,,,,,,,,,,,,,,,,,,,,,,,,,,,,,,,,T1,,,,,,,
13802,-0.023,0.056,,0.019,-0.164,0.133,,,,,,,,,,,,,,,,,,,,,,,,,,,,,,,,,,,,,,,,,,,,,,,,,,,,,,,,,,,,,,,,,,,,,,-0.004,-0.168,0.082,-0.004,0.027,-0.309,-0.011,0.0,-0.012,0.0,0.01,0.013,0.017,0.0,,0.0,,,,,,,,,,0,557.99,557.99,558.01,,,,,,,,,,,,,,,,,,,,,,,,,,,,559.11,559.11,559.11,559.11,559.11,,,,,,,,,,,,,,,,,,,,,,,,,,,,,,,,,,,,,,,,,,,,,
34315,,,,,,,,,,,,,,,,,,,,,,,,,,,,,,,,,,,,,,,,,,-0.053,,,-0.036,,0.025,-0.045,,,,,,,,,,,,,,,,,,,,,,,,,-0.035,,,-0.081,-0.149,0.063,-0.081,-0.02,-0.072,0.124,0.0,0.012,0.0,0.009,0.013,0.017,0.0,,0.0,,,,,,,,,,0,,,,,,,,,,,,,,,,,1003.57,1003.68,1003.69,,,,,,,,,,,,1037.63,1037.63,1037.63,1037.63,1037.63,,,,,,,,,,,,,,,,,,,,,,,,,,,,,,,,,,,,,,,,,,,,,
53981,-0.134,0.142,0.0,,,0.016,,,,,,,,,,,,,,,,,,,,,,,,,,,,,,,,,,,,,,,,,,,,,,,,,,,,,,,,,,,,,,,,,,,,,,0.205,0.233,-0.725,0.205,0.094,-0.178,,,,,0.016,0.013,-0.029,0.0,0.0,0.0,,,,,,,,,,0,15.67,,15.7,,,,,,,,,,,,,,,,,,,,,,,,,,,,21.68,21.68,21.69,,21.69,21.72,,,,,,,,,,,,,,,,,,,,,,,,,,,,,,,,,,,,,,,,,,,,
35085,0.043,0.158,,-0.081,,-0.071,,,,,,,,,,,,,,,,,,,,,,,,,,,,,,,,,,,,,,,,,,,,,,,,,,,,,,,,,,,,,,,,,,,,,,0.07,-0.085,0.082,0.07,0.059,0.112,-0.011,0.0,0.022,0.0,0.012,0.013,0.108,0.0,,0.0,,,,,,,,,,0,1364.33,1364.44,1364.46,,,,,,,,,,,,,,,,,,,,,,,,,,,,1366.73,1366.73,1366.73,1366.73,1366.73,,,,,,,,,,,,,,,,,,,,,,,,,,,,,,,,,,,,,,,,,,,,,
31135,,,,,,,,,,-0.014,-0.034,,,-0.007,0.212,,,,,,,,,,,,,,,,,,,,,,,,,,,,,,,,,,,,,,,,,,,,,,,,,,,,,,,,,,,,,-0.005,-0.142,0.063,-0.005,-0.039,0.112,-0.038,0.0,0.012,0.0,0.014,0.013,0.199,0.0,0.0,0.0,,,,,,,,,,0,,,,,,979.97,,,,,,,,,,,,,,,,,,,,,,,,,986.1,986.1,986.11,986.11,986.11,986.13,,,,,,,,,,,,,,,,,,,,,,,,,,,,,,,,,,,,,T1,,,,,,,
53475,,,,,,,,,,,,,,,,,,,,,,,,,,,,,,,,,,,-0.16,,,-0.298,-0.174,,-0.079,,,,,,,,,,,,,,,,,,,,,,,,,,,,,,-0.059,-0.101,,,,0.02,0.055,0.063,0.02,0.063,0.033,0.205,0.0,-0.003,0.0,0.013,0.013,0.199,0.0,,0.0,,,,,,,,,,0,,,,,,,,,,,,,,1192.25,,1192.27,,,,,,,,,,,,,1206.05,,1209.52,1209.52,1209.52,1209.52,1209.52,,,,,,,,,,,,,,,,,,,,,T1,,T1,,,,,,,,,,,,,,,T1,,,,,,,
17415,,,,,,,,,,,,,,,,,,,,,,,,,,,-0.086,0.319,,0.034,-0.073,0.023,,-0.051,,,,,,,,,,,,,,,,,,,,,,,,,,,,,,,,,,,,,,,-0.035,,,0.033,0.023,0.057,0.033,-0.039,0.007,-0.038,0.0,0.029,0.0,0.014,0.013,-0.165,0.0,0.0,0.0,,,,,,,,,,0,,,,,,,,,,,702.8,,702.8,,,,,,,,,,,,,,,,,,742.64,742.64,742.64,742.64,742.64,742.66,,,,,,,,,,,,,,,,,,,,,,,,,,,,,,,,,,,,,T1,,,,,,,
11686,0.088,0.056,,0.019,-0.164,,-0.017,0.0,,,,,,,,,,,,,,,,,,,,,,,,,,,,,,,,,,,,,,,,,,,,,,,,,,,,,,,,,,,,,,,,,,,,,,,,,,,,,,,,,,,,0.0,0.0,-0.023,-0.012,,0.175,0.0,0.069,0.0,0,1393.89,1393.89,,,,,,,,,,,,,,,,,,,,,,,,,,,,,,,,,,,1394.31,,1394.34,1394.34,,,,,,,,,,,,,,,,,,,,,,,,,,,,,,,,,,,,,,,,
2604,,,,,,,,,,0.002,-0.034,,,,,0.068,,,,,,,,,,,,,,,,,,,,,,,,,,,,,,,,,,,,,,,,,,,,,,,,,,,,,,,,,,,,-0.257,-0.028,0.037,-0.257,0.071,-0.257,,,,,0.014,0.013,-0.119,0.0,0.0,0.0,,,,,,,,,,0,,,,,,,,,,,,,,,,,,,,,,,,,,,,,,,252.24,252.24,252.25,,252.25,252.26,,,,,,,,,,,,,,,,,,,,,,,,,,,,,,,,,,,,,T1,,,,,,,
56525,0.043,0.099,0.0,,-0.164,,-0.027,0.001,,,,,,,,,,,,,,,,,,,,,,,,,,,,,,,,,,,,,,,,,,,,,,,,,,,,,,,,,,,,,,,,,,,,-0.085,0.055,-0.702,-0.085,,0.164,,,,,0.012,0.013,0.062,0.0,,0.0,,,,,,,,,,0,124.41,,,,,,,,,,,,,,,,,,,,,,,,,,,,,,131.34,131.34,131.35,,131.35,,,,,,,,,,,,,,,,,,,,,,,,,,,,,,,,,,,,,,,,,,,,,
33925,0.03,-0.158,0.0,,0.336,0.056,,,,,,,,,,,,,,,,,,,,,,,,,,,,,,,,,,,,,,,,,,,,,,,,,,,,,,,,,,,,,,,,,,,,,,0.02,-0.002,0.104,0.02,-0.059,0.191,-0.065,0.0,0.012,0.0,0.01,0.013,0.062,0.0,,0.0,,,,,,,,,,1,1642.44,,1642.47,,,,,,,,,,,,,,,,,,,,,,,,,,,,1644.24,1644.24,1644.24,1644.24,1644.24,,,,,,,,,,,,,,,,,,,,,,,,,,,,,,,,,,,,,,T1,,,,,,,
26605,0.108,0.088,0.0,,,0.067,,,,,,,,,,,,,,,,,,,,,,,,,,,,,,,,,,,,,,,,,,,,,,,,,,,,,,,,,,,,,,,,,,,,,,0.058,-0.021,0.057,0.058,-0.02,-0.02,0.016,0.0,0.031,0.0,0.016,0.013,0.108,0.0,0.0,0.0,,,,,,,,,,0,836.09,,836.12,,,,,,,,,,,,,,,,,,,,,,,,,,,,838.99,838.99,838.99,838.99,838.99,839.02,,,,,,,,,,,,,,,,,,,,,,,,,,,,,,,,,,,,,T1,,,,,,,
56380,-0.068,-0.153,,0.019,,,,,0.008,,,,,,,,,,,,,,,,,,,,,,,,,,,,,,,,,,,,,,,,,,,,,,,,,,,,,,,,,,,,,,,,,,,,,,,,,,,,,,,,,,,0.0,0.0,-0.039,-0.034,,0.011,0.0,-0.331,0.0,0,1431.57,1431.57,,1431.66,,,,,,,,,,,,,,,,,,,,,,,,,,,,,,,,,1432.47,,1432.5,1432.51,,,,,,,,,,,,,,,,,,,,,,,,,,,,,,,,,,,,,,,,
38687,-0.036,0.088,,-0.081,-0.164,-0.047,,,,,,,,,,,,,,,,,,,,,,,,,,,,,,,,,,,,,,,,,,,,,,,,,,,,,,,,,,,,,,,,,,,,,,0.146,-0.053,0.082,0.146,0.039,0.112,-0.038,0.0,0.022,0.0,0.013,0.013,0.108,0.0,,0.0,,,,,,,,,,0,1361.82,1361.83,1361.85,,,,,,,,,,,,,,,,,,,,,,,,,,,,1363.62,1363.62,1363.62,1363.62,1363.62,,,,,,,,,,,,,,,,,,,,,,,,,,,,,,,,,,,,,,,,,,,,,
14187,-0.16,-0.153,0.0,,,,,,0.07,,,,,,,,,,,,,,,,,,,,,,,,,,,,,,,,,,,,,,,,,,,,,,,,,,,,,,,,,,,,,,,,,,,-0.132,-0.021,0.104,-0.132,-0.071,0.138,0.151,0.0,-0.004,0.0,0.012,0.013,-0.119,0.0,0.0,0.0,,,,,,,,,,0,1584.78,,,1584.81,,,,,,,,,,,,,,,,,,,,,,,,,,,1591.81,1591.81,1591.81,1591.81,1591.81,1591.83,,,,,,,,,,,,,,,,,,,,,,,,,,,,,,,,,,,,,T1,,,,,,,
42478,0.036,-0.067,,0.019,0.336,0.003,,,,,,,,,,,,,,,,,,,,,,,,,,,,,,,,,,,,,,,,,,,,,,,,,,,,,,,,,,,,,,,,,,,-0.035,,,0.058,0.106,0.057,0.058,-0.031,0.112,-0.011,0.0,0.003,0.0,0.019,0.013,-0.029,0.0,0.0,0.0,,,,,,,,,,0,889.54,889.54,889.56,,,,,,,,,,,,,,,,,,,,,,,,,,,,895.88,895.88,895.89,895.89,895.89,895.91,,,,,,,,,,,,,,,,,,,,,,,,,,,,,,,,,,,,,T1,,,,,,,
31310,0.095,0.083,,0.019,0.336,,,,-0.001,,,,,,,,,,,,,,,,,,,,,,,,,,,,,,,,,,,,,,,,,,,,,,,,,,,,,,,,,,,,,,,,-0.035,,,0.096,-0.053,0.063,0.096,0.059,0.059,-0.038,0.0,-0.004,0.0,0.016,0.013,0.062,0.0,,0.0,,,,,,,,,,0,976.42,976.42,,976.45,,,,,,,,,,,,,,,,,,,,,,,,,,,979.76,979.76,979.78,979.78,979.78,,,,,,,,,,,,,,,,,,,,,,,,,,,,,,,,,,,,,,T1,,,,,,,
20282,0.036,0.158,0.0,,,-0.012,,,,,,,,,,,,,,,,,,,,,,,,,,,,,,,,,,,,,,,,,,,,,,,,,,,,,,,,,,,,,,,,,,,,,,0.02,-0.009,0.063,0.02,0.067,-0.02,-0.011,0.0,-0.013,0.0,0.017,0.013,-0.074,0.0,,0.0,,,,,,,,,,0,970.02,,970.04,,,,,,,,,,,,,,,,,,,,,,,,,,,,971.41,971.41,971.41,971.41,971.41,,,,,,,,,,,,,,,,,,,,,,,,,,,,,,,,,,,,,,T1,,,,,,,
55221,-0.088,-0.104,,0.119,,,,,-0.037,,,,,,,,,,,,,,,,,,,,,,,,,,,,,,,,,,,,,,,,,,,,,,,,,,,,,,,,,,,,,,,,,,,0.045,-0.015,0.063,0.045,-0.043,-0.046,-0.038,0.0,-0.014,0.0,0.017,0.013,0.153,0.0,,0.0,,,,,,,,,,0,1095.99,1095.99,,1096.02,,,,,,,,,,,,,,,,,,,,,,,,,,,1097.48,1097.48,1097.48,1097.48,1097.48,,,,,,,,,,,,,,,,,,,,,,,,,,,,,,,,,,,,,,T1,,,,,,,
43957,0.095,-0.056,,0.119,-0.164,,,,0.006,,,,,,,,,,,,,,,,,,,,,,,,,,,,,,,,,,,,,,,,,,,,,,,,,,,,,,,,,,,,,,,,,,,0.109,0.081,0.057,0.109,-0.031,0.033,-0.065,0.0,-0.005,0.0,0.012,0.013,0.108,0.0,,0.0,,,,,,,,,,0,828.18,828.18,,828.2,,,,,,,,,,,,,,,,,,,,,,,,,,,836.5,836.5,836.5,836.5,836.5,,,,,,,,,,,,,,,,,,,,,,,,,,,,,,,,,,,,,,T1,,,,,,,
29735,,,,,,,,,,,,,,,,,,,,,,,,,,,,,,,,,,,-0.145,,,0.467,,0.094,-0.085,,,,,,,,,,,,,,,,,,,,,,,,,,,,,,,,-0.035,,,0.02,-0.085,0.063,0.02,-0.012,0.033,0.043,0.0,-0.013,0.0,0.018,0.013,0.108,0.0,,0.0,,,,,,,,,,0,,,,,,,,,,,,,,961.28,,,,,,,,,,,,,,,,,987.3,987.3,987.3,987.3,987.3,,,,,,,,,,,,,,,,,,,,,T1,,T1,,,,,,,,,,,,,,,T1,,,,,,,
38251,0.036,0.125,0.0,,-0.164,0.104,,,,,,,,,,,,,,,,,,,,,,,,,,,,,,,,,,,,,,,,,,,,,,,,,,,,,,,,,,,,,,,,,,,,,,0.029,0.004,0.037,0.029,-0.008,-0.23,,,,,0.011,0.013,-0.029,0.0,,0.0,,,,,,,,,,0,351.94,,351.97,,,,,,,,,,,,,,,,,,,,,,,,,,,,352.7,352.7,352.71,,352.71,,,,,,,,,,,,,,,,,,,,,,,,,,,,,,,,,,,,,,T1,,,,,,,
37607,,,,,,,,,,,,,,,,,,,,,,,,,,,,,,,,,,,-0.248,,,0.101,0.18,,0.02,,,,,,,,,,,,,,,,,,,,,,,,,,,,,,0.192,0.149,,,,0.084,-0.021,0.057,0.084,-0.016,0.164,-0.011,0.0,0.031,0.0,0.017,0.013,-0.21,0.0,,0.0,,,,,,,,,,0,,,,,,,,,,,,,,794.9,,794.91,,,,,,,,,,,,,796.04,,804.3,804.3,804.31,804.31,804.31,,,,,,,,,,,,,,,,,,,,,T1,,T1,,,,,,,,,,,,,,,T1,,,,,,,
30836,,,,,,,,,,0.018,,0.017,-0.01,,,0.077,,,,,,,,,,,,,,,,,,,,,,,,,,,,,,,,,,,,,,,,,,,,,,,,,,,,,,,,,,,,-0.132,-0.021,0.082,-0.132,-0.067,-0.046,0.26,0.0,-0.003,0.0,0.012,0.013,-0.029,0.0,,0.0,,,,,,,,,,0,,,,,1309.67,,,,,,,,,,,,,,,,,,,,,,,,,,1313.85,1313.85,1313.86,1313.86,1313.86,,,,,,,,,,,,,,,,,,,,,,,,,,,,,,,,,,,,,,,,,,,,,
28743,0.049,0.083,,0.019,,,0.109,-0.002,,,,,,,,,,,,,,,,,,,,,,,,,,,,,,,,,,,,,,,,,,,,,,,,,,,,,,,,,,,,,,,,,,,,0.218,0.1,-0.029,0.218,,-0.072,,,,,0.009,0.013,0.108,0.0,,0.0,,,,,,,,,,0,185.22,185.22,,,,,,,,,,,,,,,,,,,,,,,,,,,,,185.89,185.89,185.89,,185.89,,,,,,,,,,,,,,,,,,,,,,,,,,,,,,,,,,,,,,T1,,,,,,,
26379,0.088,0.056,0.0,,-0.164,-0.074,,,,,,,,,,,,,,,,,,,,,,,,,,,,,,,,,,,,,,,,,,,,,,,,,,,,,,,,,,,,,,,,,,,,,,-0.056,0.023,0.082,-0.056,-0.082,0.007,0.07,0.0,-0.012,0.0,0.009,0.013,,,,0.0,,,,,,,,,,1,1426.75,,1426.79,,,,,,,,,,,,,,,,,,,,,,,,,,,,1427.94,1427.94,1427.94,1427.94,1427.94,,,,,,,,,,,,,,,,,,,,,,,,,,,,,,,,,,,,,,,,,,,,,
23627,,,,,,,,,,,,,,,,,,,,,,,,,,,,,,,,,,,0.175,-0.008,-0.022,,,-0.075,0.094,,,,,,,,,,,,,,,,,,,,,,,,,,,,,,0.192,0.008,,,,0.033,-0.002,0.057,0.033,-0.004,0.007,-0.011,0.0,-0.004,0.0,0.017,0.013,-0.029,0.0,,0.0,,,,,,,,,,0,,,,,,,,,,,,,,744.83,744.85,,,,,,,,,,,,,,769.9,,772.27,772.27,772.27,772.27,772.27,,,,,,,,,,,,,,,,,,,,,T1,,,,,,,,,,,,,,,,,T1,,,,,,,
6966,0.121,0.184,0.0,,,,-0.011,-0.001,,,,,,,,,,,,,,,,,,,,,,,,,,,,,,,,,,,,,,,,,,,,,,,,,,,,,,,,,,,,,,,,,,,,-0.106,0.049,0.082,-0.106,-0.082,-0.02,-0.038,0.0,-0.012,0.0,0.007,0.013,0.017,0.0,0.0,0.0,,,,,,,,,,0,1430.34,,,,,,,,,,,,,,,,,,,,,,,,,,,,,,1431.87,1431.87,1431.87,1431.87,1431.87,1431.89,,,,,,,,,,,,,,,,,,,,,,,,,,,,,,,,,,,,,,,,,,,,
39698,,,,,,,,,,,,,,,,,,,,,,,,,,,,,,,,,,,0.008,-0.008,-0.051,,-0.011,,-0.038,,,,,,,,,,,,,,,,,,,,,,,,,,,,,,-0.198,0.038,,,,0.008,0.087,0.057,0.008,-0.035,0.138,-0.011,0.0,-0.004,0.0,0.014,0.013,-0.074,0.0,,0.0,,,,,,,,,,0,,,,,,,,,,,,,,763.06,763.07,763.08,,,,,,,,,,,,,774.31,,778.61,778.61,778.61,778.61,778.61,,,,,,,,,,,,,,,,,,,,,T1,,,,,,,,,,,,,,,,,T1,,,,,,,
14209,0.043,0.061,,0.019,0.336,,,,0.005,,,,,,,,,,,,,,,,,,,,,,,,,,,,,,,,,,,,,,,,,,,,,,,,,,,,,,,,,,,,,,,,,,,-0.081,-0.091,0.063,-0.081,-0.027,0.112,0.07,0.0,-0.012,0.0,0.008,0.013,0.062,0.0,0.0,0.0,,,,,,,,,,0,1262.59,1262.6,,1262.61,,,,,,,,,,,,,,,,,,,,,,,,,,,1266.97,1266.97,1266.97,1266.97,1266.97,1266.99,,,,,,,,,,,,,,,,,,,,,,,,,,,,,,,,,,,,,T1,,,,,,,
28453,,,,,,,,,,,,,,,,,,,,,,,,,,,,,,,,,,,,,,,,,,,,,,,,,,,0.001,-0.003,,0.002,,0.322,,,,,,,,,,,,,,,-0.144,-0.066,,,,-0.056,0.042,0.063,-0.056,-0.027,-0.02,0.097,0.0,-0.012,0.0,-0.969,-0.987,-0.074,0.0,,0.0,,,,,,,,,,0,,,,,,,,,,,,,,,,,,,,,1157.73,,,,,,,,1176.12,,1182.14,1182.14,1182.17,1182.17,1182.17,,,,,,,,,,,,,,,,,,,,,,,,,,,,,,,,,,,,,,T1,,,,,,,
51426,,,,,,,,,,,,,,,,,,,,,,,,,,,,,,,,,,,0.061,,,0.058,,0.027,0.029,,,,,,,,,,,,,,,,,,,,,,,,,,,,,,,,,,,0.146,-0.117,0.082,0.146,0.039,-0.046,,,,,0.013,0.013,0.062,0.0,0.0,0.0,,,,,,,,,,0,,,,,,,,,,,,,,456.42,,,,,,,,,,,,,,,,,493.69,493.69,493.7,,493.7,493.72,,,,,,,,,,,,,,,,,,,,T1,,T1,,,,,,,,,,,,,,,,,,,,,,
21591,0.016,0.077,0.0,-0.081,,0.12,,,,,,,,,,,,,,,,,,,,,,,,,,,,,,,,,,,,,,,,,,,,,,,,,,,,,,,,,,,,,,,,,,,,,,0.092,-0.072,-0.702,0.092,0.082,-0.046,,,,,0.011,0.013,0.108,0.0,,0.0,,,,,,,,,,0,80.54,80.88,80.9,,,,,,,,,,,,,,,,,,,,,,,,,,,,87.18,87.18,87.19,,87.19,,,,,,,,,,,,,,,,,,,,,,,,,,,,,,,,,,,,,,T1,,,,,,,
35072,,,,,,,,,,,,,,,,,,,,,,,,,,,,,,,,,,,-0.132,,,0.043,-0.038,,-0.023,,,,,,,,,,,,,,,,,,,,,,,,,,,,,,0.229,-0.016,,,,-0.207,-0.002,0.063,-0.207,-0.016,-0.02,-0.011,0.0,-0.013,0.0,0.018,0.013,-0.074,0.0,,0.0,,,,,,,,,,1,,,,,,,,,,,,,,977.52,,977.54,,,,,,,,,,,,,991.35,,994.23,994.23,994.23,994.23,994.23,,,,,,,,,,,,,,,,,,,,,T1,,T1,,,,,,,,,,,,,,,T1,,,,,,,
32590,,,,,,,,,,0.01,0.166,,-0.01,,,0.023,,,,,,,,,,,,,,,,,,,,,,,,,,,,,,,,,,,,,,,,,,,,,,,,,,,,,,,,,,,,-0.081,-0.091,0.063,-0.081,0.02,-0.02,0.07,0.0,-0.004,0.0,-0.969,-0.987,0.017,0.0,0.0,0.0,,,,,,,,,,0,,,,,,,,,,,,,,,,,,,,,,,,,,,,,,,1148.04,1148.04,1148.1,1148.1,1148.1,1148.11,,,,,,,,,,,,,,,,,,,,,,,,,,,,,,,,,,,,,T1,,,,,,,
17769,0.016,0.158,0.0,,,-0.026,,,,,,,,,,,,,,,,,,,,,,,,,,,,,,,,,,,,,,,,,,,,,,,,,,,,,,,,,,,,,,,,,,,,,,0.055,-0.06,0.037,0.055,0.078,-0.046,,,,,0.011,0.013,0.062,0.0,,0.0,,,,,,,,,,0,270.79,,270.83,,,,,,,,,,,,,,,,,,,,,,,,,,,,271.28,271.28,271.28,,271.28,,,,,,,,,,,,,,,,,,,,,,,,,,,,,,,,,,,,,,,,,,,,,
41482,0.036,0.131,,0.019,0.336,,,,-0.086,,,,,,,,,,,,,,,,,,,,,,,,,,,,,,,,,,,,,,,,,,,,,,,,,,,,,,,,,,,,,,,,,,,-0.005,-0.091,0.063,-0.005,-0.035,0.112,-0.038,0.0,-0.001,0.0,0.013,0.013,0.062,0.0,0.0,0.0,,,,,,,,,,0,1125.78,1125.78,,1125.81,,,,,,,,,,,,,,,,,,,,,,,,,,,1127.43,1127.43,1127.44,1127.44,1127.44,1127.46,,,,,,,,,,,,,,,,,,,,,,,,,,,,,,,,,,,,,,,,,,,,
39292,,,,,,,,,,,,,,,,,,,,,,,,,,,,,,,,,,,0.173,,,0.278,-0.12,,0.024,,,,,,,,,,,,,,,,,,,,,,,,,,,,,,0.194,-0.048,,,,0.02,-0.009,0.063,0.02,-0.067,0.033,-0.011,0.0,0.022,0.0,0.012,0.013,0.153,0.0,0.0,0.0,,,,,,,,,,0,,,,,,,,,,,,,,1157.81,,1157.84,,,,,,,,,,,,,1175.15,,1179.26,1179.26,1179.27,1179.27,1179.27,1179.29,,,,,,,,,,,,,,,,,,,,T1,,T1,,,,,,,,,,,,,,,T1,,,,,,,
38828,-0.049,-0.088,0.0,,,,-0.016,-0.001,,,,,,,,,,,,,,,,,,,,,,,,,,,,,,,,,,,,,,,,,,,,,,,,,,,,,,,,,,,,,,,,,,,,-0.132,-0.034,0.082,-0.132,-0.051,0.112,0.016,0.0,-0.003,0.0,0.012,0.013,-0.301,0.0,0.0,0.0,,,,,,,,,,0,1393.76,,,,,,,,,,,,,,,,,,,,,,,,,,,,,,1395.37,1395.37,1395.37,1395.37,1395.37,1395.39,,,,,,,,,,,,,,,,,,,,,,,,,,,,,,,,,,,,,T1,,,,,,,
35225,,,,,,,,,,-0.002,,0.205,,,,,0.02,0.186,,,,,,,,,,,,,,,,,,,,,,,,,,,,,,,,,,,,,,,,,,,,,,,,,,,,,,,,,,0.23,-0.002,-0.702,0.23,,-0.099,,,,,0.012,0.013,0.017,0.0,0.0,0.0,,,,,,,,,,0,,,,,72.18,,72.22,,,,,,,,,,,,,,,,,,,,,,,,73.94,73.94,73.94,,73.94,73.96,,,,,,,,,,,,,,,,,,,,,,,,,,,,,,,,,,,,,T1,,,,,,,
10445,,,,,,,,,,,,,,,,,,,,,,,,,,,,,,,,,,,,,,,,,,0.062,,,-0.027,,0.01,-0.086,,,,,,,,,,,,,,,,,,,,,,,,,-0.035,,,-0.056,-0.161,0.063,-0.056,-0.059,0.217,-0.119,0.0,-0.013,0.0,0.017,0.013,0.062,0.0,0.0,0.0,,,,,,,,,,0,,,,,,,,,,,,,,,,,1031.97,1032.09,1032.09,,,,,,,,,,,,1064.19,1064.19,1064.2,1064.2,1064.2,1064.21,,,,,,,,,,,,,,,,,,,,,,,,,,,,,,,,,,,,,T1,,,,,,,
38909,,,,,,,,,,0.01,0.066,,,-0.007,-0.04,,,,,,,,,,,,,,,,,,,,,,,,,,,,,,,,,,,,,,,,,,,,,,,,,,,,,,,,,,,,,-0.106,-0.066,0.082,-0.106,-0.067,0.454,-0.065,0.0,-0.003,0.0,0.014,0.013,-0.256,0.0,,0.0,,,,,,,,,,0,,,,,,1411.88,,,,,,,,,,,,,,,,,,,,,,,,,1412.49,1412.49,1412.49,1412.49,1412.49,,,,,,,,,,,,,,,,,,,,,,,,,,,,,,,,,,,,,,,,,,,,,
47522,,,,,,,,,,0.022,,0.31,-0.01,,,-0.588,-0.042,-0.029,,,,,,,,,,,,,,,,,,,,,,,,,,,,,,,,,,,,,,,,,,,,,,,,,,,,,,,,,,-0.056,-0.028,0.082,-0.056,-0.047,-0.046,-0.092,0.0,0.013,0.0,0.016,0.013,0.017,0.0,,0.0,,,,,,,,,,0,,,,,1289.01,,1289.11,,,,,,,,,,,,,,,,,,,,,,,,1290.98,1290.98,1290.99,1290.99,1290.99,,,,,,,,,,,T16777557,,,,,,,,,,,,,,,,,,,,,,,,,,,,,,,,,,
48907,-0.029,0.152,,0.019,-0.164,,0.024,0.001,,,,,,,,,,,,,,,,,,,,,,,,,,,,,,,,,,,,,,,,,,,,,,,,,,,,,,,,,,,,,,,,,,,,0.096,-0.079,0.063,0.096,0.012,0.033,0.097,0.0,0.012,0.0,0.01,0.013,0.153,0.0,,0.0,,,,,,,,,,0,972.01,972.01,,,,,,,,,,,,,,,,,,,,,,,,,,,,,973.96,973.96,973.96,973.96,973.96,,,,,,,,,,,,,,,,,,,,,,,,,,,,,,,,,,,,,,T1,,,,,,,
24387,,,,,,,,,,-0.01,-0.034,,,0.021,0.061,,,,,,,,,,,,,,,,,,,,,,,,,,,,,,,,,,,,,,,,,,,,,,,,,,,,,,,,,,,,,0.084,0.144,0.101,0.084,-0.012,-0.151,-0.092,0.0,-0.012,0.0,0.013,0.013,,0.0,,0.0,,,,,,,,,,1,,,,,,675.24,,,,,,,,,,,,,,,,,,,,,,,,,677.39,677.39,677.39,677.39,677.39,,,,,,,,,,,,,,,,,,,,,,,,,,,,,,,,,,,,,,T1,,,,,,,
55358,-0.068,0.093,,-0.081,-0.164,,,,0.016,,,,,,,,,,,,,,,,,,,,,,,,,,,,,,,,,,,,,,,,,,,,,,,,,,,,,,,,,,,,,,,,,,,-0.055,-0.028,0.082,-0.055,0.008,-0.02,-0.119,0.0,0.013,0.0,0.01,0.013,0.017,0.0,0.0,0.0,,,,,,,,,,0,558.18,558.19,,558.22,,,,,,,,,,,,,,,,,,,,,,,,,,,559.28,559.28,559.28,559.28,559.28,559.31,,,,,,,,,,,,,,,,,,,,,,,,,,,,,,,,,,,,,T1,,,,,,,
50715,0.043,0.019,,-0.081,,0.105,,,,,,,,,,,,,,,,,,,,,,,,,,,,,,,,,,,,,,,,,,,,,,,,,,,,,,,,,,,,,,,,,,,,,,-0.004,-0.04,0.082,-0.004,0.008,-0.151,-0.119,0.0,0.022,0.0,0.011,0.013,0.017,0.0,0.0,0.0,,,,,,,,,,0,539.09,539.09,539.12,,,,,,,,,,,,,,,,,,,,,,,,,,,,550.68,550.68,550.68,550.68,550.68,550.71,,,,,,,,,,,,,,,,,,,,,,,,,,,,,,,,,,,,,T1,,,,,,,
31777,-0.003,-0.072,,0.019,-0.164,,-0.059,0.001,,,,,,,,,,,,,,,,,,,,,,,,,,,,,,,,,,,,,,,,,,,,,,,,,,,,,,,,,,,,,,,,,,,,-0.106,-0.072,0.063,-0.106,0.0,0.191,-0.038,0.0,-0.012,0.0,0.011,0.013,-0.119,0.0,,0.0,,,,,,,,,,0,1226.18,1226.18,,,,,,,,,,,,,,,,,,,,,,,,,,,,,1238.02,1238.02,1238.02,1238.02,1238.02,,,,,,,,,,,,,,,,,,,,,,,,,,,,,,,,,,,,,,,,,,,,,
36475,,,,,,,,,,,,,,,,,,,,,,,,,,,,,,,,,,,0.016,,,-0.316,,-0.108,0.028,,,,,,,,,,,,,,,,,,,,,,,,,,,,,,0.146,0.113,,,,-0.031,-0.015,0.063,-0.031,-0.055,0.27,0.016,0.0,-0.014,0.0,0.018,0.013,0.017,0.0,,0.0,,,,,,,,,,0,,,,,,,,,,,,,,1053.57,,,,,,,,,,,,,,,1077.66,,1079.85,1079.85,1079.86,1079.86,1079.86,,,,,,,,,,,,,,,,,,,,,T1,,T1,,,,,,,,,,,,,,,T1,,,,,,,
58438,0.056,-0.072,0.0,,,0.054,,,,,,,,,,,,,,,,,,,,,,,,,,,,,,,,,,,,,,,,,,,,,,,,,,,,,,,,,,,,,,,,,,,,,,-0.173,0.017,0.037,-0.173,0.071,-0.151,,,,,0.012,0.013,0.017,0.0,,0.0,,,,,,,,,,0,290.18,,290.22,,,,,,,,,,,,,,,,,,,,,,,,,,,,296.72,296.72,296.72,,296.72,,,,,,,,,,,,,,,,,,,,,,,,,,,,,,,,,,,,,,T1,,,,,,,
53924,-0.023,-0.072,,0.019,0.336,,,,0.156,,,,,,,,,,,,,,,,,,,,,,,,,,,,,,,,,,,,,,,,,,,,,,,,,,,,,,,,,,,,,,,,,,,0.117,0.1,-0.029,0.117,0.059,0.112,,,,,0.011,0.013,0.108,0.0,,0.0,,,,,,,,,,0,186.52,186.53,,186.56,,,,,,,,,,,,,,,,,,,,,,,,,,,188.05,188.05,188.06,,188.06,,,,,,,,,,,,,,,,,,,,,,,,,,,,,,,,,,,,,,T1,,,,,,,
7636,0.141,0.002,0.0,,-0.164,,,,-0.025,,,,,,,,,,,,,,,,,,,,,,,,,,,,,,,,,,,,,,,,,,,,,,,,,,,,,,,,,,,,,,,,,,,0.033,0.004,0.057,0.033,0.004,-0.072,-0.119,0.0,-0.004,0.0,0.012,0.013,-0.074,0.0,0.0,0.0,,,,,,,,,,0,695.05,,,695.09,,,,,,,,,,,,,,,,,,,,,,,,,,,702.2,702.2,702.2,702.2,702.2,702.22,,,,,,,,,,,,,,,,,,,,,,,,,,,,,,,,,,,,,T1,,,,,,,
22880,,,,,,,,,,0.002,,0.059,,,,0.014,,,,,,,,,,,,,,,,,,,,,,,,,,,,,,,,,,,,,,,,,,,,,,,,,,,,,,,,,,,,0.18,-0.13,-0.657,0.18,,0.138,,,,,0.011,0.013,0.108,0.0,0.0,0.0,,,,,,,,,,0,,,,,37.96,,,,,,,,,,,,,,,,,,,,,,,,,,44.79,44.79,44.79,,44.79,44.81,,,,,,,,,,,,,,,,,,,,,,,,,,,,,,,,,,,,,,,,,,,,
7689,0.095,-0.035,0.0,,-0.164,,,,-0.139,,,,,,,,,,,,,,,,,,,,,,,,,,,,,,,,,,,,,,,,,,,,,,,,,,,,,,,,,,,,,,,,,,,0.008,-0.161,0.057,0.008,-0.004,-0.072,0.016,0.0,-0.012,0.0,0.011,0.013,-0.029,0.0,,0.0,,,,,,,,,,0,634.17,,,634.2,,,,,,,,,,,,,,,,,,,,,,,,,,,636.87,636.87,636.87,636.87,636.87,,,,,,,,,,,,,,,,,,,,,,,,,,,,,,,,,,,,,,,,,,,,,
15762,-0.023,-0.083,0.0,,,,,,0.054,,,,,,,,,,,,,,,,,,,,,,,,,,,,,,,,,,,,,,,,,,,,,,,,,,,,,,,,,,,,,,,,,,,-0.009,-0.136,-0.702,-0.009,,-0.072,,,,,0.008,0.013,0.108,0.0,0.0,0.0,,,,,,,,,,0,133.82,,,133.85,,,,,,,,,,,,,,,,,,,,,,,,,,,137.43,137.43,137.44,,137.44,137.48,,,,,,,,,,,,,,,,,,,,,,,,,,,,,,,,,,,,,T1,,,,,,,
20795,-0.01,-0.072,,0.019,0.336,,-0.034,0.003,,,,,,,,,,,,,,,,,,,,,,,,,,,,,,,,,,,,,,,,,,,,,,,,,,,,,,,,,,,,,,,,,,,,0.045,-0.009,0.063,0.045,0.055,0.112,-0.092,0.0,-0.001,0.0,0.011,0.013,0.062,0.0,,0.0,,,,,,,,,,0,1115.15,1115.16,,,,,,,,,,,,,,,,,,,,,,,,,,,,,1121.9,1121.9,1121.9,1121.9,1121.9,,,,,,,,,,,,,,,,,,,,,,,,,,,,,,,,,,,,,,T1,,,,,,,
45160,,,,,,,,,,,,,,,,,,,,,,,,,,,,,,,,,,,0.091,-0.008,-0.072,,,0.04,-0.008,,,,,,,,,,,,,,,,,,,,,,,,,,,,,,-0.214,-0.07,,,,0.16,-0.021,0.057,0.16,0.043,0.033,0.043,0.0,0.029,0.0,0.012,0.013,0.017,0.0,,0.0,,,,,,,,,,0,,,,,,,,,,,,,,672.22,672.23,,,,,,,,,,,,,,707.32,,711.14,711.14,711.15,711.15,711.15,,,,,,,,,,,,,,,,,,,,,T1,,,,,,,,,,,,,,,,,,,,,,,,
50849,,,,,,,,,,-0.01,,0.31,-0.01,0.053,0.194,,,,,,,,,,,,,,,,,,,,,,,,,,,,,,,,,,,,,,,,,,,,,,,,,,,,,,,,,,,,,0.21,0.023,0.057,0.21,-0.012,0.007,0.07,0.0,-0.013,0.0,0.016,0.013,0.199,0.0,,0.0,,,,,,,,,,0,,,,,885.95,885.97,,,,,,,,,,,,,,,,,,,,,,,,,888.99,888.99,888.99,888.99,888.99,,,,,,,,,,,,,,,,,,,,,,,,,,,,,,,,,,,,,,T1,,,,,,,
52844,,,,,,,,,,,,,,,,,,,,,,,,,,,,,,,,,,,-0.183,,,0.008,0.035,,0.057,,,,,,,,,,,,,,,,,,,,,,,,,,,,,,0.034,0.073,,,,0.058,0.055,0.057,0.058,-0.024,-0.125,-0.065,0.0,-0.013,0.0,0.014,0.013,-0.119,0.0,0.0,0.0,,,,,,,,,,0,,,,,,,,,,,,,,792.16,,792.17,,,,,,,,,,,,,793.82,,796.37,796.37,796.37,796.37,796.37,796.39,,,,,,,,,,,,,,,,,,,,T1,,T1,,,,,,,,,,,,,,,T1,,,,,,,
39653,-0.036,-0.104,0.0,,,,,,0.064,,,,,,,,,,,,,,,,,,,,,,,,,,,,,,,,,,,,,,,,,,,,,,,,,,,,,,,,,,,,,,,,,,,-0.147,-0.06,0.037,-0.147,0.094,-0.02,,,,,0.014,0.013,0.199,0.0,0.0,0.0,,,,,,,,,,1,288.61,,,288.64,,,,,,,,,,,,,,,,,,,,,,,,,,,291.66,291.66,291.66,,291.66,291.69,,,,,,,,,,,,,,,,,,,,,,,,,,,,,,,,,,,,,,,,,,,,
45290,,,,,,,,,,0.002,-0.034,,-0.01,-0.01,0.032,,,,,,,,,,,,,,,,,,,,,,,,,,,,,,,,,,,,,,,,,,,,,,,,,,,,,,,,0.155,-0.101,,,,0.18,-0.066,-0.702,0.18,,-0.099,,,,,-0.969,-0.987,-0.119,0.0,,0.0,,,,,,,,,,0,,,,,,38.29,,,,,,,,,,,,,,,,,,,,,,,38.4,,45.52,45.52,45.62,,45.62,,,,,,,,,,,,,,,,,,,,,,,,,,,,,,,,,,,,,,T1,,,,,,,
29231,0.01,0.109,0.0,,-0.164,,,,-0.025,,,,,,,,,,,,,,,,,,,,,,,,,,,,,,,,,,,,,,,,,,,,,,,,,,,,,,,,,,,,,,,,,,,0.084,0.004,0.057,0.084,0.067,-0.072,-0.092,0.0,0.012,0.0,0.016,0.013,-0.029,0.0,0.0,0.0,,,,,,,,,,0,704.44,,,704.46,,,,,,,,,,,,,,,,,,,,,,,,,,,706.88,706.88,706.89,706.89,706.89,706.9,,,,,,,,,,,,,,,,,,,,,,,,,,,,,,,,,,,,,T1,,,,,,,
23897,-0.01,0.035,0.0,,,-0.057,,,,,,,,,,,,,,,,,,,,,,,,,,,,,,,,,,,,,,,,,,,,,,,,,,,,,,,,,,,,,,,,,,,,,,-0.232,-0.034,0.037,-0.232,-0.008,-0.151,,,,,0.017,0.013,-0.029,0.0,,0.0,,,,,,,,,,1,263.2,,263.23,,,,,,,,,,,,,,,,,,,,,,,,,,,,263.43,263.43,263.44,,263.44,,,,,,,,,,,,,,,,,,,,,,,,,,,,,,,,,,,,,,T1,,,,,,,
57503,0.062,0.168,0.0,,,,,,-0.041,,,,,,,,,,,,,,,,,,,,,,,,,,,,,,,,,,,,,,,,,,,,,,,,,,,,,,,,,,,,,,,,,,,0.02,-0.066,0.063,0.02,-0.035,0.217,-0.011,0.0,-0.004,0.0,0.014,0.013,0.153,0.0,,0.0,,,,,,,,,,0,1143.64,,,1143.68,,,,,,,,,,,,,,,,,,,,,,,,,,,1145.18,1145.18,1145.19,1145.19,1145.19,,,,,,,,,,,,,,,,,,,,,,,,,,,,,,,,,,,,,,,,,,,,,
19912,,,,,,,,,,,,,,,,,,,,,,,,,,,,,,,,,,,,,,,,,,,,,,,,,,,,,0.009,,-0.052,0.038,,,,,,,,,,,,,,,0.077,-0.055,,,,0.045,-0.053,0.063,0.045,-0.043,0.059,-0.038,0.0,-0.012,0.0,0.008,0.013,0.108,0.0,,0.0,,,,,,,,,,0,,,,,,,,,,,,,,,,,,,,,,1157.76,,,,,,,1177.02,,1182.24,1182.24,1182.24,1182.24,1182.24,,,,,,,,,,,,,,,,,,,,,,,,,,,,,,,,,,,,,,,,,,,,,
21159,-0.062,0.024,,0.019,,-0.018,,,,,,,,,,,,,,,,,,,,,,,,,,,,,,,,,,,,,,,,,,,,,,,,,,,,,,,,,,,,,,,,,,,,,,-0.031,0.011,0.063,-0.031,0.063,0.007,-0.038,0.0,-0.012,0.0,0.014,0.013,0.062,0.0,0.0,0.0,,,,,,,,,,0,959.31,959.31,959.34,,,,,,,,,,,,,,,,,,,,,,,,,,,,961.83,961.83,961.83,961.83,961.83,961.85,,,,,,,,,,,,,,,,,,,,,,,,,,,,,,,,,,,,,T1,,,,,,,
14382,,,,,,,,,,0.01,-0.034,,,,,,-0.057,-0.294,,,,,,,,,,,,,,,,,,,,,,,,,,,,,,,,,,,,,,,,,,,,,,,,,,,,,,,,,,-0.206,0.125,0.037,-0.206,,0.086,,,,,0.011,0.013,0.062,0.0,,0.0,,,,,,,,,,0,,,,,,,252.12,,,,,,,,,,,,,,,,,,,,,,,,253.26,253.26,253.26,,253.26,,,,,,,,,,,,,,,,,,,,,,,,,,,,,,,,,,,,,,,,,,,,,
20841,-0.016,0.061,0.0,,,,0.031,0.002,,,,,,,,,,,,,,,,,,,,,,,,,,,,,,,,,,,,,,,,,,,,,,,,,,,,,,,,,,,,,,,,,,,,-0.004,-0.04,0.082,-0.004,0.118,0.007,0.043,0.0,-0.012,0.0,0.011,0.013,0.153,0.0,0.0,0.0,,,,,,,,,,0,558.36,,,,,,,,,,,,,,,,,,,,,,,,,,,,,,559.65,559.65,559.66,559.66,559.66,559.67,,,,,,,,,,,,,,,,,,,,,,,,,,,,,,,,,,,,,T1,,,,,,,
43189,,,,,,,,,,,,,,,,,,,,,,,,,,,,,,,,,,,,,,,,,,,,,,,,,,,,,,,,,,,,,,,,,,,-0.095,0.064,,0.093,,,-0.035,,,0.019,0.202,0.082,0.019,-0.016,-0.204,,,,,0.008,0.013,0.017,0.0,0.0,0.0,,,,,,,,,,0,,,,,,,,,,,,,,,,,,,,,,,,,,,416.14,416.15,,,469.89,469.89,469.89,,469.89,469.92,,,,,,,,,,,,,,,,,,,,,,,,,,,,,,,,,,,,,T1,,,,,,,
37828,,,,,,,,,,-0.018,-0.034,,,,,0.086,,,,,,,,,,,,,,,,,,,,,,,,,,,,,,,,,,,,,,,,,,,,,,,,,,,,,,,,,,,,0.217,0.017,0.037,0.217,,-0.204,,,,,0.009,0.013,0.153,0.0,,0.0,,,,,,,,,,0,,,,,,,,,,,,,,,,,,,,,,,,,,,,,,,350.27,350.27,350.27,,350.27,,,,,,,,,,,,,,,,,,,,,,,,,,,,,,,,,,,,,,T1,,,,,,,
45354,0.056,0.045,0.0,,-0.164,,0.001,-0.003,,,,,,,,,,,,,,,,,,,,,,,,,,,,,,,,,,,,,,,,,,,,,,,,,,,,,,,,,,,,,,,,,,,,0.02,-0.021,0.082,0.02,-0.071,-0.046,-0.065,0.0,-0.012,0.0,0.01,0.013,,,,0.0,,,,,,,,,,1,1365.1,,,,,,,,,,,,,,,,,,,,,,,,,,,,,,1367.12,1367.12,1367.12,1367.12,1367.12,,,,,,,,,,,,,,,,,,,,,,,,,,,,,,,,,,,,,,T1,,,,,,,
5745,0.03,0.147,,0.019,0.336,0.176,,,,,,,,,,,,,,,,,,,,,,,,,,,,,,,,,,,,,,,,,,,,,,,,,,,,,,,,,,,,,,,,,,,,,,-0.056,-0.002,0.063,-0.056,-0.043,-0.125,0.07,0.0,-0.003,0.0,0.016,0.013,-0.029,0.0,,0.0,,,,,,,,,,0,1239.26,1239.26,1239.29,,,,,,,,,,,,,,,,,,,,,,,,,,,,1242.25,1242.25,1242.26,1242.26,1242.26,,,,,,,,,,,,,,,,,,,,,,,,,,,,,,,,,,,,,,T1,,,,,,,
3013,,,,,,,,,,,,,,,,,,,,,,,,,,,,,,,,,,,-0.222,0.047,-0.018,,0.035,,0.027,,,,,,,,,,,,,,,,,,,,,,,,,,,,,,0.233,0.088,,,,0.134,0.011,0.057,0.134,-0.039,-0.099,0.016,0.0,0.029,0.0,0.014,0.013,-0.119,0.0,,0.0,,,,,,,,,,0,,,,,,,,,,,,,,708.87,708.87,708.88,,,,,,,,,,,,,742.59,,744.61,744.61,744.62,744.62,744.62,,,,,,,,,,,,,,,,,,,,,T1,,,,,,,,,,,,,,,,,T1,,,,,,,
21394,-0.055,0.104,0.0,,-0.164,,,,-0.058,,,,,,,,,,,,,,,,,,,,,,,,,,,,,,,,,,,,,,,,,,,,,,,,,,,,,,,,,,,,,,,,,,,0.058,-0.04,0.101,0.058,0.012,-0.072,0.151,0.0,-0.012,0.0,0.01,0.013,0.017,0.0,0.0,0.0,,,,,,,,,,0,589.5,,,589.53,,,,,,,,,,,,,,,,,,,,,,,,,,,601.23,601.23,601.23,601.23,601.23,601.25,,,,,,,,,,,,,,,,,,,,,,,,,,,,,,,,,,,,,T1,,,,,,,
35575,,,,,,,,,,-0.022,-0.034,,-0.01,,,,0.049,0.165,,,,,,,,,,,,,,,,,,,,,,,,,,,,,,,,,,,,,,,,,,,,,,,,,,,,,,,,,,0.134,-0.079,0.063,0.134,-0.016,-0.099,-0.011,0.0,-0.013,0.0,0.006,0.013,-0.029,0.0,0.0,0.0,,,,,,,,,,0,,,,,,,930.76,,,,,,,,,,,,,,,,,,,,,,,,940.28,940.28,940.28,940.28,940.28,940.31,,,,,,,,,,,,,,,,,,,,,,,,,,,,,,,,,,,,,T1,,,,,,,
46227,0.023,-0.03,0.0,,,,0.025,0.0,,,,,,,,,,,,,,,,,,,,,,,,,,,,,,,,,,,,,,,,,,,,,,,,,,,,,,,,,,,,,,,,,,,,0.033,0.017,0.057,0.033,-0.031,-0.125,0.016,0.0,-0.005,0.0,0.01,0.013,-0.029,0.0,0.0,0.0,,,,,,,,,,0,828.33,,,,,,,,,,,,,,,,,,,,,,,,,,,,,,836.43,836.43,836.43,836.43,836.43,836.47,,,,,,,,,,,,,,,,,,,,,,,,,,,,,,,,,,,,,,,,,,,,
44319,0.01,0.045,,-0.081,,,0.041,0.001,,,,,,,,,,,,,,,,,,,,,,,,,,,,,,,,,,,,,,,,,,,,,,,,,,,,,,,,,,,,,,,,,,,,,,,,,,,,,,,,,,,,0.0,0.0,0.128,0.059,,0.072,0.0,,0.0,0,517.82,517.82,,,,,,,,,,,,,,,,,,,,,,,,,,,,,,,,,,,518.19,,518.21,518.22,,,,,,,,,,,,,,,,,,,,,,,,,,,,,,,,,,,,,,,,
55769,-0.108,-0.11,,0.019,,,0.002,0.001,,,,,,,,,,,,,,,,,,,,,,,,,,,,,,,,,,,,,,,,,,,,,,,,,,,,,,,,,,,,,,,,,,,,-0.02,-0.009,0.082,-0.02,0.094,-0.072,-0.011,0.0,0.013,0.0,0.013,0.013,0.017,0.0,0.0,0.0,,,,,,,,,,0,572.08,572.08,,,,,,,,,,,,,,,,,,,,,,,,,,,,,573.2,573.2,573.21,573.21,573.21,573.23,,,,,,,,,,,,,,,,,,,,,,,,,,,,,,,,,,,,,T1,,,,,,,
6279,0.062,0.024,0.0,,,-0.029,,,,,,,,,,,,,,,,,,,,,,,,,,,,,,,,,,,,,,,,,,,,,,,,,,,,,,,,,,,,,,,,,,,,,,0.041,0.208,-0.702,0.041,0.114,-0.125,,,,,0.011,0.013,0.017,0.0,0.0,0.0,,,,,,,,,,0,96.43,,96.46,,,,,,,,,,,,,,,,,,,,,,,,,,,,99.14,99.14,99.14,,99.14,99.15,,,,,,,,,,,,,,,,,,,,,,,,,,,,,,,,,,,,,T1,,,,,,,
15511,,,,,,,,,,-0.006,,-0.358,-0.01,-0.016,0.232,,,,,,,,,,,,,,,,,,,,,,,,,,,,,,,,,,,,,,,,,,,,,,,,,,,,,,,,,,,,,-0.055,-0.021,0.082,-0.055,0.031,-0.046,-0.038,0.0,-0.003,0.0,0.01,0.013,-0.029,0.0,0.0,0.0,,,,,,,,,,0,,,,,553.97,553.99,,,,,,,,,,,,,,,,,,,,,,,,,555.31,555.31,555.31,555.31,555.31,555.32,,,,,,,,,,,,,,,,,,,,,,,,,,,,,,,,,,,,,T1,,,,,,,
35569,-0.088,-0.035,0.0,,,,,,-0.066,,,,,,,,,,,,,,,,,,,,,,,,,,,,,,,,,,,,,,,,,,,,,,,,,,,,,,,,,,,,,,,,,,,-0.157,-0.002,0.063,-0.157,-0.051,-0.046,0.016,0.0,-0.013,0.0,0.012,0.013,-0.074,0.0,,0.0,,,,,,,,,,0,1113.02,,,1113.05,,,,,,,,,,,,,,,,,,,,,,,,,,,1115.65,1115.65,1115.65,1115.65,1115.65,,,,,,,,,,,,,,,,,,,,,,,,,,,,,,,,,,,,,,T1,,,,,,,
6055,-0.042,0.275,,0.019,0.336,,,,0.069,,,,,,,,,,,,,,,,,,,,,,,,,,,,,,,,,,,,,,,,,,,,,,,,,,,,,,,,,,,,,,,,,,,0.23,0.202,-0.725,0.23,0.078,-0.072,,,,,0.01,0.013,0.017,0.0,,0.0,,,,,,,,,,0,2.5,2.51,,2.54,,,,,,,,,,,,,,,,,,,,,,,,,,,4.28,4.28,4.28,,4.28,,,,,,,,,,,,,,,,,,,,,,,,,,,,,,,,,,,,,,T1,,,,,,,
6169,,,,,,,,,,-0.014,,0.345,-0.01,0.064,0.192,,,,,,,,,,,,,,,,,,,,,,,,,,,,,,,,,,,,,,,,,,,,,,,,,,,,,,,,,,,,,-0.034,0.017,-0.702,-0.034,,0.059,,,,,0.009,0.013,0.062,0.0,0.0,0.0,,,,,,,,,,0,,,,,131.59,131.61,,,,,,,,,,,,,,,,,,,,,,,,,137.53,137.53,137.54,,137.54,137.56,,,,,,,,,,,,,,,,,,,,,,,,,,,,,,,,,,,,,,,,,,,,
32865,-0.068,0.029,0.0,,,,0.008,0.0,,,,,,,,,,,,,,,,,,,,,,,,,,,,,,,,,,,,,,,,,,,,,,,,,,,,,,,,,,,,,,,,,,,,-0.106,0.017,0.063,-0.106,-0.024,0.033,0.016,0.0,0.013,0.0,0.012,0.013,-0.029,,0.0,0.0,,,,,,,,,,0,956.92,,,,,,,,,,,,,,,,,,,,,,,,,,,,,,960.93,960.93,960.93,960.93,960.93,960.94,,,,,,,,,,,,,,,,,,,,,,,,,,,,,,,,,,,,,T1,,,,,,,
26407,,,,,,,,,,-0.006,,-0.343,,,,,0.003,-0.182,,,,,,,,,,,,,,,,,,,,,,,,,,,,,,,,,,,,,,,,,,,,,,,,,,,,,,,,,,0.117,-0.251,-0.702,0.117,,-0.125,,,,,0.012,0.013,-0.029,0.0,,0.0,,,,,,,,,,0,,,,,121.17,,121.19,,,,,,,,,,,,,,,,,,,,,,,,123.46,123.46,123.46,,123.46,,,,,,,,,,,,,,,,,,,,,,,,,,,,,,,,,,,,,,T1,,,,,,,
31339,,,,,,,,,,,,,,,,,,,,,,,,,,,,,,,,,,,0.068,-0.341,-0.053,0.556,0.08,,0.061,,,,,,,,,,,,,,,,,,,,,,,,,,,,,,0.068,0.131,,,,-0.081,-0.047,0.063,-0.081,-0.027,0.007,-0.038,0.0,-0.013,0.0,0.016,0.013,0.062,0.0,0.0,0.0,,,,,,,,,,0,,,,,,,,,,,,,,961.48,961.49,961.52,,,,,,,,,,,,,992.33,,995.6,995.6,995.6,995.6,995.6,995.62,,,,,,,,,,,,,,,,,,,,T1,T1,T1,,,,,,,,,,,,,,,T1,,,,,,,
52885,,,,,,,,,,,,,,,,,,,,,,,,,,,,,,,,,,,0.156,,,0.239,,-0.027,0.011,,,,,,,,,,,,,,,,,,,,,,,,,,,,,,-0.279,0.007,,,,-0.017,0.055,0.057,-0.017,-0.004,0.217,-0.092,0.0,-0.004,0.0,0.014,0.013,-0.165,0.0,0.0,0.0,,,,,,,,,,0,,,,,,,,,,,,,,740.02,,,,,,,,,,,,,,,751.54,,762.97,762.97,762.97,762.97,762.97,762.99,,,,,,,,,,,,,,,,,,,,T1,,T1,,,,,,,,,,,,,,,T1,,,,,,,
11109,,,,,,,,,,-0.01,-0.034,,,,,0.068,,,,,,,,,,,,,,,,,,,,,,,,,,,,,,,,,,,,,,,,,,,,,,,,,,,,,,,0.045,0.238,,,,0.054,-0.002,0.037,0.054,0.094,-0.099,,,,,0.009,0.013,-0.029,0.0,,0.0,,,,,,,,,,0,,,,,,,,,,,,,,,,,,,,,,,,,,,,,281.27,,284.19,284.19,284.21,,284.21,,,,,,,,,,,,,,,,,,,,,,,,,,,,,,,,,,,,,,,,,,,,,
45355,0.056,0.045,0.0,,-0.164,,0.001,-0.003,,,,,,,,,,,,,,,,,,,,,,,,,,,,,,,,,,,,,,,,,,,,,,,,,,,,,,,,,,,,,,,,,,,,0.02,-0.021,0.082,0.02,-0.071,-0.046,-0.065,0.0,-0.012,0.0,0.01,0.013,,,,0.0,,,,,,,,,,1,1365.1,,,,,,,,,,,,,,,,,,,,,,,,,,,,,,1367.12,1367.12,1367.12,1367.12,1367.12,,,,,,,,,,,,,,,,,,,,,,,,,,,,,,,,,,,,,,T1,,,,,,,
54530,-0.114,-0.003,0.0,,,,0.127,-0.001,,,,,,,,,,,,,,,,,,,,,,,,,,,,,,,,,,,,,,,,,,,,,,,,,,,,,,,,,,,,,,,,,,,,0.129,0.061,-0.725,0.129,,0.164,,,,,0.012,0.013,-0.119,0.0,0.0,0.0,,,,,,,,,,0,3.31,,,,,,,,,,,,,,,,,,,,,,,,,,,,,,5.24,5.24,5.29,,5.29,5.31,,,,,,,,,,,,,,,,,,,,,,,,,,,,,,,,,,,,,T1,,,,,,,
11467,0.023,-0.035,0.0,,,0.032,,,,,,,,,,,,,,,,,,,,,,,,,,,,,,,,,,,,,,,,,,,,,,,,,,,,,,,,,,,,,,,,,,,,,,0.014,0.042,0.037,0.014,0.047,-0.046,,,,,0.012,0.013,0.153,0.0,0.0,0.0,,,,,,,,,,0,347.09,,347.12,,,,,,,,,,,,,,,,,,,,,,,,,,,,349.48,349.48,349.48,,349.48,349.5,,,,,,,,,,,,,,,,,,,,,,,,,,,,,,,,,,,,,T1,,,,,,,
20496,,,,,,,,,,,,,,,,,,,0.011,-0.067,,,0.084,-0.026,,0.079,,,,,,,,,,,,,,,,,,,,,,,,,,,,,,,,,,,,,,,,,,,,,,,-0.035,,,-0.081,-0.053,0.063,-0.081,-0.031,-0.125,-0.092,0.0,0.012,0.0,0.013,0.013,0.062,0.0,,0.0,,,,,,,,,,0,,,,,,,,1022.18,,,,,,,,,,,,,,,,,,,,,,,1053.89,1053.89,1053.89,1053.89,1053.89,,,,,,,,,,,,,T1,,T1,T3,,,,,,,,,,,,,,,,,,,,,,T1,,,,,,,
26720,,,,,,,,,,,,,,,,,,,,,,,,,,,,,,,,,,,,,,,,,,0.128,,,0.096,,0.194,-0.089,,,,,,,,,,,,,,,,,,,,,,,0.162,-0.101,,,,-0.005,-0.028,0.063,-0.005,-0.047,0.007,0.097,0.0,0.022,0.0,0.012,0.013,0.062,0.0,0.0,0.0,,,,,,,,,,0,,,,,,,,,,,,,,,,,1180.64,1180.75,1180.75,,,,,,,,,,1198.75,,1209.07,1209.07,1209.07,1209.07,1209.07,1209.09,,,,,,,,,,,,,,,,,,,,,,,,,,,,,,,,,,,,,T1,,,,,,,
18536,0.069,0.029,0.0,,-0.164,-0.088,,,,,,,,,,,,,,,,,,,,,,,,,,,,,,,,,,,,,,,,,,,,,,,,,,,,,,,,,,,,,,,,,0.026,0.134,,,,0.185,0.042,0.063,0.185,0.071,0.112,0.016,0.0,-0.009,0.0,0.016,0.013,0.017,0.0,,0.0,,,,,,,,,,0,942.82,,942.85,,,,,,,,,,,,,,,,,,,,,,,,,,944.93,,946.36,946.36,946.37,946.37,946.37,,,,,,,,,,,,,,,,,,,,,,,,,,,,,,,,,,,,,,T1,,,,,,,
15616,-0.095,-0.099,0.0,,0.336,,0.078,0.001,,,,,,,,,,,,,,,,,,,,,,,,,,,,,,,,,,,,,,,,,,,,,,,,,,,,,,,,,,,,,,,,,,-0.036,-0.037,-0.056,0.017,0.063,-0.056,-0.016,0.007,-0.038,0.0,-0.009,0.0,0.017,0.013,-0.119,0.0,0.0,0.0,,,,,,,,,,0,1130.04,,,,,,,,,,,,,,,,,,,,,,,,,,,,,1132.92,1142.11,1142.11,1142.11,1142.11,1142.11,1142.13,,,,,,,,,,,,,,,,,,,,,,,,,,,,,,,,,,,,,T1,,,,,,,
10930,,,,,,,,,,0.026,0.066,,-0.01,-0.042,-0.306,,,,,,,,,,,,,,,,,,,,,,,,,,,,,,,,,,,,,,,,,,,,,,,,,,,,,,,,,,,,,-0.056,-0.066,0.082,-0.056,-0.071,-0.046,0.043,0.0,-0.012,0.0,0.011,0.013,-0.119,0.0,,0.0,,,,,,,,,,0,,,,,,1293.77,,,,,,,,,,,,,,,,,,,,,,,,,1298.06,1298.06,1298.06,1298.06,1298.06,,,,,,,,,,,,,,,,,,,,,,,,,,,,,,,,,,,,,,T1,,,,,,,
31095,,,,,,,,,,,,,,,,,,,,,,,,,,,,,,,,,,,,,,,,,,,,,,,,,0.001,,,,,,,,,,,,,,,,-0.07,,0.188,0.026,,0.019,0.213,-0.074,,,,-0.056,-0.009,0.063,-0.056,-0.016,-0.02,-0.011,0.0,-0.013,0.0,0.013,0.013,0.017,0.0,,0.0,,,,,,,,,,0,,,,,,,,,,,,,,,,,,,,,,,,,,1009.27,1009.28,1009.28,1028.71,,1041.02,1041.02,1041.03,1041.03,1041.03,,,,,,,,,,,,,,,,,,,,,,,,,,,,,,,,,,T1,,,,,,,,,,,
10780,,,,,,,,,,,,,,,,,,,,,,,,,,,,,,,,,,,-0.162,-0.008,-0.029,,0.044,,0.102,,,,,,,,,,,,,,,,,,,,,,,,,,,,,,,,-0.035,,,-0.017,0.023,0.057,-0.017,0.059,-0.125,0.043,0.0,0.004,0.0,0.014,0.013,-0.074,0.0,,0.0,,,,,,,,,,0,,,,,,,,,,,,,,711.6,711.6,711.61,,,,,,,,,,,,,,,757.64,757.64,757.64,757.64,757.64,,,,,,,,,,,,,,,,,,,,,T1,,,,,,,,,,,,,,,,,T1,,,,,,,
50006,-0.101,-0.056,,0.019,-0.164,,,,-0.073,,,,,,,,,,,,,,,,,,,,,,,,,,,,,,,,,,,,,,,,,,,,,,,,,,,,,,,,,,,,,,,,,,,-0.157,0.049,0.063,-0.157,0.067,0.164,-0.038,0.0,-0.012,0.0,0.011,0.013,-0.119,0.0,0.0,0.0,,,,,,,,,,0,959.21,959.21,,959.24,,,,,,,,,,,,,,,,,,,,,,,,,,,961.78,961.78,961.79,961.79,961.79,961.8,,,,,,,,,,,,,,,,,,,,,,,,,,,,,,,,,,,,,T1,,,,,,,
28656,,,,,,,,,,,,,,,,,,,,,,,,,,,,,,,,,,,,,,,,,,-0.03,,,-0.048,,-0.127,-0.022,,,,,,,,,,,,,,,,,,,,,,,0.063,0.174,,,,,,,,,0.033,0.016,0.0,-0.013,0.0,0.009,0.013,0.017,0.0,,0.0,,,,,,,,,,0,,,,,,,,,,,,,,,,,785.19,785.3,785.31,,,,,,,,,,812.65,,,,820.21,820.21,820.21,,,,,,,,,,,,,,,,,,,,,,,,,,,,,,,,,,,,,,,,,,,,,
45566,,,,,,,,,,,,,,,,,,,,,,,,,,,,,,,,,,,0.087,,,0.435,,-0.014,-0.071,,,,,,,,,,,,,,,,,,,,,,,,,,,,,,0.016,0.095,,,,0.084,0.049,0.057,0.084,-0.016,0.086,-0.065,0.0,0.029,0.0,0.013,0.013,-0.074,0.0,,0.0,,,,,,,,,,0,,,,,,,,,,,,,,706.94,,,,,,,,,,,,,,,743.22,,745.13,745.13,745.14,745.14,745.14,,,,,,,,,,,,,,,,,,,,,T1,,T1,,,,,,,,,,,,,,,T1,,,,,,,
44371,0.049,0.056,,-0.081,,,0.078,0.0,,,,,,,,,,,,,,,,,,,,,,,,,,,,,,,,,,,,,,,,,,,,,,,,,,,,,,,,,,,,,,,,,,,,-0.03,0.106,0.082,-0.03,0.008,-0.072,-0.065,0.0,-0.003,0.0,0.01,0.013,-0.029,0.0,,0.0,,,,,,,,,,1,536.75,536.75,,,,,,,,,,,,,,,,,,,,,,,,,,,,,550.1,550.1,550.1,550.1,550.1,,,,,,,,,,,,,,,,,,,,,,,,,,,,,,,,,,,,,,T1,,,,,,,
31782,0.049,-0.072,,-0.081,-0.164,-0.02,,,,,,,,,,,,,,,,,,,,,,,,,,,,,,,,,,,,,,,,,,,,,,,,,,,,,,,,,,,,,,,,,,,,,,0.008,0.119,0.057,0.008,0.094,-0.072,-0.092,0.0,0.009,0.0,0.007,0.013,-0.165,0.0,0.0,0.0,,,,,,,,,,0,637.86,637.86,637.88,,,,,,,,,,,,,,,,,,,,,,,,,,,,641.08,641.08,641.08,641.08,641.08,641.11,,,,,,,,,,,,,,,,,,,,,,,,,,,,,,,,,,,,,T1,,,,,,,
41711,,,,,,,,,,,,,,,,,,,-0.061,0.094,-0.013,0.151,,,0.002,-0.05,,,,,,,,,,,,,,,,,,,,,,,,,,,,,,,,,,,,,,,,,,,,,,,,,,-0.031,0.138,0.096,-0.031,-0.043,-0.125,-0.011,0.0,0.004,0.0,0.012,0.013,0.108,0.0,,0.0,,,,,,,,,,0,,,,,,,,1669.29,1669.3,1669.3,,,,,,,,,,,,,,,,,,,,,1716.7,1716.7,1716.7,1716.7,1716.7,,,,,,,,,,,,,T1,,,T3,,,,,,,,,,,,,,,,,,,,,,T1,,,,,,,
31721,0.043,-0.014,0.0,,0.336,,0.193,0.001,,,,,,,,,,,,,,,,,,,,,,,,,,,,,,,,,,,,,,,,,,,,,,,,,,,,,,,,,,,,,,,,,,,,-0.06,0.017,-0.752,-0.06,-0.063,-0.072,,,,,0.012,0.013,-0.119,0.0,,0.0,,,,,,,,,,0,166.41,,,,,,,,,,,,,,,,,,,,,,,,,,,,,,166.67,166.67,166.68,,166.68,,,,,,,,,,,,,,,,,,,,,,,,,,,,,,,,,,,,,,,,,,,,,
9042,,,,,,,,,,-0.002,0.066,,,,,,-0.019,0.032,,,,,,,,,,,,,,,,,,,,,,,,,,,,,,,,,,,,,,,,,,,,,,,,,,,,,,,,,,0.045,-0.028,0.104,0.045,-0.09,0.007,0.151,0.0,0.02,0.0,0.012,0.013,0.199,0.0,,0.0,,,,,,,,,,0,,,,,,,1581.05,,,,,,,,,,,,,,,,,,,,,,,,1583.21,1583.21,1583.22,1583.22,1583.22,,,,,,,,,,,,,,,,,,,,,,,,,,,,,,,,,,,,,,,,,,,,,
6321,-0.134,0.131,,-0.081,,,0.03,0.002,,,,,,,,,,,,,,,,,,,,,,,,,,,,,,,,,,,,,,,,,,,,,,,,,,,,,,,,,,,,,,,,,,,,-0.096,-0.034,0.082,-0.096,0.0,-0.151,-0.038,0.0,-0.012,0.0,0.012,0.013,-0.074,0.0,0.0,0.0,,,,,,,,,,0,572.09,572.09,,,,,,,,,,,,,,,,,,,,,,,,,,,,,573.06,573.06,573.07,573.07,573.07,573.09,,,,,,,,,,,,,,,,,,,,,,,,,,,,,,,,,,,,,,,,,,,,
18100,-0.127,-0.158,0.0,,-0.164,,,,0.03,,,,,,,,,,,,,,,,,,,,,,,,,,,,,,,,,,,,,,,,,,,,,,,,,,,,,,,,,,,,,,-0.008,-0.043,,,,0.109,0.068,0.063,0.109,0.082,-0.151,-0.011,0.0,-0.009,0.0,0.014,0.013,-0.029,0.0,,0.0,,,,,,,,,,1,943.28,,,943.31,,,,,,,,,,,,,,,,,,,,,,,,,945.14,,946.7,946.7,946.7,946.7,946.7,,,,,,,,,,,,,,,,,,,,,,,,,,,,,,,,,,,,,,,,,,,,,
49428,0.01,-0.072,0.0,,,,0.123,0.003,,,,,,,,,,,,,,,,,,,,,,,,,,,,,,,,,,,,,,,,,,,,,,,,,,,,,,,,,,,,,,,,,,,,-0.031,-0.091,0.063,-0.031,-0.043,0.059,-0.146,0.0,-0.014,0.0,0.01,0.013,0.017,0.0,,0.0,,,,,,,,,,0,1098.24,,,,,,,,,,,,,,,,,,,,,,,,,,,,,,1104.63,1104.63,1104.64,1104.64,1104.64,,,,,,,,,,,,,,,,,,,,,,,,,,,,,,,,,,,,,,T1,,,,,,,
46085,-0.003,0.109,0.0,,-0.164,0.022,,,,,,,,,,,,,,,,,,,,,,,,,,,,,,,,,,,,,,,,,,,,,,,,,,,,,,,,,,,,,,,,,,,,,,0.02,-0.104,0.063,0.02,-0.039,0.112,-0.038,0.0,-0.003,0.0,0.011,0.013,-0.119,0.0,,0.0,,,,,,,,,,0,1238.72,,1238.79,,,,,,,,,,,,,,,,,,,,,,,,,,,,1241.69,1241.69,1241.69,1241.69,1241.69,,,,,,,,,,,,,,,,,,,,,,,,,,,,,,,,,,,,,,T1,,,,,,,
59738,,,,,,,,,,,,,,,,,,,,,,,,,,,0.064,-0.089,,0.034,-0.103,-0.055,,-0.033,,,,,,,,,,,,,,,,,,,,,,,,,,,,,,,,,,,,,,,-0.035,,,0.155,0.03,0.037,0.155,0.039,-0.072,,,,,0.011,0.013,0.017,0.0,0.0,0.0,,,,,,,,,,0,,,,,,,,,,,381.59,,381.61,,,,,,,,,,,,,,,,,,425.69,425.69,425.7,,425.7,425.72,,,,,,,,,,,,,,,,,,,,,,,,,,,,,,,,,,,,,T1,,,,,,,
34201,,,,,,,,,,-0.006,0.066,,-0.01,,,,-0.038,-0.243,,,,,,,,,,,,,,,,,,,,,,,,,,,,,,,,,,,,,,,,,,,,,,,,,,,,,,,-0.035,,,-0.081,-0.06,0.082,-0.081,-0.059,0.033,0.124,0.0,-0.012,0.0,0.013,0.013,-0.165,0.0,0.0,0.0,,,,,,,,,,0,,,,,,,1291.79,,,,,,,,,,,,,,,,,,,,,,,,1295.42,1295.42,1295.42,1295.42,1295.42,1295.43,,,,,,,,,,,,,,,,,,,,,,,,,,,,,,,,,,,,,,,,,,,,
43728,,,,,,,,,,,,,,,,,,,0.011,-0.067,,,-0.009,-0.019,,-0.105,,,,,,,,,,,,,,,,,,,,,,,,,,,,,,,,,,,,,,,,,,,,,,,-0.035,,,-0.132,-0.149,0.063,-0.132,-0.039,-0.178,-0.065,0.0,-0.013,0.0,0.014,0.013,-0.119,0.0,,0.0,,,,,,,,,,0,,,,,,,,1025.42,,,,,,,,,,,,,,,,,,,,,,,1059.62,1059.62,1059.62,1059.62,1059.62,,,,,,,,,,,,,T1,,T1,T3,,,,,,,,,,,,,,,,,,,,,,,,,,,,,
57465,-0.062,0.051,0.0,,-0.164,-0.045,,,,,,,,,,,,,,,,,,,,,,,,,,,,,,,,,,,,,,,,,,,,,,,,,,,,,,,,,,,,,,,,,,,,,,0.084,0.081,0.057,0.084,-0.024,0.243,-0.038,0.0,0.003,0.0,0.014,0.013,-0.029,0.0,,0.0,,,,,,,,,,0,894.51,,894.54,,,,,,,,,,,,,,,,,,,,,,,,,,,,897.27,897.27,897.27,897.27,897.27,,,,,,,,,,,,,,,,,,,,,,,,,,,,,,,,,,,,,,T1,,,,,,,
6137,,,,,,,,,,0.014,-0.034,,,,,0.007,,,,,,,,,,,,,,,,,,,,,,,,,,,,,,,,,,,,,,,,,,,,,,,,,,,,,,,,,,,,-0.255,0.227,-0.029,-0.255,0.157,-0.072,,,,,0.008,0.013,0.108,0.0,,0.0,,,,,,,,,,0,,,,,,,,,,,,,,,,,,,,,,,,,,,,,,,200.21,200.21,200.22,,200.22,,,,,,,,,,,,,,,,,,,,,,,,,,,,,,,,,,,,,,,,,,,,,
38098,-0.003,-0.179,,0.019,-0.164,,-0.06,0.0,,,,,,,,,,,,,,,,,,,,,,,,,,,,,,,,,,,,,,,,,,,,,,,,,,,,,,,,,,,,,,,,,,,,0.033,0.004,0.057,0.033,0.09,-0.046,-0.038,0.0,0.009,0.0,0.011,0.013,-0.21,0.0,0.0,0.0,,,,,,,,,,0,638.58,638.58,,,,,,,,,,,,,,,,,,,,,,,,,,,,,640.69,640.69,640.69,640.69,640.69,640.7,,,,,,,,,,,,,,,,,,,,,,,,,,,,,,,,,,,,,T1,,,,,,,
55802,,,,,,,,,,-0.014,0.066,,-0.01,,,,-0.004,0.083,,,,,,,,,,,,,,,,,,,,,,,,,,,,,,,,,,,,,,,,,,,,,,,,,,,,,,,,,,-0.081,-0.06,0.082,-0.081,0.051,-0.151,-0.011,0.0,0.022,0.0,0.009,0.013,-0.074,0.0,,0.0,,,,,,,,,,0,,,,,,,1294.9,,,,,,,,,,,,,,,,,,,,,,,,1299.4,1299.4,1299.4,1299.4,1299.4,,,,,,,,,,,,,,,,,,,,,,,,,,,,,,,,,,,,,,T1,,,,,,,
11070,-0.068,-0.088,0.0,,0.336,,,,-0.034,,,,,,,,,,,,,,,,,,,,,,,,,,,,,,,,,,,,,,,,,,,,,,,,,,,,,,,,,,,,,,,,,,,-0.031,-0.034,0.104,-0.031,-0.102,0.164,-0.038,0.0,-0.004,0.0,0.012,0.013,0.199,0.0,,0.0,,,,,,,,,,0,1518.38,,,1518.43,,,,,,,,,,,,,,,,,,,,,,,,,,,1527.56,1527.56,1527.56,1527.56,1527.56,,,,,,,,,,,,,,,,,,,,,,,,,,,,,,,,,,,,,,,,,,,,,
902,0.082,0.013,,0.019,0.336,,,,0.035,,,,,,,,,,,,,,,,,,,,,,,,,,,,,,,,,0.001,-0.001,0.003,,0.054,,-0.031,,,,,,,,,,,,,,,,,,,,,,,,,-0.035,,,-0.031,-0.021,0.082,-0.031,-0.059,0.059,0.124,0.0,0.013,0.0,0.014,0.013,0.199,0.0,,0.0,,,,,,,,,,0,1245.77,1245.77,,1245.8,,,,,,,,,,,,,1251.73,,,,,,,,,,,,,,1294.46,1294.46,1294.47,1294.47,1294.47,,,,,,,,,,,,,,,,,,,,,,,,,,,,,,,,,,,,,,T1,,,,,,,
40556,-0.016,-0.185,0.0,,,-0.043,,,,,,,,,,,,,,,,,,,,,,,,,,,,,,,,,,,,,,,,,,,,,,,,,,,,,,,,,,,,,,,,,,,,-0.036,-0.037,-0.106,-0.009,0.082,-0.106,0.055,-0.099,0.124,0.0,-0.012,0.0,0.011,0.013,-0.347,0.0,,0.0,,,,,,,,,,0,1380.58,,1380.63,,,,,,,,,,,,,,,,,,,,,,,,,,,1380.66,1381.91,1381.91,1381.91,1381.91,1381.91,,,,,,,,,,,,,,,,,,,,,,,,,,,,,,,,,,,,,,T1,,,,,,,
6192,,,,,,,,,,-0.014,,-0.123,,,,,-0.04,-0.263,,,,,,,,,,,,,,,,,,,,,,,,,,,,,,,,,,,,,,,,,,,,,,,,,,,,,,,,,,-0.056,-0.06,0.063,-0.056,-0.047,-0.02,-0.038,0.0,-0.001,0.0,0.011,0.013,0.062,0.0,0.0,0.0,,,,,,,,,,0,,,,,1122.56,,1122.58,,,,,,,,,,,,,,,,,,,,,,,,1124.0,1124.0,1124.0,1124.0,1124.0,1124.02,,,,,,,,,,,,,,,,,,,,,,,,,,,,,,,,,,,,,,,,,,,,
39682,,,,,,,,,,0.014,,-0.172,,,,,-0.004,0.043,,,,,,,,,,,,,,,,,,,,,,,,,,,,,,,,,,,,,,,,,,,,,,,,,,,,,,,,,,-0.157,-0.111,0.063,-0.157,-0.055,0.033,-0.092,0.0,-0.003,0.0,0.011,0.013,-0.165,0.0,,0.0,,,,,,,,,,0,,,,,1163.84,,1163.86,,,,,,,,,,,,,,,,,,,,,,,,1166.05,1166.05,1166.06,1166.06,1166.06,,,,,,,,,,,,,,,,,,,,,,,,,,,,,,,,,,,,,,T1,,,,,,,
34465,-0.016,0.024,0.0,,,0.007,,,,,,,,,,,,,,,,,,,,,,,,,,,,,,,,,,,,,,,,,,,,,,,,,,,,,,,,,,,,,,,,,,,,,,0.084,0.081,0.063,0.084,-0.043,0.086,-0.011,0.0,0.003,0.0,0.017,0.013,0.017,0.0,,0.0,,,,,,,,,,0,922.37,,922.42,,,,,,,,,,,,,,,,,,,,,,,,,,,,925.67,925.67,925.67,925.67,925.67,,,,,,,,,,,,,,,,,,,,,,,,,,,,,,,,,,,,,,,,,,,,,
21799,0.095,0.013,0.0,,-0.164,,-0.219,0.001,,,,,,,,,,,,,,,,,,,,,,,,,,,,,,,,,,,,,,,,,,,,,,,,,,,,,,,,,,,,,,,,,-0.035,,,0.058,-0.015,0.063,0.058,-0.004,0.086,-0.065,0.0,0.012,0.0,0.009,0.013,0.017,0.0,0.0,0.0,,,,,,,,,,0,921.88,,,,,,,,,,,,,,,,,,,,,,,,,,,,,,926.18,926.18,926.18,926.18,926.18,926.2,,,,,,,,,,,,,,,,,,,,,,,,,,,,,,,,,,,,,T1,,,,,,,
50711,,,,,,,,,,,,,,,,,,,,,,,,,,,,,,,,,,,-0.149,,,0.198,,0.047,-0.214,,,,,,,,,,,,,,,,,,,,,,,,,,,,,,,,,,,0.134,-0.015,0.057,0.134,-0.02,-0.02,-0.146,0.0,-0.013,0.0,0.019,0.013,-0.119,0.0,0.0,0.0,,,,,,,,,,0,,,,,,,,,,,,,,792.59,,,,,,,,,,,,,,,,,796.26,796.26,796.27,796.27,796.27,796.29,,,,,,,,,,,,,,,,,,,,T1,,T1,,,,,,,,,,,,,,,,,,,,,,
18738,-0.134,-0.153,,0.019,0.336,0.02,,,,,,,,,,,,,,,,,,,,,,,,,,,,,,,,,,,,,,,,,,,,,,,,,,,,,,,,,,,,,,,,,,,,,,-0.21,0.125,0.015,-0.21,0.169,0.243,,,,,0.012,0.013,-0.029,0.0,0.0,0.0,,,,,,,,,,0,246.8,246.8,246.82,,,,,,,,,,,,,,,,,,,,,,,,,,,,247.28,247.28,247.29,,247.29,247.32,,,,,,,,,,,,,,,,,,,,,,,,,,,,,,,,,,,,,T1,,,,,,,
5229,0.069,0.147,0.0,,-0.164,-0.019,,,,,,,,,,,,,,,,,,,,,,,,,,,,,,,,,,,,,,,,,,,,,,,,,,,,,,,,,,,,,,,,,,,-0.035,,,0.008,-0.098,0.057,0.008,-0.02,-0.257,0.178,0.0,0.012,0.0,0.017,0.013,-0.029,0.0,0.0,0.0,,,,,,,,,,0,877.67,,877.72,,,,,,,,,,,,,,,,,,,,,,,,,,,,886.32,886.32,886.32,886.32,886.32,886.34,,,,,,,,,,,,,,,,,,,,,,,,,,,,,,,,,,,,,,,,,,,,
23728,0.023,0.002,,0.019,,,,,-0.017,,,,,,,,,,,,,,,,,,,,,,,,,,,,,,,,,,,,,,,,,,,,,,,,,,,,,,,,,,,,,,,,,,,-0.182,-0.015,0.082,-0.182,-0.055,0.164,0.016,0.0,-0.003,0.0,0.011,0.013,-0.21,0.0,0.0,0.0,,,,,,,,,,0,1389.61,1389.63,,1389.69,,,,,,,,,,,,,,,,,,,,,,,,,,,1390.95,1390.95,1390.95,1390.95,1390.95,1390.97,,,,,,,,,,,,,,,,,,,,,,,,,,,,,,,,,,,,,,,,,,,,
8502,,,,,,,,,,,,,,,,,,,,,,,,,,,,,,,,,,,-0.224,,,0.247,-0.038,,-0.026,,,,,,,,,,,,,,,,,,,,,,,,,,,,,,0.037,-0.012,,,,-0.005,-0.028,0.063,-0.005,-0.039,-0.125,0.043,0.0,0.006,0.0,0.014,0.013,0.017,0.0,,0.0,,,,,,,,,,0,,,,,,,,,,,,,,1055.11,,1055.14,,,,,,,,,,,,,1081.24,,1088.07,1088.07,1088.08,1088.08,1088.08,,,,,,,,,,,,,,,,,,,,,T1,,T1,,,,,,,,,,,,,,,,,,,,,,
13499,0.082,-0.046,0.0,,,,,,-0.03,,,,,,,,,,,,,,,,,,,,,,,,,,,,,,,,,,,,,,,,,,,,,,,,,,,,,,,,,,,,,,,,,,,-0.056,-0.098,0.063,-0.056,-0.047,-0.23,0.043,0.0,-0.014,0.0,0.014,0.013,0.017,0.0,,0.0,,,,,,,,,,0,1111.15,,,1111.18,,,,,,,,,,,,,,,,,,,,,,,,,,,1112.34,1112.34,1112.35,1112.35,1112.35,,,,,,,,,,,,,,,,,,,,,,,,,,,,,,,,,,,,,,,,,,,,,
3559,-0.062,-0.11,,0.019,,-0.004,,,,,,,,,,,,,,,,,,,,,,,,,,,,,,,,,,,,,,,,,,,,,,,,,,,,,,,,,,,,,,,,,,,,,,0.193,-0.015,0.037,0.193,0.075,0.033,,,,,0.009,0.013,-0.119,0.0,0.0,0.0,,,,,,,,,,0,354.61,354.62,354.65,,,,,,,,,,,,,,,,,,,,,,,,,,,,365.41,365.41,365.41,,365.41,365.43,,,,,,,,,,,,,,,,,,,,,,,,,,,,,,,,,,,,,,,,,,,,
25652,0.056,0.142,,0.019,,,-0.028,0.002,,,,,,,,,,,,,,,,,,,,,,,,,,,,,,,,,,,,,,,,,,,,,,,,,,,,,,,,,,,,,,,,,,,,-0.056,-0.009,0.063,-0.056,-0.039,0.059,-0.173,0.0,-0.001,0.0,0.012,0.013,0.108,0.0,,0.0,,,,,,,,,,0,1125.84,1125.84,,,,,,,,,,,,,,,,,,,,,,,,,,,,,1127.4,1127.4,1127.41,1127.41,1127.41,,,,,,,,,,,,,,,,,,,,,,,,,,,,,,,,,,,,,,T1,,,,,,,
37870,0.056,0.093,0.0,,0.336,,-0.029,-0.001,,,,,,,,,,,,,,,,,,,,,,,,,,,,,,,,,,,,,,,,,,,,,,,,,,,,,,,,,,,,,,,,,,,,-0.081,0.068,0.104,-0.081,-0.051,0.007,0.205,0.0,-0.014,0.0,0.011,0.013,0.017,0.0,0.0,0.0,,,,,,,,,,0,1692.11,,,,,,,,,,,,,,,,,,,,,,,,,,,,,,1698.49,1698.49,1698.49,1698.49,1698.49,1698.52,,,,,,,,,,,,,,,,,,,,,,,,,,,,,,,,,,,,,T1,,,,,,,
32645,,,,,,,,,,,,,,,,,,,,,,,,,,,,,,,,,,,,,,,,,,-0.024,0.0,-0.001,,-0.018,,0.113,,,,,,,,,,,,,,,,,,,,,,,,,,,,0.146,-0.053,0.082,0.146,0.114,-0.204,,,,,0.009,0.013,0.017,0.0,0.0,0.0,,,,,,,,,,0,,,,,,,,,,,,,,,,,478.06,,,,,,,,,,,,,,508.36,508.36,508.37,,508.37,508.39,,,,,,,,,,,,,,,,,,,,,,,,,,,,,,,,,,,,,T1,,,,,,,
42444,-0.186,0.061,0.0,,,,,,0.02,,,,,,,,,,,,,,,,,,,,,,,,,,,,,,,,,,,,,,,,,,,,,,,,,,,,,,,,,,,,,,,,,,,0.106,0.31,0.014,0.106,0.067,-0.046,,,,,0.014,0.013,0.153,0.0,,0.0,,,,,,,,,,0,301.37,,,301.4,,,,,,,,,,,,,,,,,,,,,,,,,,,303.45,303.45,303.46,,303.46,,,,,,,,,,,,,,,,,,,,,,,,,,,,,,,,,,,,,,T1,,,,,,,
55978,-0.062,-0.046,0.0,,,,,,-0.027,,,,,,,,,,,,,,,,,,,,,,,,,,,,,,,,,,,,,,,,,,,,,,,,,,,,,,,,,,,,,,,,,,,0.021,0.036,0.082,0.021,0.043,-0.046,-0.146,0.0,0.013,0.0,0.013,0.013,0.108,0.0,0.0,0.0,,,,,,,,,,0,558.62,,,558.65,,,,,,,,,,,,,,,,,,,,,,,,,,,560.39,560.39,560.4,560.4,560.4,560.41,,,,,,,,,,,,,,,,,,,,,,,,,,,,,,,,,,,,,T1,,,,,,,
10021,0.016,0.136,0.0,,0.336,,0.012,0.001,,,,,,,,,,,,,,,,,,,,,,,,,,,,,,,,,,,,,,,,,,,,,,,,,,,,,,,,,,,,,,,,,,,,0.033,0.093,0.057,0.033,-0.031,0.217,-0.038,0.0,-0.013,0.0,0.019,0.013,0.062,0.0,,0.0,,,,,,,,,,0,822.82,,,,,,,,,,,,,,,,,,,,,,,,,,,,,,826.51,826.51,826.51,826.51,826.51,,,,,,,,,,,,,,,,,,,,,,,,,,,,,,,,,,,,,,T1,,,,,,,
15752,0.043,0.163,0.0,,0.336,,-0.025,0.0,,,,,,,,,,,,,,,,,,,,,,,,,,,,,,,,,,,,,,,,,,,,,,,,,,,,,,,,,,,,,,,,,,,,0.02,-0.002,0.063,0.02,0.082,0.191,-0.065,0.0,-0.004,0.0,0.013,0.013,0.153,0.0,,0.0,,,,,,,,,,0,1143.69,,,,,,,,,,,,,,,,,,,,,,,,,,,,,,1145.38,1145.38,1145.39,1145.39,1145.39,,,,,,,,,,,,,,,,,,,,,,,,,,,,,,,,,,,,,,T1,,,,,,,
431,0.003,-0.067,0.0,,,,-0.019,-0.001,,,,,,,,,,,,,,,,,,,,,,,,,,,,,,,,,,,,,,,,,,,,,,,,,,,,,,,,,,,,,,,,,,,,0.02,-0.021,0.104,0.02,-0.031,0.059,0.097,0.0,-0.013,0.0,0.012,0.013,0.062,0.0,,0.0,,,,,,,,,,0,1650.38,,,,,,,,,,,,,,,,,,,,,,,,,,,,,,1652.62,1652.62,1652.62,1652.62,1652.62,,,,,,,,,,,,,,,,,,,,,,,,,,,,,,,,,,,,,,,,,,,,,
28134,-0.055,-0.04,0.0,,-0.164,,,,-0.021,,,,,,,,,,,,,,,,,,,,,,,,,,,,,,,,,,,,,,,,,,,,,,,,,,,,,,,,,,,,,,0.077,-0.048,,,,0.058,-0.028,0.063,0.058,-0.016,-0.099,-0.038,0.0,0.029,0.0,0.017,0.013,-0.029,0.0,0.0,0.0,,,,,,,,,,0,944.26,,,944.29,,,,,,,,,,,,,,,,,,,,,,,,,945.54,,952.13,952.13,952.14,952.14,952.14,952.15,,,,,,,,,,,,,,,,,,,,,,,,,,,,,,,,,,,,,,,,,,,,
44458,-0.18,-0.062,0.0,,,-0.047,,,,,,,,,,,,,,,,,,,,,,,,,,,,,,,,,,,,,,,,,,,,,,,,,,,,,,,,,,,,,,,,,,,,,,,,,,,,,,,,,,,,,,0.0,0.0,-0.055,-0.102,,0.196,0.0,,0.0,0,1410.91,,1410.96,,,,,,,,,,,,,,,,,,,,,,,,,,,,,,,,,,1411.2,,1411.22,1411.22,,,,,,,,,,,,,,,,,,,,,,,,,,,,,,,,,,,,,,,,
53476,0.01,0.077,,0.019,,0.002,,,,,,,,,,,,,,,,,,,,,,,,,,,,,,,,,,,,,,,,,,,,,,,,,,,,,,,,,,,,,,,,,,,-0.035,,,0.058,0.036,0.063,0.058,-0.071,0.191,-0.065,0.0,0.003,0.0,0.016,0.013,-0.029,0.0,,0.0,,,,,,,,,,0,913.35,913.36,913.41,,,,,,,,,,,,,,,,,,,,,,,,,,,,922.5,922.5,922.51,922.51,922.51,,,,,,,,,,,,,,,,,,,,,,,,,,,,,,,,,,,,,,T1,,,,,,,
47850,,,,,,,,,,0.014,,0.059,,-0.029,0.007,,,,,,,,,,,,,,,,,,,,,,,,,,,,,,,,,,,,,,,,,,,,,,,,,,,,,,,,,,,,,-0.005,0.023,0.082,-0.005,-0.078,0.086,0.124,0.0,-0.012,0.0,0.014,0.013,-0.029,0.0,,0.0,,,,,,,,,,0,,,,,1413.89,1413.92,,,,,,,,,,,,,,,,,,,,,,,,,1414.84,1414.84,1414.85,1414.85,1414.85,,,,,,,,,,,,,,,,,,,,,,,,,,,,,,,,,,,,,,T1,,,,,,,
15850,0.036,-0.046,0.0,,,0.032,,,,,,,,,,,,,,,,,,,,,,,,,,,,,,,,,,,,,,,,,,,,,,,,,,,,,,,,,,,,,,,,,,,,,,0.134,-0.06,0.082,0.134,0.051,-0.151,-0.065,0.0,0.022,0.0,0.004,0.013,0.062,0.0,0.0,0.0,,,,,,,,,,0,533.26,,533.28,,,,,,,,,,,,,,,,,,,,,,,,,,,,537.26,537.26,537.26,537.26,537.26,537.27,,,,,,,,,,,,,,,,,,,,,,,,,,,,,,,,,,,,,,,,,,,,
15409,,,,,,,,,,-0.002,,,,0.006,-0.013,,,,,,,,,,,,,,,,,,,,,,,,,,,,,,,,,,,,,,,,,,,,,,,,,,,,,,,,,,,,,,,,,,,,,,,,,,,,,0.0,0.0,-0.062,,-0.03,0.068,0.0,,0.0,0,,,,,,1277.65,,,,,,,,,,,,,,,,,,,,,,,,,,,,,,,1291.16,,1291.18,1291.19,,,,,,,,,,,,,,,,,,,,,,,,,,,,,,,,,,,,,,,,
19946,0.016,-0.19,0.0,,,,-0.07,0.0,,,,,,,,,,,,,,,,,,,,,,,,,,,,,,,,,,,,,,,,,,,,,,,,,,,,,,,,,,,,,,,,,,,,-0.081,-0.028,0.104,-0.081,0.02,-0.072,-0.038,0.0,0.029,0.0,0.01,0.013,0.108,0.0,0.0,0.0,,,,,,,,,,0,1616.72,,,,,,,,,,,,,,,,,,,,,,,,,,,,,,1618.88,1618.88,1618.89,1618.89,1618.89,1618.91,,,,,,,,,,,,,,,,,,,,,,,,,,,,,,,,,,,,,T1,,,,,,,
16409,-0.055,0.008,,0.119,-0.164,,-0.042,0.005,,,,,,,,,,,,,,,,,,,,,,,,,,,,,,,,,,,,,,,,,,,,,,,,,,,,,,,,,,,,,,,-0.304,0.238,,,,-0.081,0.036,0.104,-0.081,-0.071,0.112,0.043,0.0,0.021,0.0,0.012,0.013,-0.029,0.0,0.0,0.0,,,,,,,,,,1,1531.69,1531.69,,,,,,,,,,,,,,,,,,,,,,,,,,,1532.38,,1541.91,1541.91,1541.92,1541.92,1541.92,1541.93,,,,,,,,,,,,,,,,,,,,,,,,,,,,,,,,,,,,,T1,,,,,,,
53717,,,,,,,,,,,,,,,,,,,,,,,,,,,0.012,-0.067,0.256,,,,-0.032,0.064,,,,,,,,,,,,,,,,,,,,,,,,,,,,,,,,,,,,,0.254,-0.195,,,,-0.148,-0.002,0.037,-0.148,0.071,0.033,,,,,0.012,0.013,0.153,0.0,,0.0,,,,,,,,,,0,,,,,,,,,,,351.02,351.04,,,,,,,,,,,,,,,,,407.8,,416.94,416.94,416.95,,416.95,,,,,,,,,,,,,,,,,,T1,,,,,,,,,,,,,,,,,,,,T1,,,,,,,
27883,0.049,-0.072,,-0.081,,,,,-0.029,,,,,,,,,,,,,,,,,,,,,,,,,,,,,,,,,,,,,,,,,,,,,,,,,,,,,,,,,,,,,,,,,,,0.058,-0.123,0.101,0.058,0.09,-0.125,-0.038,0.0,0.031,0.0,0.01,0.013,-0.119,0.0,,0.0,,,,,,,,,,0,601.4,601.4,,601.43,,,,,,,,,,,,,,,,,,,,,,,,,,,605.28,605.28,605.29,605.29,605.29,,,,,,,,,,,,,,,,,,,,,,,,,,,,,,,,,,,,,,T1,,,,,,,
5524,0.01,0.029,0.0,,,,-0.026,0.0,,,,,,,,,,,,,,,,,,,,,,,,,,,,,,,,,,,,,,,,,,,,,,,,,,,,,,,,,,,,,,,,,,,,0.104,0.03,-0.702,0.104,0.145,0.033,,,,,0.012,0.013,-0.029,0.0,0.0,0.0,,,,,,,,,,0,39.12,,,,,,,,,,,,,,,,,,,,,,,,,,,,,,45.88,45.88,45.89,,45.89,45.9,,,,,,,,,,,,,,,,,,,,,,,,,,,,,,,,,,,,,T1,,,,,,,
46623,0.016,0.302,,0.019,,-0.056,,,,,,,,,,,,,,,,,,,,,,,,,,,,,,,,,,,,,,,,,,,,,,,,,,,,,,,,,,,,,,,,,,,,,,,,,,,,,,,,,,,,,,0.0,0.0,-0.055,,-0.027,-0.026,0.0,-0.131,0.0,0,575.15,575.15,575.17,,,,,,,,,,,,,,,,,,,,,,,,,,,,,,,,,,577.56,,577.57,577.58,,,,,,,,,,,,,,,,,,,,,,,,,,,,,,,,,,,,,,,,
33020,-0.055,-0.003,,-0.081,0.336,,-0.009,-0.001,,,,,,,,,,,,,,,,,,,,,,,,,,,,,,,,,,,,,,,,,,,,,,,,,,,,,,,,,,,,,,,,,,,,-0.257,-0.002,0.037,-0.257,0.106,-0.072,,,,,0.012,0.013,-0.165,0.0,0.0,0.0,,,,,,,,,,0,255.31,255.31,,,,,,,,,,,,,,,,,,,,,,,,,,,,,256.2,256.2,256.2,,256.2,256.23,,,,,,,,,,,,,,,,,,,,,,,,,,,,,,,,,,,,,T1,,,,,,,
41347,0.043,-0.115,0.0,,,,,,0.076,,,,,,,,,,,,,,,,,,,,,,,,,,,,,,,,,,,,,,,,,,,,,,,,,,,,,,,,,,,,,,,,,,,0.207,0.163,0.037,0.207,0.051,-0.072,,,,,0.014,0.013,0.108,0.0,0.0,0.0,,,,,,,,,,1,340.55,,,340.58,,,,,,,,,,,,,,,,,,,,,,,,,,,342.16,342.16,342.17,,342.17,342.22,,,,,,,,,,,,,,,,,,,,,,,,,,,,,,,,,,,,,T1,,,,,,,
18399,,,,,,,,,,0.014,,0.499,-0.01,0.077,0.074,,,,,,,,,,,,,,,,,,,,,,,,,,,,,,,,,,,,,,,,,,,,,,,,,,,,,,,,,,,,,0.02,0.011,0.082,0.02,-0.063,0.007,0.016,0.0,0.022,0.0,0.012,0.013,0.017,0.0,,0.0,,,,,,,,,,0,,,,,1394.46,1394.49,,,,,,,,,,,,,,,,,,,,,,,,,1395.56,1395.56,1395.57,1395.57,1395.57,,,,,,,,,,,,,,,,,,,,,,,,,,,,,,,,,,,,,,T1,,,,,,,
4480,0.121,-0.163,,0.119,-0.164,,,,-0.165,,,,,,,,,,,,,,,,,,,,,,,,,,,,,,,,,,,,,,,,,,,,,,,,,,,,,,,,,,,,,,,,,,,-0.157,0.004,0.104,-0.157,-0.008,0.164,0.016,0.0,-0.013,0.0,0.013,0.013,-0.029,0.0,0.0,0.0,,,,,,,,,,0,1599.99,1600.0,,1600.01,,,,,,,,,,,,,,,,,,,,,,,,,,,1611.52,1611.52,1611.52,1611.52,1611.52,1611.55,,,,,,,,,,,,,,,,,,,,,,,,,,,,,,,,,,,,,T1,,,,,,,
4453,,,,,,,,,,,,,,,,,,,,,,,,,,,,,,,,,,,,,,,,,,,,,,,,,,,,,,,,,,,,,,,,,,,,,,,,,-0.035,,,0.234,-0.053,0.082,0.234,0.016,0.086,,,,,0.016,0.013,0.199,0.0,,0.0,,,,,,,,,,0,,,,,,,,,,,,,,,,,,,,,,,,,,,,,,,474.9,474.9,474.9,,474.9,,,,,,,,,,,,,,,,,,,,,,,,,,,,,,,,,,,,,,T1,,,,,,,
24803,-0.088,0.168,0.0,,,,0.148,-0.001,,,,,,,,,,,,,,,,,,,,,,,,,,,,,,,,,,,,,,,,,,,,,,,,,,,,,,,,,,,,,,,,,,,,-0.034,-0.136,-0.702,-0.034,0.094,0.033,,,,,0.011,0.013,-0.029,0.0,,0.0,,,,,,,,,,0,146.85,,,,,,,,,,,,,,,,,,,,,,,,,,,,,,148.08,148.08,148.08,,148.08,,,,,,,,,,,,,,,,,,,,,,,,,,,,,,,,,,,,,,T1,,,,,,,
21153,-0.016,-0.046,,0.019,,-0.168,,,,,,,,,,,,,,,,,,,,,,,,,,,,,,,,,,,,,,,,,,,,,,,,,,,,,,,,,,,,,,,,,,,,,,,,,,,,,,,,,,,,,,0.0,0.0,-0.11,-0.03,,0.172,0.0,,0.0,1,1456.88,1456.88,1456.91,,,,,,,,,,,,,,,,,,,,,,,,,,,,,,,,,,1457.43,,1457.45,1457.46,,,,,,,,,,,,,,,,,,,,,,,,,,,,,,,,,,,,,,,,
19554,0.154,-0.072,,0.019,-0.164,,,,-0.092,,,,,,,,,,,,,,,,,,,,,,,,,,,,,,,,,,,,,,,,,,,,,,,,,,,,,,,,,,,,,,,,,,,-0.081,0.011,0.104,-0.081,-0.012,0.322,0.043,0.0,-0.013,0.0,0.012,0.013,0.108,0.0,0.0,0.0,,,,,,,,,,0,1631.31,1631.31,,1631.33,,,,,,,,,,,,,,,,,,,,,,,,,,,1633.38,1633.38,1633.38,1633.38,1633.38,1633.4,,,,,,,,,,,,,,,,,,,,,,,,,,,,,,,,,,,,,,,,,,,,
56089,,,,,,,,,,0.01,0.066,,-0.01,,,0.022,,,,,,,,,,,,,,,,,,,,,,,,,,,,,,,,,,,,,,,,,,,,,,,,,,,,,,,,,,,,-0.157,0.011,0.104,-0.157,-0.071,0.033,0.016,0.0,-0.012,0.0,0.012,0.013,-0.029,0.0,0.0,0.0,,,,,,,,,,0,,,,,,,,,,,,,,,,,,,,,,,,,,,,,,,1445.81,1445.81,1445.81,1445.81,1445.81,1445.83,,,,,,,,,,,,,,,,,,,,,,,,,,,,,,,,,,,,,T1,,,,,,,
56727,,,,,,,,,,-0.022,,-0.269,-0.01,,,0.024,,,,,,,,,,,,,,,,,,,,,,,,,,,,,,,,,,,,,,,,,,,,,,,,,,,,,,,,,,,,-0.031,-0.047,0.104,-0.031,-0.075,0.112,0.016,0.0,-0.005,0.0,0.014,0.013,-0.029,0.0,,0.0,,,,,,,,,,0,,,,,1544.92,,,,,,,,,,,,,,,,,,,,,,,,,,1549.53,1549.53,1549.54,1549.54,1549.54,,,,,,,,,,,,,,,,,,,,,,,,,,,,,,,,,,,,,,T1,,,,,,,
34631,-0.036,0.029,0.0,,,,,,-0.059,,,,,,,,,,,,,,,,,,,,,,,,,,,,,,,,,,,,,,,,,,,,,,,,,,,,,,,,,,,,,,,,,,,0.02,-0.079,0.082,0.02,0.031,0.007,,,,,0.013,0.013,0.062,0.0,,0.0,,,,,,,,,,0,490.11,,,490.16,,,,,,,,,,,,,,,,,,,,,,,,,,,491.38,491.38,491.38,,491.38,,,,,,,,,,,,,,,,,,,,,,,,,,,,,,,,,,,,,,,,,,,,,
30774,0.147,0.152,,0.019,0.336,-0.012,,,,,,,,,,,,,,,,,,,,,,,,,,,,,,,,,,,,,,,,,,,,,,,,,,,,,,,,,,,,,,,,,,,,,,0.02,0.1,0.063,0.02,0.039,0.217,-0.011,0.0,-0.014,0.0,0.012,0.013,0.108,0.0,0.0,0.0,,,,,,,,,,0,1105.87,1105.87,1105.9,,,,,,,,,,,,,,,,,,,,,,,,,,,,1107.62,1107.62,1107.62,1107.62,1107.62,1107.63,,,,,,,,,,,,,,,,,,,,,,,,,,,,,,,,,,,,,,,,,,,,
46138,,,,,,,,,,-0.014,,0.186,,0.102,0.262,,,,,,,,,,,,,,,,,,,,,,,,,,,,,,,,,,,,,,,,,,,,,,,,,,,,,,,,,,,,,-0.005,-0.104,0.063,-0.005,-0.016,0.086,-0.092,0.0,-0.013,0.0,0.013,0.013,0.199,0.0,0.0,0.0,,,,,,,,,,0,,,,,979.89,979.91,,,,,,,,,,,,,,,,,,,,,,,,,986.12,986.12,986.14,986.14,986.14,986.16,,,,,,,,,,,,,,,,,,,,,,,,,,,,,,,,,,,,,T1,,,,,,,
55969,,,,,,,,,,0.01,,0.24,,,,-0.089,,,,,,,,,,,,,,,,,,,,,,,,,,,,,,,,,,,,,,,,,,,,,,,,,,,,,,,,,,,,-0.182,-0.021,0.082,-0.182,-0.02,0.033,0.043,0.0,-0.012,0.0,0.016,0.013,-0.119,0.0,0.0,0.0,,,,,,,,,,0,,,,,1341.39,,,,,,,,,,,,,,,,,,,,,,,,,,1350.35,1350.35,1350.36,1350.36,1350.36,1350.38,,,,,,,,,,,,,,,,,,,,,,,,,,,,,,,,,,,,,,,,,,,,
48427,,,,,,,,,,,,,,,,,,,,,,,,,,,0.003,0.06,,-0.038,-0.107,0.075,,0.099,,,,,,,,,,,,,,,,,,,,,,,,,,,,,,,,,,,,,,,-0.035,,,-0.157,-0.034,0.063,-0.157,0.075,-0.046,0.124,0.0,-0.013,0.0,0.017,0.013,-0.21,0.0,,0.0,,,,,,,,,,0,,,,,,,,,,,970.95,,971.01,,,,,,,,,,,,,,,,,,989.97,989.97,989.97,989.97,989.97,,,,,,,,,,,,,,,,,,,,,,,,,,,,,,,,,,,,,,,,,,,,,
39226,0.016,-0.046,0.0,,,-0.071,,,,,,,,,,,,,,,,,,,,,,,,,,,,,,,,,,,,,,,,,,,,,,,,,,,,,,,,,,,,,,,,,,,,,,-0.182,-0.053,0.082,-0.182,-0.071,-0.099,0.07,0.0,-0.012,0.0,0.016,0.013,-0.029,0.0,0.0,0.0,,,,,,,,,,0,1333.82,,1333.85,,,,,,,,,,,,,,,,,,,,,,,,,,,,1340.77,1340.77,1340.78,1340.78,1340.78,1340.79,,,,,,,,,,,,,,,,,,,,,,,,,,,,,,,,,,,,,T1,,,,,,,
52387,,,,,,,,,,0.026,-0.034,,,0.096,-0.024,,,,,,,,,,,,,,,,,,,,,,,,,,,,,,,,,,,,,,,,,,,,,,,,,,,,,,,,,,-0.035,,,-0.005,-0.079,0.082,-0.005,-0.059,0.112,-0.146,0.0,0.013,0.0,0.016,0.013,0.062,0.0,0.0,0.0,,,,,,,,,,0,,,,,,1288.98,,,,,,,,,,,,,,,,,,,,,,,,,1290.8,1290.8,1290.81,1290.81,1290.81,1290.83,,,,,,,,,,,,,,,,,,,,,,,,,,,,,,,,,,,,,,,,,,,,
29589,0.056,0.024,,0.019,,0.011,,,,,,,,,,,,,,,,,,,,,,,,,,,,,,,,,,,,,,,,,,,,,,,,,,,,,,,,,,,,,,,,,,,,,,-0.132,-0.104,0.063,-0.132,-0.043,0.059,0.016,0.0,0.022,0.0,0.02,0.013,-0.074,0.0,,0.0,,,,,,,,,,0,1249.22,1249.22,1249.26,,,,,,,,,,,,,,,,,,,,,,,,,,,,1260.11,1260.11,1260.11,1260.11,1260.11,,,,,,,,,,,,,,,,,,,,,,,,,,,,,,,,,,,,,,T1,,,,,,,
45177,,,,,,,,,,,,,,,,,,,,,,,,,,,,,,,,,,,-0.445,-0.008,0.031,,-0.011,,-0.035,,,,,,,,,,,,,,,,,,,,,,,,,,,,,,0.036,-0.107,,,,0.033,0.068,0.057,0.033,-0.043,0.007,-0.038,0.0,-0.004,0.0,0.013,0.013,-0.029,0.0,,0.0,,,,,,,,,,0,,,,,,,,,,,,,,723.6,723.61,723.61,,,,,,,,,,,,,750.31,,759.88,759.88,759.88,759.88,759.88,,,,,,,,,,,,,,,,,,,,,T1,,,,,,,,,,,,,,,,,T1,,,,,,,
2932,,,,,,,,,,,,,,,,,,,,,,,,,,,,,,,,,,,0.083,,,-0.172,0.053,,0.214,,,,,,,,,,,,,,,,,,,,,,,,,,,,,,,,0.91,,,0.058,-0.066,0.057,0.058,0.043,-0.02,0.016,0.0,0.004,0.0,0.012,0.013,-0.119,0.0,,0.0,,,,,,,,,,0,,,,,,,,,,,,,,712.62,,712.64,,,,,,,,,,,,,,,755.63,755.63,755.63,755.63,755.63,,,,,,,,,,,,,,,,,,,,,T1,,T1,,,,,,,,,,,,,,,T1,,,,,,,
11184,-0.16,0.013,0.0,,-0.164,,,,-0.047,,,,,,,,,,,,,,,,,,,,,,,,,,,,,,,,,,,,,,,,,,,,,,,,,,,,,,,,,,,,,,,,,,,0.269,-0.034,0.037,0.269,0.067,-0.23,,,,,0.014,0.013,0.017,0.0,0.0,0.0,,,,,,,,,,0,369.21,,,369.24,,,,,,,,,,,,,,,,,,,,,,,,,,,370.83,370.83,370.84,,370.84,370.85,,,,,,,,,,,,,,,,,,,,,,,,,,,,,,,,,,,,,T1,,,,,,,
3180,,,,,,,,,,,,,,,,,,,,,,,,,,,,,,,,,,,0.25,-0.008,0.054,,-0.156,,-0.055,,,,,,,,,,,,,,,,,,,,,,,,,,,,,,0.127,0.019,,,,0.033,0.144,0.057,0.033,-0.012,-0.178,-0.011,0.0,0.021,0.0,0.017,0.013,-0.119,0.0,0.0,0.0,,,,,,,,,,0,,,,,,,,,,,,,,744.08,744.09,744.1,,,,,,,,,,,,,767.99,,770.72,770.72,770.72,770.72,770.72,770.73,,,,,,,,,,,,,,,,,,,,T1,,,,,,,,,,,,,,,,,T1,,,,,,,
33478,-0.01,0.008,0.0,,,,0.068,0.002,0.046,,,,,,,,,,,,,,,,,,,,,,,,,,,,,,,,,,,,,,,,,,,,,,,,,,,,,,,,,,,,,,,,,,,0.156,-0.002,0.037,0.156,-0.031,-0.046,,,,,0.004,0.013,0.199,0.0,,0.0,,,,,,,,,,0,338.49,,,338.53,,,,,,,,,,,,,,,,,,,,,,,,,,,339.51,339.51,339.52,,339.52,,,,,,,,T48,,,,,,,,,,,,,,,,,,,,,,,,,,,,,,,,,,,,,
36254,,,,,,,,,,,,,,,,,,,,,,,,,,,,,,,,,,,0.177,,,0.408,0.035,,0.101,,,,,,,,,,,,,,,,,,,,,,,,,,,,,,-0.09,-0.141,,,,0.13,-0.085,0.037,0.13,0.086,-0.046,,,,,0.012,0.013,-0.029,0.0,,0.0,,,,,,,,,,0,,,,,,,,,,,,,,373.47,,373.5,,,,,,,,,,,,,416.55,,421.4,421.4,421.41,,421.41,,,,,,,,,,,,,,,,,,,,,T1,,T1,,,,,,,,,,,,,,,T1,,,,,,,
12083,0.043,0.125,0.0,,,-0.02,,,,,,,,,,,,,,,,,,,,,,,,,,,,,,,,,,,,,,,,,,,,,,,,,,,,,,,,,,,,,,,,,,,,,,-0.106,-0.015,0.063,-0.106,-0.039,0.164,0.016,0.0,-0.012,0.0,0.014,0.013,-0.029,0.0,,0.0,,,,,,,,,,0,1227.06,,1227.09,,,,,,,,,,,,,,,,,,,,,,,,,,,,1238.71,1238.71,1238.72,1238.72,1238.72,,,,,,,,,,,,,,,,,,,,,,,,,,,,,,,,,,,,,,T1,,,,,,,
45076,0.016,0.109,,0.119,-0.164,,0.039,0.0,,,,,,,,,,,,,,,,,,,,,,,,,,,,,,,,,,,,,,,,,,,,,,,,,,,,,,,,,,,,,,,-0.092,-0.033,,,,0.21,0.049,0.063,0.21,-0.067,0.112,-0.011,0.0,0.02,0.0,0.018,0.013,0.108,0.0,,0.0,,,,,,,,,,0,912.4,912.4,,,,,,,,,,,,,,,,,,,,,,,,,,,913.8,,920.96,920.96,920.96,920.96,920.96,,,,,,,,,,,,,,,,,,,,,,,,,,,,,,,,,,,,,,T1,,,,,,,
12972,,,,,,,,,,,,,,,,,,,,,,,,,,,,,,,,,,,,,,,,,,,,,,,,,,,,,,,,,,,,,,,,,,,,,,,,,,,,0.109,0.036,0.057,0.109,-0.031,0.164,0.043,0.0,0.012,0.0,0.017,0.013,-0.21,,,0.0,,,,,,,,,,0,,,,,,,,,,,,,,,,,,,,,,,,,,,,,,,808.65,808.65,808.65,808.65,808.65,,,,,,,,,,,,,,,,,,,,,,,,,,,,,,,,,,,,,,,,,,,,,
9723,,,,,,,,,,-0.002,-0.034,,,-0.058,-0.024,,,,,,,,,,,,,,,,,,,,,,,,,,,,,,,,,,,,,,,,,,,,,,,,,,,,,,,,,,,,,-0.031,-0.072,0.082,-0.031,-0.051,0.138,0.016,0.0,-0.012,0.0,0.013,0.013,-0.029,0.0,0.0,0.0,,,,,,,,,,0,,,,,,1277.55,,,,,,,,,,,,,,,,,,,,,,,,,1290.74,1290.74,1290.74,1290.74,1290.74,1290.76,,,,,,,,,,,,,,,,,,,,,,,,,,,,,,,,,,,,,T1,,,,,,,
46277,,,,,,,,,,,,,,,,,,,,,,,,,,,,,,,,,,,,,,,,,,0.029,-0.001,0.001,,,-0.038,0.157,,,,,,,,,,,,,,,,,,,,,,,,,,-0.036,0.931,0.134,0.011,0.057,0.134,-0.02,-0.02,0.016,0.0,-0.013,0.0,0.014,0.013,0.017,0.0,,0.0,,,,,,,,,,0,,,,,,,,,,,,,,,,,669.23,,669.39,,,,,,,,,,,734.43,737.44,737.44,737.44,737.44,737.44,,,,,,,,,,,,,,,,,,,,,,,,,,,,,,,,,,,,,,T1,,,,,,,
13227,-0.036,0.019,,0.119,,,-0.043,0.001,,,,,,,,,,,,,,,,,,,,,,,,,,,,,,,,,,,,,,,,,,,,,,,,,,,,,,,,,,,,,,,-0.238,0.073,,,,0.261,-0.072,0.057,0.261,-0.02,-0.02,-0.011,0.0,0.012,0.0,0.016,0.013,0.199,0.0,0.0,0.0,,,,,,,,,,1,885.46,885.47,,,,,,,,,,,,,,,,,,,,,,,,,,,888.18,,889.52,889.52,889.53,889.53,889.53,889.55,,,,,,,,,,,,,,,,,,,,,,,,,,,,,,,,,,,,,,,,,,,,
10837,-0.029,-0.003,,-0.081,-0.164,,,,-0.07,,,,,,,,,,,,,,,,,,,,,,,,,,,,,,,,,,,,,,,,,,,,,,,,,,,,,,,,,,,,,,,,,,,0.008,0.1,0.101,0.008,0.153,-0.151,0.016,0.0,-0.012,0.0,0.014,0.013,-0.029,0.0,0.0,0.0,,,,,,,,,,0,609.56,609.57,,609.58,,,,,,,,,,,,,,,,,,,,,,,,,,,611.45,611.45,611.46,611.46,611.46,611.48,,,,,,,,,,,,,,,,,,,,,,,,,,,,,,,,,,,,,,,,,,,,
2611,,,,,,,,,,0.022,-0.034,,-0.01,,,,-0.009,0.002,,,,,,,,,,,,,,,,,,,,,,,,,,,,,,,,,,,,,,,,,,,,,,,,,,,,,,,,,,0.007,-0.053,0.082,0.007,0.008,0.059,,,,,0.014,0.013,-0.074,0.0,,0.0,,,,,,,,,,0,,,,,,,475.66,,,,,,,,,,,,,,,,,,,,,,,,475.89,475.89,475.9,,475.9,,,,,,,,,,,,,,,,,,,,,,,,,,,,,,,,,,,,,,T1,,,,,,,
32806,,,,,,,,,,,,,,,,,,,,,,,,,,,0.064,0.149,,0.105,-0.008,-0.039,,-0.271,,,,,,,,,,,,,,,,,,,,,,,,,,,,,,,,,,,,,-0.129,0.024,,,,0.109,0.017,0.057,0.109,0.063,0.164,0.016,0.0,0.004,0.0,0.019,0.013,0.017,0.0,,0.0,,,,,,,,,,0,,,,,,,,,,,788.19,,788.2,,,,,,,,,,,,,,,,791.04,,794.1,794.1,794.1,794.1,794.1,,,,,,,,,,,,,,,,,,,,,,,,,,,,,,,,,,,,,,T1,,,,,,,
49672,,,,,,,,,,,,,,,,,,,,,,,,,,,,,,,,,,,,,,,,,,,,,,,,,,,,,-0.084,0.0,,-0.279,,,,,,,,,,,,,,,,,-0.035,,,0.096,-0.149,0.063,0.096,-0.012,-0.02,0.016,0.0,-0.014,0.0,0.012,0.013,0.335,0.0,0.0,0.0,,,,,,,,,,0,,,,,,,,,,,,,,,,,,,,,,,,,,,,,,,1026.59,1026.59,1026.6,1026.6,1026.6,1026.61,,,,,,,,,,,,,,,,,,,,,,,,,,,,,,,,,,,,,,,,,,,,
51920,,,,,,,,,,,,,,,,,,,,,,,,,,,-0.069,0.355,,-0.038,-0.101,,-0.09,-0.067,,,,,,,,,,,,,,,,,,,,,,,,,,,,,,,,,,,,,,,,-0.036,-0.037,0.109,0.017,0.057,0.109,-0.024,-0.099,0.016,0.0,0.012,0.0,0.009,0.013,-0.074,0.0,,0.0,,,,,,,,,,0,,,,,,,,,,,702.29,,,,,,,,,,,,,,,,,,,734.57,739.12,739.12,739.12,739.12,739.12,,,,,,,,,,,,,,,,,,,,,,,,,,,,,,,,,,,,,,T1,,,,,,,
9345,0.088,0.051,0.0,,-0.164,-0.013,,,,,,,,,,,,,,,,,,,,,,,,,,,,,,,,,,,,,,,,,,,,,,,,,,,,,,,,,,,,,,,,,,,,,,,,,,,,,,,,,,,,,,0.0,0.0,-0.181,,0.019,0.188,0.0,0.069,0.001,0,835.29,,835.31,,,,,,,,,,,,,,,,,,,,,,,,,,,,,,,,,,838.29,,838.36,838.37,,,,,,,,,,,,,,,,,,,,,,,,,,,,,,,,,,,,,,,,
38243,0.003,-0.083,,-0.081,-0.164,0.013,,,,,,,,,,,,,,,,,,,,,,,,,,,,,,,,,,,,,,,,,,,,,,,,,,,,,,,,,,,,,,,,,,,,,,0.033,0.227,0.101,0.033,0.031,0.112,-0.119,0.0,0.03,0.0,0.011,0.013,-0.119,0.0,,0.0,,,,,,,,,,0,670.74,670.74,670.77,,,,,,,,,,,,,,,,,,,,,,,,,,,,671.22,671.22,671.22,671.22,671.22,,,,,,,,,,,,,,,,,,,,,,,,,,,,,,,,,,,,,,T1,,,,,,,
18262,-0.042,-0.131,0.0,,-0.164,-0.077,,,,,,,,,,,,,,,,,,,,,,,,,,,,,,,,,,,,,,,,,,,,,,,,,,,,,,,,,,,,,,,,,,,,,,-0.157,-0.034,0.082,-0.157,-0.055,0.112,-0.038,0.0,-0.012,0.0,0.016,0.013,-0.119,0.0,,0.0,,,,,,,,,,0,1374.47,,1374.5,,,,,,,,,,,,,,,,,,,,,,,,,,,,1376.3,1376.3,1376.3,1376.3,1376.3,,,,,,,,,,,,,,,,,,,,,,,,,,,,,,,,,,,,,,,,,,,,,
35560,-0.068,0.104,0.0,,,,0.058,0.0,,,,,,,,,,,,,,,,,,,,,,,,,,,,,,,,,,,,,,,,,,,,,,,,,,,,,,,,,,,,,,,,,,,,-0.009,-0.111,-0.702,-0.009,,-0.02,,,,,0.012,0.013,-0.074,0.0,,0.0,,,,,,,,,,0,124.74,,,,,,,,,,,,,,,,,,,,,,,,,,,,,,133.62,133.62,133.63,,133.63,,,,,,,,,,,,,,,,,,,,,,,,,,,,,,,,,,,,,,T1,,,,,,,
47762,0.115,-0.062,,0.019,,-0.056,,,,,,,,,,,,,,,,,,,,,,,,,,,,,,,,,,,,,,,,,,,,,,,,,,,,,,,,,,,,,,,,,,,,,,0.181,0.138,0.037,0.181,0.118,0.086,,,,,0.012,0.013,0.244,0.0,,0.0,,,,,,,,,,0,325.55,325.55,325.59,,,,,,,,,,,,,,,,,,,,,,,,,,,,334.51,334.51,334.52,,334.52,,,,,,,,,,,,,,,,,,,,,,,,,,,,,,,,,,,,,,T1,,,,,,,
30269,,,,,,,,,,,,,,,,,,,,,,,,,,,,,,,,,,,-0.018,-0.008,0.144,,,0.047,0.003,,,,,,,,,,,,,,,,,,,,,,,,,,,,,,0.042,0.113,,,,-0.043,0.004,0.057,-0.043,0.0,-0.02,0.07,0.0,0.021,0.0,0.014,0.013,-0.165,0.0,0.0,0.0,,,,,,,,,,0,,,,,,,,,,,,,,761.8,761.82,,,,,,,,,,,,,,778.57,,784.38,784.38,784.38,784.38,784.38,784.39,,,,,,,,,,,,,,,,,,,,T1,,,,,,,,,,,,,,,,,T1,,,,,,,
23573,0.01,-0.062,,0.019,,0.007,,,,,,,,,,,,,,,,,,,,,,,,,,,,,,,,,,,,,,,,,,,,,,,,,,,,,,,,,,,,,,,,,,,,,,-0.106,0.042,0.063,-0.106,-0.055,-0.072,0.07,0.0,-0.012,0.0,0.01,0.013,-0.074,0.0,0.0,0.0,,,,,,,,,,0,1210.84,1210.84,1210.87,,,,,,,,,,,,,,,,,,,,,,,,,,,,1212.58,1212.58,1212.58,1212.58,1212.58,1212.69,,,,,,,,,,,,,,,,,,,,,,,,,,,,,,,,,,,,,T1,,,,,,,
7903,,,,,,,,,,0.022,,0.197,,,,0.029,,,,,,,,,,,,,,,,,,,,,,,,,,,,,,,,,,,,,,,,,,,,,,,,,,,,,,,,,,,,-0.031,-0.079,0.063,-0.031,-0.047,0.086,-0.119,0.0,-0.012,0.0,0.019,0.013,0.199,0.0,,0.0,,,,,,,,,,0,,,,,1260.53,,,,,,,,,,,,,,,,,,,,,,,,,,1263.75,1263.75,1263.75,1263.75,1263.75,,,,,,,,,,,,,,,,,,,,,,,,,,,,,,,,,,,,,,T1,,,,,,,
24386,,,,,,,,,,-0.01,-0.034,,,0.021,0.061,,,,,,,,,,,,,,,,,,,,,,,,,,,,,,,,,,,,,,,,,,,,,,,,,,,,,,,,,,,,,0.084,0.144,0.101,0.084,-0.012,-0.151,-0.092,0.0,-0.012,0.0,0.013,0.013,,0.0,,0.0,,,,,,,,,,1,,,,,,675.24,,,,,,,,,,,,,,,,,,,,,,,,,677.39,677.39,677.39,677.39,677.39,,,,,,,,,,,,,,,,,,,,,,,,,,,,,,,,,,,,,,T1,,,,,,,
25113,-0.01,0.04,0.0,,,,,,0.014,,,,,,,,,,,,,,,,,,,,,,,,,,,,,,,,,,,,,,,,,,,,,,,,,,,,,,,,,,,,,,,,,,,-0.031,0.011,0.104,-0.031,-0.082,0.138,0.178,0.0,-0.004,0.0,0.011,0.013,-0.029,0.0,0.0,0.0,,,,,,,,,,0,1532.0,,,1532.03,,,,,,,,,,,,,,,,,,,,,,,,,,,1540.92,1540.92,1540.93,1540.93,1540.93,1541.08,,,,,,,,,,,,,,,,,,,,,,,,,,,,,,,,,,,,,T1,,,,,,,
33107,0.056,0.024,0.0,,,,,,0.057,,,,,,,,,,,,,,,,,,,,,,,,,,,,,,,,,,,,,,,,,,,,,,,,,,,,,,,,,,,,,,,,,,,-0.106,-0.002,0.104,-0.106,-0.031,-0.02,0.07,0.0,0.011,0.0,0.012,0.013,-0.119,0.0,0.0,0.0,,,,,,,,,,0,1692.16,,,1692.2,,,,,,,,,,,,,,,,,,,,,,,,,,,1698.88,1698.88,1698.88,1698.88,1698.88,1698.92,,,,,,,,,,,,,,,,,,,,,,,,,,,,,,,,,,,,,T1,,,,,,,
11700,,,,,,,,,,0.002,,0.023,,,,0.036,,,,,,,,,,,,,,,,,,,,,,,,,,,,,,,,,,,,,,,,,,,,,,,,,,,,,,,,,,,,0.155,-0.04,0.037,0.155,0.129,-0.151,,,,,0.009,0.013,0.017,0.0,0.0,0.0,,,,,,,,,,0,,,,,282.06,,,,,,,,,,,,,,,,,,,,,,,,,,288.43,288.43,288.44,,288.44,288.45,,,,,,,,,,,,,,,,,,,,,,,,,,,,,,,,,,,,,,,,,,,,
56855,0.082,0.083,0.0,,,,,,-0.035,,,,,,,,,,,,,,,,,,,,,,,,,,,,,,,,,,,,,,,,,,,,,,,,,,,,,,,,,,,,,,-0.207,0.238,,,,-0.056,-0.098,0.082,-0.056,-0.075,0.033,-0.092,0.0,-0.012,0.0,0.012,0.013,0.108,0.0,,0.0,,,,,,,,,,0,1275.4,,,1275.43,,,,,,,,,,,,,,,,,,,,,,,,,1292.58,,1298.02,1298.02,1298.02,1298.02,1298.02,,,,,,,,,,,,,,,,,,,,,,,,,,,,,,,,,,,,,,,,,,,,,
8385,,,,,,,,,,-0.014,,-0.003,,-0.057,-0.12,,,,,,,,,,,,,,,,,,,,,,,,,,,,,,,,,,,,,,,,,,,,,,,,,,,,,,,,,,,,,,,,,,,,,,,,,,,,,0.0,0.0,-0.078,-0.006,,0.041,0.0,,0.0,0,,,,,1158.61,1158.64,,,,,,,,,,,,,,,,,,,,,,,,,,,,,,,1160.0,,1160.02,1160.03,,,,,,,,,,,,,,,,,,,,,,,,,,,,,,,,,,,,,,,,
50676,-0.068,-0.062,,-0.081,-0.164,0.011,,,,,,,,,,,,,,,,,,,,,,,,,,,,,,,,,,,,,,,,,,,,,,,,,,,,,,,,,,,,,,,,,,,,,,0.084,-0.034,0.082,0.084,0.145,0.007,-0.038,0.0,-0.003,0.0,0.013,0.013,-0.165,0.0,,0.0,,,,,,,,,,0,523.47,523.47,523.49,,,,,,,,,,,,,,,,,,,,,,,,,,,,525.27,525.27,525.28,525.28,525.28,,,,,,,,,,,,,,,,,,,,,,,,,,,,,,,,,,,,,,,,,,,,,
620,-0.029,0.131,0.0,,,,,,0.06,,,,,,,,,,,,,,,,,,,,,,,,,,,,,,,,,,,,,,,,,,,,,,,,,,,,,,,,,,,,,,,,,,,,,,,,,,,,,,,,,,,0.0,0.0,-0.039,,-0.044,-0.136,0.0,0.069,0.0,0,1412.6,,,1412.63,,,,,,,,,,,,,,,,,,,,,,,,,,,,,,,,,1413.1,,1413.11,1413.14,,,,,,,,,,,,,,,,,,,,,,,,,,,,,,,,,,,,,,,,
23302,0.095,0.056,,0.019,,,0.014,0.001,,,,,,,,,,,,,,,,,,,,,,,,,,,,,,,,,,,,,,,,,,,,,,,,,,,,,,,,,,,,,,,0.06,-0.012,,,,0.084,0.061,0.057,0.084,-0.055,0.086,0.016,0.0,-0.013,0.0,0.014,0.013,-0.029,0.0,,0.0,,,,,,,,,,0,905.45,905.46,,,,,,,,,,,,,,,,,,,,,,,,,,,911.86,,913.57,913.57,913.57,913.57,913.57,,,,,,,,,,,,,,,,,,,,,,,,,,,,,,,,,,,,,,T1,,,,,,,
15825,,,,,,,,,,0.022,0.066,,-0.01,-0.122,-0.043,,,,,,,,,,,,,,,,,,,,,,,,,,,,,,,,,,,,,,,,,,,,,,,,,,,,,,,,,,,,,-0.044,-0.136,0.082,-0.044,0.02,-0.02,0.097,0.0,0.013,0.0,0.014,0.013,-0.029,0.0,0.0,0.0,,,,,,,,,,0,,,,,,567.26,,,,,,,,,,,,,,,,,,,,,,,,,569.2,569.2,569.21,569.21,569.21,569.22,,,,,,,,,,,,,,,,,,,,,,,,,,,,,,,,,,,,,,,,,,,,
30428,0.082,0.056,,-0.081,,0.115,,,,,,,,,,,,,,,,,,,,,,,,,,,,,,,,,,,,,,,,,,,,,,,,,,,,,,,,,,,,,,,,,,,,,,,,,,,,,,,,,,,,,,0.0,0.0,0.041,,-0.03,-0.102,0.0,-0.131,0.0,0,1390.68,1390.68,1390.71,,,,,,,,,,,,,,,,,,,,,,,,,,,,,,,,,,1391.85,,1391.88,1391.89,,,,,,,,,,,,,,,,,,,,,,,,,,,,,,,,,,,,,,,,
5800,,,,,,,,,,,,,,,,,,,,,,,,,,,,,,,,,,,,,,,,,,-0.048,0.001,-0.001,,-0.015,,0.125,,,,,,,,,,,,,,,,,,,,,,,-0.033,-0.094,,,,-0.132,-0.04,0.063,-0.132,-0.024,0.007,0.043,0.0,-0.013,0.0,0.012,0.013,-0.165,0.0,0.0,0.0,,,,,,,,,,0,,,,,,,,,,,,,,,,,969.41,,,,,,,,,,,,990.18,,991.51,991.51,991.52,991.52,991.52,991.53,,,,,,,,,,,,,,,,,,,,,,,,,,,,,,,,,,,,,T1,,,,,,,
22670,,,,,,,,,,0.01,0.066,,-0.01,0.015,-0.038,,,,,,,,,,,,,,,,,,,,,,,,,,,,,,,,,,,,,,,,,,,,,,,,,,,,,,,,,,,,,-0.132,-0.034,0.063,-0.132,-0.039,0.112,0.043,0.0,-0.003,0.0,0.013,0.013,-0.119,0.0,,0.0,,,,,,,,,,0,,,,,,1161.11,,,,,,,,,,,,,,,,,,,,,,,,,1165.68,1165.68,1165.69,1165.69,1165.69,,,,,,,,,,,,,,,,,,,,,,,,,,,,,,,,,,,,,,T1,,,,,,,
34968,,,,,,,,,,0.002,,-0.037,-0.01,,,,0.012,-0.049,,,,,,,,,,,,,,,,,,,,,,,,,,,,,,,,,,,,,,,,,,,,,,,,,,,,,,,,,,0.079,-0.028,0.037,0.079,0.118,-0.204,,,,,0.012,0.013,0.017,0.0,0.0,0.0,,,,,,,,,,1,,,,,281.89,,281.91,,,,,,,,,,,,,,,,,,,,,,,,288.13,288.13,288.14,,288.14,288.15,,,,,,,,,,,,,,,,,,,,,,,,,,,,,,,,,,,,,T1,,,,,,,
43125,0.036,-0.078,,-0.081,-0.164,0.051,,,,,,,,,,,,,,,,,,,,,,,,,,,,,,,,,,,,,,,,,,,,,,,,,,,,,,,,,,,,,,,,,,,,,,0.084,0.125,0.101,0.084,0.004,-0.151,-0.119,0.0,-0.012,0.0,0.011,0.013,-0.074,0.0,0.0,0.0,,,,,,,,,,0,675.8,675.8,675.83,,,,,,,,,,,,,,,,,,,,,,,,,,,,677.44,677.44,677.44,677.44,677.44,677.47,,,,,,,,,,,,,,,,,,,,,,,,,,,,,,,,,,,,,T1,,,,,,,
11054,,,,,,,,,,,,,,,,,,,,,,,,,,,,,,,,,,,0.053,,,0.126,,-0.061,0.106,,,,,,,,,,,,,,,,,,,,,,,,,,,,,,-0.069,-0.001,,,,0.058,0.03,0.057,0.058,-0.039,-0.02,-0.038,0.0,0.021,0.0,0.018,0.013,-0.074,0.0,,0.0,,,,,,,,,,0,,,,,,,,,,,,,,744.51,,,,,,,,,,,,,,,768.02,,771.63,771.63,771.64,771.64,771.64,,,,,,,,,,,,,,,,,,,,,T1,,T1,,,,,,,,,,,,,,,,,,,,,,
24713,,,,,,,,,,0.026,,-0.259,,,,,0.003,-0.1,,,,,,,,,,,,,,,,,,,,,,,,,,,,,,,,,,,,,,,,,,,,,,,,,,,,,,,,,,-0.106,-0.009,0.104,-0.106,-0.078,0.164,-0.011,0.0,0.004,0.0,0.012,0.013,0.062,0.0,,0.0,,,,,,,,,,0,,,,,1614.86,,1614.89,,,,,,,,,,,,,,,,,,,,,,,,1616.66,1616.66,1616.66,1616.66,1616.66,,,,,,,,,,,,,,,,,,,,,,,,,,,,,,,,,,,,,,,,,,,,,
53731,0.023,0.077,,0.019,,0.002,,,,,,,,,,,,,,,,,,,,,,,,,,,,,,,,,,,,,,,,,,,,,,,,,,,,,,,,,,,,,,,,,,,,,,0.155,-0.091,-0.725,0.155,0.094,-0.046,,,,,0.01,0.013,-0.074,0.0,0.0,0.0,,,,,,,,,,0,2.27,2.27,2.36,,,,,,,,,,,,,,,,,,,,,,,,,,,,4.23,4.23,4.23,,4.23,4.25,,,,,,,,,,,,,,,,,,,,,,,,,,,,,,,,,,,,,T1,,,,,,,
27790,,,,,,,,,,-0.006,,0.278,-0.01,,,-0.06,,,,,,,,,,,,,,,,,,,,,,,,,,,,,,,,,,,,,,,,,,,,,,,,,,,,,,,,,,,,0.004,-0.021,0.037,0.004,0.082,-0.257,,,,,0.01,0.013,-0.074,0.0,0.0,0.0,,,,,,,,,,0,,,,,266.7,,,,,,,,,,,,,,,,,,,,,,,,,,268.31,268.31,268.31,,268.31,268.34,,,,,,,,,,,,,,,,,,,,,,,,,,,,,,,,,,,,,,,,,,,,
38478,,,,,,,,,,-0.006,-0.034,,-0.01,0.049,0.203,,,,,,,,,,,,,,,,,,,,,,,,,,,,,,,,,,,,,,,,,,,,,,,,,,,,,,,,,,,,,-0.004,0.138,0.082,-0.004,0.012,-0.178,-0.011,0.0,-0.003,0.0,0.013,0.013,0.062,0.0,,0.0,,,,,,,,,,0,,,,,,553.87,,,,,,,,,,,,,,,,,,,,,,,,,555.23,555.23,555.24,555.24,555.24,,,,,,,,,,,,,,,,,,,,,,,,,,,,,,,,,,,,,,,,,,,,,
39345,,,,,,,,,,0.014,,-0.304,,,,,-0.011,-0.039,,,,,,,,,,,,,,,,,,,,,,,,,,,,,,,,,,,,,,,,,,,,,,,,,,,,,,,,,,,,,,,,,,,,,,,,,,0.0,0.0,-0.086,,-0.065,0.162,0.0,0.069,0.0,0,,,,,1408.34,,1408.37,,,,,,,,,,,,,,,,,,,,,,,,,,,,,,1409.27,,1409.29,1409.3,,,,,,,,,,,,,,,,,,,,,,,,,,,,,,,,,,,,,,,,
21890,,,,,,,,,,,,,,,,,,,,,,,,,,,-0.039,-0.013,,0.034,-0.033,,-0.187,0.037,,,,,,,,,,,,,,,,,,,,,,,,,,,,,,,,,,,,,,,-0.035,,,0.033,0.151,0.057,0.033,-0.027,-0.125,-0.011,0.0,0.029,0.0,0.016,0.013,-0.029,0.0,,0.0,,,,,,,,,,0,,,,,,,,,,,786.89,,,,,,,,,,,,,,,,,,,,794.08,794.08,794.08,794.08,794.08,,,,,,,,,,,,,,,,,,,,,,,,,,,,,,,,,,,,,,T1,,,,,,,
42646,-0.095,0.019,0.0,,0.336,-0.009,,,,,,,,,,,,,,,,,,,,,,,,,,,,,,,,,,,,,,,,,,,,,,,,,,,,,,,,,,,,,,,,,,,,,,0.118,0.036,0.015,0.118,-0.024,0.033,,,,,0.009,0.013,0.108,0.0,0.0,0.0,,,,,,,,,,1,219.52,,219.56,,,,,,,,,,,,,,,,,,,,,,,,,,,,221.02,221.02,221.03,,221.03,221.05,,,,,,,,,,,,,,,,,,,,,,,,,,,,,,,,,,,,,T1,,,,,,,
53056,-0.049,-0.115,,-0.081,-0.164,0.016,,,,,,,,,,,,,,,,,,,,,,,,,,,,,,,,,,,,,,,,,,,,,,,,,,,,,,,,,,,,,,,,,,,,,,0.067,-0.251,-0.702,0.067,,-0.072,,,,,0.01,0.013,0.108,0.0,,0.0,,,,,,,,,,0,99.8,99.81,99.83,,,,,,,,,,,,,,,,,,,,,,,,,,,,101.71,101.71,101.72,,101.72,,,,,,,,,,,,,,,,,,,,,,,,,,,,,,,,,,,,,,,,,,,,,
37757,,,,,,,,,,,,,,,,,,,,,,,,,,,0.057,-0.084,,0.034,-0.041,0.066,,0.06,,,,,,,,,,,,,,,,,,,,,,,,,,,,,,,,,,,,,0.336,-0.048,,,,-0.005,-0.149,0.063,-0.005,-0.008,-0.046,0.097,0.0,0.033,0.0,0.017,0.013,0.153,0.0,0.0,0.0,,,,,,,,,,0,,,,,,,,,,,992.29,,992.3,,,,,,,,,,,,,,,,1006.18,,1007.66,1007.66,1007.67,1007.67,1007.67,1007.68,,,,,,,,,,,,,,,,,,,,,,,,,,,,,,,,,,,,,,,,,,,,
56061,,,,,,,,,,,,,,,,,,,,,,,,,,,,,,,,,,,0.128,-0.008,-0.033,,0.098,,0.142,,,,,,,,,,,,,,,,,,,,,,,,,,,,,,0.244,0.124,,,,0.134,0.023,0.057,0.134,-0.027,-0.099,-0.011,0.0,0.004,0.0,0.014,0.013,0.108,0.0,0.0,0.0,,,,,,,,,,0,,,,,,,,,,,,,,707.07,707.09,707.1,,,,,,,,,,,,,742.12,,745.38,745.38,745.39,745.39,745.39,745.4,,,,,,,,,,,,,,,,,,,,T1,,,,,,,,,,,,,,,,,T1,,,,,,,
56171,-0.095,-0.131,,0.019,-0.164,,,,0.065,,,,,,,,,,,,,,,,,,,,,,,,,,,,,,,,,,,,,,,,,,,,,,,,,,,,,,,,,,,,,,-0.068,0.144,,,,-0.157,0.061,0.104,-0.157,-0.078,-0.02,0.016,0.0,-0.004,0.0,0.013,0.013,-0.165,0.0,0.0,0.0,,,,,,,,,,0,1592.99,1593.0,,1593.02,,,,,,,,,,,,,,,,,,,,,,,,,1593.98,,1595.21,1595.21,1595.22,1595.22,1595.22,1595.27,,,,,,,,,,,,,,,,,,,,,,,,,,,,,,,,,,,,,T1,,,,,,,
23559,,,,,,,,,,,,,,,,,,,,,,,,,,,,,,,,,,,,,,,,,,,,,,,,,,,,,,,,,0.004,,,,,,,,0.03,,-0.057,0.117,-0.268,-0.023,0.266,-0.101,,,,-0.157,-0.142,0.063,-0.157,-0.012,0.112,-0.011,0.0,0.008,0.0,0.016,0.013,-0.21,0.0,,0.0,,,,,,,,,,1,,,,,,,,,,,,,,,,,,,,,,,,,,989.88,989.88,989.89,1002.81,,1006.61,1006.61,1006.62,1006.62,1006.62,,,,,,,,,,,,,,,,,,,,,,,,,,,,,,,,,,,,,,T1,,,,,,,
40802,-0.049,0.008,,-0.081,,-0.029,,,,,,,,,,,,,,,,,,,,,,,,,,,,,,,,,,,,,,,,,,,,,,,,,,,,,,,,,,,,,,,,,,,,,,0.067,-0.04,-0.702,0.067,0.153,-0.046,,,,,0.01,0.013,-0.074,0.0,0.0,0.0,,,,,,,,,,0,99.08,99.09,99.11,,,,,,,,,,,,,,,,,,,,,,,,,,,,99.72,99.72,99.72,,99.72,99.75,,,,,,,,,,,,,,,,,,,,,,,,,,,,,,,,,,,,,T1,,,,,,,
37270,,,,,,,,,,0.026,0.066,,-0.01,-0.013,0.033,,,,,,,,,,,,,,,,,,,,,,,,,,,,,,,,,,,,,,,,,,,,,,,,,,,,,,,,,,,,,-0.005,-0.047,0.082,-0.005,-0.047,0.007,0.178,0.0,-0.012,0.0,0.014,0.013,0.017,0.0,,0.0,,,,,,,,,,0,,,,,,1379.05,,,,,,,,,,,,,,,,,,,,,,,,,1379.65,1379.65,1379.65,1379.65,1379.65,,,,,,,,,,,,,,,,,,,,,,,,,,,,,,,,,,,,,,,,,,,,,
18569,,,,,,,,,,-0.014,,0.515,-0.01,,,0.033,,,,,,,,,,,,,,,,,,,,,,,,,,,,,,,,,,,,,,,,,,,,,,,,,,,,,,,,,,,,0.205,0.138,-0.702,0.205,0.082,-0.072,,,,,0.013,0.013,0.062,0.0,0.0,0.0,,,,,,,,,,0,,,,,68.16,,,,,,,,,,,,,,,,,,,,,,,,,,71.09,71.09,71.1,,71.1,71.12,,,,,,,,,,,,,,,,,,,,,,,,,,,,,,,,,,,,,,,,,,,,
29610,,,,,,,,,,,,,,,,,,,,,,,,,,,,,,,,,,,-0.025,,,0.13,0.026,,0.034,,,,,,,,,,,,,,,,,,,,,,,,,,,,,,,,-0.035,,,,,,,,,,,,,,,,,,,0.0,0.0,0.184,,0.007,-0.04,0.0,,0.0,0,,,,,,,,,,,,,,774.26,,774.27,,,,,,,,,,,,,,,,,,,,,794.25,,794.28,794.29,,,,,,,,,,,,,,,,T1,,T1,,,,,,,,,,,,,,,,,,,,,,
53438,,,,,,,,,,,,,,,,,,,,,,,,,,,,,,,,,,,-0.113,,,0.33,,0.196,0.06,,,,,,,,,,,,,,,,,,,,,,,,,,,,,,-0.154,-0.012,,,,0.109,-0.034,0.057,0.109,-0.004,0.033,-0.092,0.0,0.021,0.0,0.011,0.013,-0.074,0.0,0.0,0.0,,,,,,,,,,0,,,,,,,,,,,,,,692.47,,,,,,,,,,,,,,,723.52,,735.4,735.4,735.41,735.41,735.41,735.43,,,,,,,,,,,,,,,,,,,,T1,,T1,,,,,,,,,,,,,,,T1,,,,,,,
58095,,,,,,,,,,,,,,,,,,,,,,,,,,,,,,,,,,,,,,,,,,,,,,,,,,,,,,,,,,,,,,,,,,,,,,,,,,,,0.155,0.093,-0.725,0.155,,-0.02,,,,,0.009,0.013,0.017,0.0,,0.0,,,,,,,,,,0,,,,,,,,,,,,,,,,,,,,,,,,,,,,,,,0.64,0.64,0.64,,0.64,,,,,,,,,,,,,,,,,,,,,,,,,,,,,,,,,,,,,,T1,,,,,,,
27167,,,,,,,,,,,,,,,,,,,,,,,,,,,,,,,,,,,,,,,,,,,,,,,,,,,,,,,,,,,,,,,,,,,,,,,,,-0.035,,,0.158,-0.047,0.082,0.158,0.016,-0.178,,,,,0.01,0.013,0.108,0.0,0.0,0.0,,,,,,,,,,0,,,,,,,,,,,,,,,,,,,,,,,,,,,,,,,474.85,474.85,474.85,,474.85,474.86,,,,,,,,,,,,,,,,,,,,,,,,,,,,,,,,,,,,,T1,,,,,,,
25864,0.003,0.029,0.0,,,0.154,,,,,,,,,,,,,,,,,,,,,,,,,,,,,,,,,,,,,,,,,,,,,,,,,,,,,,,,,,,,,,,,,,,,,,-0.004,0.081,0.082,-0.004,0.016,0.059,-0.065,0.0,0.022,0.0,0.013,0.013,0.017,0.0,,0.0,,,,,,,,,,0,552.7,,552.93,,,,,,,,,,,,,,,,,,,,,,,,,,,,555.04,555.04,555.04,555.04,555.04,,,,,,,,,,,,,,,,,,,,,,,,,,,,,,,,,,,,,,T1,,,,,,,
30411,,,,,,,,,,,,,,,,,,,,,,,,,,,,,,,,,,,0.237,0.047,0.082,,,0.081,-0.071,,,,,,,,,,,,,,,,,,,,,,,,,,,,,,0.186,0.042,,,,0.058,-0.015,0.057,0.058,-0.012,-0.02,-0.038,0.0,-0.013,0.0,0.011,0.013,-0.074,0.0,0.0,0.0,,,,,,,,,,0,,,,,,,,,,,,,,694.75,694.76,,,,,,,,,,,,,,726.76,,737.87,737.87,737.88,737.88,737.88,737.89,,,,,,,,,,,,,,,,,,,,T1,,,,,,,,,,,,,,,,,T1,,,,,,,
12087,0.016,0.04,,0.019,,0.056,,,,,,,,,,,,,,,,,,,,,,,,,,,,,,,,,,,,,,,,,,,,,,,,,,,,,,,,,,,,,,,,,,,,,,,,,,,,,,,,,,,,,,0.0,0.0,0.231,0.059,,0.043,0.0,,0.0,0,549.68,549.68,549.71,,,,,,,,,,,,,,,,,,,,,,,,,,,,,,,,,,551.2,,551.22,551.23,,,,,,,,,,,,,,,,,,,,,,,,,,,,,,,,,,,,,,,,
40473,,,,,,,,,,-0.006,,-0.045,0.24,0.029,-0.102,,,,,,,,,,,,,,,,,,,,,,,,,,,,,,,,,,,,,,,,,,,,,,,,,,,,,,,,,,,,,-0.081,0.049,0.082,-0.081,0.031,0.086,-0.146,0.0,-0.003,0.0,0.011,0.013,0.017,0.0,0.0,0.0,,,,,,,,,,0,,,,,1313.07,1313.1,,,,,,,,,,,,,,,,,,,,,,,,,1315.67,1315.67,1315.69,1315.69,1315.69,1315.71,,,,,,,,,,,,,,,,,,,,,,,,,,,,,,,,,,,,,,,,,,,,
35811,,,,,,,,,,,,,,,,,,,,,,,,,,,,,,,,,,,,,,,,,,-0.051,,,-0.048,,0.049,-0.087,,,,,,,,,,,,,,,,,,,,,,,0.324,0.113,,,,0.134,0.061,0.057,0.134,-0.016,0.191,-0.065,0.0,-0.013,0.0,0.017,0.013,0.017,0.0,,0.0,,,,,,,,,,0,,,,,,,,,,,,,,,,,795.17,795.28,795.29,,,,,,,,,,807.28,,819.29,819.29,819.29,819.29,819.29,,,,,,,,,,,,,,,,,,,,,,,,,,,,,,,,,,,,,,T1,,,,,,,
8593,,,,,,,,,,-0.022,0.066,,-0.01,,,0.038,,,,,,,,,,,,,,,,,,,,,,,,,,,,,,,,,,,,,,,,,,,,,,,,,,,,,,,,,,,,-0.132,0.049,0.104,-0.132,-0.071,-0.072,0.205,0.0,0.029,0.0,0.013,0.013,-0.074,0.0,0.0,0.0,,,,,,,,,,0,,,,,,,,,,,,,,,,,,,,,,,,,,,,,,,1566.02,1566.02,1566.03,1566.03,1566.03,1566.04,,,,,,,,,,,,,,,,,,,,,,,,,,,,,,,,,,,,,T1,,,,,,,
53449,,,,,,,,,,0.018,,0.17,,,,,-0.047,-0.131,,,,,,,,,,,,,,,,,,,,,,,,,,,,,,,,,,,,,,,,,,,,,,,,,,,,,,,,,,0.109,-0.13,0.101,0.109,0.055,-0.178,-0.119,0.0,-0.012,0.0,0.011,0.013,-0.029,0.0,,0.0,,,,,,,,,,0,,,,,683.8,,683.86,,,,,,,,,,,,,,,,,,,,,,,,686.99,686.99,687.0,687.0,687.0,,,,,,,,,,,,,,,,,,,,,,,,,,,,,,,,,,,,,,,,,,,,,
26276,,,,,,,,,,,,,,,,,,,,,,,,,,,,,,,,,,,,,,,,,,-0.08,,,-0.05,-0.018,,-0.141,,,,,,,,,,,,,,,,,,,,,,,0.215,0.238,,,,-0.043,0.055,0.057,-0.043,-0.024,-0.072,-0.011,0.0,0.029,0.0,0.013,0.013,-0.256,0.0,0.0,0.0,,,,,,,,,,0,,,,,,,,,,,,,,,,,702.54,702.65,,,,,,,,,,,706.3,,753.74,753.74,753.75,753.75,753.75,753.77,,,,,,,,,,,,,,,,,,,,,,,,,,,,,,,,,,,,,T1,,,,,,,
49271,,,,,,,,,,,,,,,,,,,,,,,,,,,0.07,0.067,0.273,,,,0.1,-0.05,,,,,,,,,,,,,,,,,,,,,,,,,,,,,,,,,,,,,0.054,-0.067,,,,-0.005,-0.161,0.063,-0.005,-0.016,0.217,0.016,0.0,0.033,0.0,0.016,0.013,0.244,0.0,,0.0,,,,,,,,,,0,,,,,,,,,,,991.97,991.98,,,,,,,,,,,,,,,,,1005.25,,1007.43,1007.43,1007.44,1007.44,1007.44,,,,,,,,,,,,,,,,,,T1,,,,,,,,,,,,,,,,,,,,T1,,,,,,,
58730,0.062,0.088,0.0,,,0.028,,,,,,,,,,,,,,,,,,,,,,,,,,,,,,,,,,,,,,,,,,,,,,,,,,,,,,,,,,,,,,,,,,,-0.035,,,0.02,0.112,0.063,0.02,-0.051,0.059,-0.092,0.0,0.022,0.0,0.012,0.013,-0.029,0.0,0.0,0.0,,,,,,,,,,0,1247.66,,1247.68,,,,,,,,,,,,,,,,,,,,,,,,,,,,1259.09,1259.09,1259.09,1259.09,1259.09,1259.11,,,,,,,,,,,,,,,,,,,,,,,,,,,,,,,,,,,,,,,,,,,,
56324,0.036,-0.072,,-0.081,,-0.033,,,,,,,,,,,,,,,,,,,,,,,,,,,,,,,,,,,,,,,,,,,,,,,,,,,,,,,,,,,,,,,,,,,,,,0.131,0.068,0.037,0.131,0.02,-0.151,,,,,0.014,0.013,0.062,0.0,,0.0,,,,,,,,,,0,335.29,335.29,335.31,,,,,,,,,,,,,,,,,,,,,,,,,,,,336.64,336.64,336.65,,336.65,,,,,,,,,,,,,,,,,,,,,,,,,,,,,,,,,,,,,,,,,,,,,
14552,-0.01,-0.227,0.0,,-0.164,,-0.037,-0.001,,,,,,,,,,,,,,,,,,,,,,,,,,,,,,,,,,,,,,,,,,,,,,,,,,,,,,,,,,,,,,,,,,,,0.03,-0.028,0.037,0.03,0.067,-0.072,,,,,0.01,0.013,0.017,0.0,,0.0,,,,,,,,,,0,273.12,,,,,,,,,,,,,,,,,,,,,,,,,,,,,,274.37,274.37,274.37,,274.37,,,,,,,,,,,,,,,,,,,,,,,,,,,,,,,,,,,,,,T1,,,,,,,
19647,0.056,0.083,,0.019,,0.019,,,,,,,,,,,,,,,,,,,,,,,,,,,,,,,,,,,,,,,,,,,,,,,,,,,,,,,,,,,,,,,,,,,,,,-0.106,0.03,0.104,-0.106,-0.075,0.033,-0.038,0.0,0.022,0.0,0.012,0.013,-0.074,0.0,0.0,0.0,,,,,,,,,,0,1446.15,1446.16,1446.2,,,,,,,,,,,,,,,,,,,,,,,,,,,,1447.94,1447.94,1447.94,1447.94,1447.94,1447.96,,,,,,,,,,,,,,,,,,,,,,,,,,,,,,,,,,,,,T1,,,,,,,
35975,-0.167,-0.185,,0.019,0.336,0.001,,,,,,,,,,,,,,,,,,,,,,,,,,,,,,,,,,,,,,,,,,,,,,,,,,,,,,,,,,,,,,,,,,,,,,-0.132,-0.053,0.104,-0.132,-0.09,0.007,0.232,0.0,0.004,0.0,0.012,0.013,-0.029,0.0,,0.0,,,,,,,,,,0,1501.41,1501.41,1501.43,,,,,,,,,,,,,,,,,,,,,,,,,,,,1510.52,1510.52,1510.52,1510.52,1510.52,,,,,,,,,,,,,,,,,,,,,,,,,,,,,,,,,,,,,,,,,,,,,
6117,,,,,,,,,,,,,,,,,,,,,,,,,,,,,,,,,,,,,,,,,,0.112,,,-0.023,,0.271,-0.07,,,,,,,,,,,,,,,,,,,,,,,0.197,0.024,,,,-0.031,0.017,0.063,-0.031,-0.051,0.164,-0.038,0.0,-0.003,0.0,0.012,0.013,0.153,0.0,,0.0,,,,,,,,,,0,,,,,,,,,,,,,,,,,1147.23,1147.35,1147.35,,,,,,,,,,1172.5,,1176.77,1176.77,1176.78,1176.78,1176.78,,,,,,,,,,,,,,,,,,,,,,,,,,,,,,,,,,,,,,T1,,,,,,,
59839,,,,,,,,,,,,,,,,,,,,,,,,,,,,,,,,,,,,,,,,,,,,,,,,,,,,,,,,,,,,,,,,,,,-0.12,-0.025,,0.07,,,-0.035,,,0.044,-0.13,0.082,0.044,0.012,-0.125,,,,,0.01,0.013,-0.029,0.0,,0.0,,,,,,,,,,0,,,,,,,,,,,,,,,,,,,,,,,,,,,420.52,420.52,,,472.59,472.59,472.6,,472.6,,,,,,,,,,,,,,,,,,,,,,,,,,,,,,,,,,,,,,,,,,,,,
26490,,,,,,,,,,,,,,,,,,,-0.004,-0.067,0.023,0.014,,-0.026,,-0.02,,,,,,,,,,,,,,,,,,,,,,,,,,,,,,,,,,,,,,,,,,,,,,,-0.035,,,-0.157,-0.028,0.096,-0.157,-0.035,0.138,0.124,0.0,0.004,0.0,0.007,0.013,-0.165,0.0,,0.0,,,,,,,,,,0,,,,,,,,1675.1,1675.12,,,,,,,,,,,,,,,,,,,,,,1716.58,1716.58,1716.59,1716.59,1716.59,,,,,,,,,,,,,T1,,,T3,,,,,,,,,,,,,,,,,,,,,,,,,,,,,
49626,-0.003,-0.072,,0.019,-0.164,,-0.09,-0.002,,,,,,,,,,,,,,,,,,,,,,,,,,,,,,,,,,,,,,,,,,,,,,,,,,,,,,,,,,,,,,,,,,,,0.004,0.138,0.037,0.004,0.043,0.033,,,,,0.008,0.013,-0.029,0.0,,0.0,,,,,,,,,,0,270.74,270.75,,,,,,,,,,,,,,,,,,,,,,,,,,,,,271.32,271.32,271.33,,271.33,,,,,,,,,,,,,,,,,,,,,,,,,,,,,,,,,,,,,,T1,,,,,,,
19283,,,,,,,,,,-0.01,-0.034,,-0.01,,,,0.004,-0.161,,,,,,,,,,,,,,,,,,,,,,,,,,,,,,,,,,,,,,,,,,,,,,,,,,,,,-0.032,-0.012,,,,-0.081,-0.021,0.063,-0.081,-0.047,0.164,-0.065,0.0,0.024,0.0,0.017,0.013,0.062,0.0,,0.0,,,,,,,,,,0,,,,,,,1128.59,,,,,,,,,,,,,,,,,,,,,,1128.6,,1140.15,1140.15,1140.16,1140.16,1140.16,,,,,,,,,,,,,,,,,,,,,,,,,,,,,,,,,,,,,,T1,,,,,,,
5672,,,,,,,,,,0.03,,0.122,-0.01,,,0.106,,,,,,,,,,,,,,,,,,,,,,,,,,,,,,,,,,,,,,,,,,,,,,,,,,,,,,,,,,,,-0.005,-0.028,0.082,-0.005,-0.063,0.033,0.097,0.0,0.013,0.0,0.014,0.013,-0.21,0.0,0.0,0.0,,,,,,,,,,0,,,,,1378.3,,,,,,,,,,,,,,,,,,,,,,,,,,1379.08,1379.08,1379.09,1379.09,1379.09,1379.11,,,,,,,,,,,,,,,,,,,,,,,,,,,,,,,,,,,,,T1,,,,,,,
25922,,,,,,,,,,,,,,,,,,,,,,,,,,,,,,,,,,,,,,,,,,,,,,,,,,,,,,,,,,,,,,,,,,,,,,,,,,,,0.033,0.042,0.057,0.033,-0.031,0.059,-0.038,0.0,-0.013,0.0,0.012,0.013,-0.119,,,0.0,,,,,,,,,,0,,,,,,,,,,,,,,,,,,,,,,,,,,,,,,,820.23,820.23,820.24,820.24,820.24,,,,,,,,,,,,,,,,,,,,,,,,,,,,,,,,,,,,,,T1,,,,,,,
33450,0.056,0.147,0.0,,,,0.028,0.0,,,,,,,,,,,,,,,,,,,,,,,,,,,,,,,,,,,,,,,,,,,,,,,,,,,,,,,,,,,,,,,,,,,,-0.081,-0.079,0.082,-0.081,-0.067,0.086,0.151,0.0,0.013,0.0,0.012,0.013,0.108,0.0,0.0,0.0,,,,,,,,,,0,1365.52,,,,,,,,,,,,,,,,,,,,,,,,,,,,,,1367.58,1367.58,1367.59,1367.59,1367.59,1367.62,,,,,,,,,,,,,,,,,,,,,,,,,,,,,,,,,,,,,,,,,,,,
43158,0.003,0.115,0.0,,-0.164,,,,-0.039,,,,,,,,,,,,,,,,,,,,,,,,,,,,,,,,,,,,,,,,,,,,,,,,,,,,,,,,,,,,,,,,,,,0.045,0.03,0.063,0.045,-0.031,-0.072,-0.011,0.0,-0.013,0.0,0.011,0.013,0.108,0.0,,0.0,,,,,,,,,,0,970.32,,,970.36,,,,,,,,,,,,,,,,,,,,,,,,,,,971.83,971.83,971.83,971.83,971.83,,,,,,,,,,,,,,,,,,,,,,,,,,,,,,,,,,,,,,T1,,,,,,,
59519,0.101,0.115,0.0,,,-0.05,,,,,,,,,,,,,,,,,,,,,,,,,,,,,,,,,,,,,,,,,,,,,,,,,,,,,,,,,,,,,,,,,,,,,,-0.132,0.036,0.104,-0.132,-0.086,-0.151,-0.038,0.0,-0.005,0.0,0.01,0.013,-0.074,0.0,0.0,0.0,,,,,,,,,,0,1528.7,,1528.73,,,,,,,,,,,,,,,,,,,,,,,,,,,,1530.35,1530.35,1530.35,1530.35,1530.35,1530.38,,,,,,,,,,,,,,,,,,,,,,,,,,,,,,,,,,,,,T1,,,,,,,
7600,-0.127,-0.078,0.0,,-0.164,,,,0.006,,,,,,,,,,,,,,,,,,,,,,,,,,,,,,,,,,,,,,,,,,,,,,,,,,,,,,,,,,,,,,,,,,,-0.132,0.004,0.104,-0.132,-0.086,-0.099,0.07,0.0,0.004,0.0,0.016,0.013,-0.119,0.0,0.0,0.0,,,,,,,,,,0,1465.87,,,1465.9,,,,,,,,,,,,,,,,,,,,,,,,,,,1475.13,1475.13,1475.13,1475.13,1475.13,1475.16,,,,,,,,,,,,,,,,,,,,,,,,,,,,,,,,,,,,,T1,,,,,,,
107,,,,,,,,,,,,,,,,,,,,,,,,,,,,,,,,,,,-0.085,,,0.029,,-0.068,-0.013,,,,,,,,,,,,,,,,,,,,,,,,,,,,,,-0.229,0.042,,,,0.033,0.049,0.057,0.033,-0.047,0.086,0.016,0.0,-0.004,0.0,0.013,0.013,-0.119,0.0,0.0,0.0,,,,,,,,,,0,,,,,,,,,,,,,,722.69,,,,,,,,,,,,,,,756.28,,760.22,760.22,760.22,760.22,760.22,760.23,,,,,,,,,,,,,,,,,,,,T1,,T1,,,,,,,,,,,,,,,T1,,,,,,,
29964,,,,,,,,,,,,,,,,,,,,,,,,,,,,,,,,,,,,,,,,,,-0.047,,,-0.066,,-0.046,-0.002,,,,,,,,,,,,,,,,,,,,,,,,,-0.035,,,0.146,-0.009,0.082,0.146,0.043,-0.151,,,,,0.013,0.013,0.062,0.0,0.0,0.0,,,,,,,,,,0,,,,,,,,,,,,,,,,,460.2,460.31,460.31,,,,,,,,,,,,501.21,501.21,501.22,,501.22,501.23,,,,,,,,,,,,,,,,,,,,,,,,,,,,,,,,,,,,,T1,,,,,,,
35484,,,,,,,,,,0.01,,-0.255,,,,-0.106,,,,,,,,,,,,,,,,,,,,,,,,,,,,,,,,,,,,,,,,,,,,,,,,,,,,,,,,,-0.035,,,-0.106,-0.072,0.082,-0.106,-0.059,0.217,0.016,0.0,-0.012,0.0,0.017,0.013,-0.074,0.0,,0.0,,,,,,,,,,0,,,,,1373.47,,,,,,,,,,,,,,,,,,,,,,,,,,1375.71,1375.71,1375.72,1375.72,1375.72,,,,,,,,,,,,,,,,,,,,,,,,,,,,,,,,,,,,,,,,,,,,,
25872,,,,,,,,,,,,,,,,,,,,,,,,,,,,,,,,,,,0.031,,,0.137,,-0.122,0.078,,,,,,,,,,,,,,,,,,,,,,,,,,,,,,,,-0.035,,,-0.056,-0.181,0.063,-0.056,0.012,0.112,0.043,0.0,-0.013,0.0,0.014,0.013,0.062,0.0,0.0,0.0,,,,,,,,,,0,,,,,,,,,,,,,,980.06,,,,,,,,,,,,,,,,,996.9,996.9,996.91,996.91,996.91,996.92,,,,,,,,,,,,,,,,,,,,T1,,T1,,,,,,,,,,,,,,,,,,,,,,
5488,-0.088,-0.142,,0.019,,,0.009,-0.001,,,,,,,,,,,,,,,,,,,,,,,,,,,,,,,,,,,,,,,,,,,,,,,,,,,,,,,,,,,,,,,,,,,,-0.132,-0.034,0.104,-0.132,-0.075,0.217,0.097,0.0,0.02,0.0,0.012,0.013,0.017,0.0,0.0,0.0,,,,,,,,,,0,1584.49,1584.49,,,,,,,,,,,,,,,,,,,,,,,,,,,,,1591.65,1591.65,1591.66,1591.66,1591.66,1591.68,,,,,,,,,,,,,,,,,,,,,,,,,,,,,,,,,,,,,T1,,,,,,,
9452,,,,,,,,,,0.01,,-0.181,-0.01,,,,-0.013,-0.059,,,,,,,,,,,,,,,,,,,,,,,,,,,,,,,,,,,,,,,,,,,,,,,,,,,,,-0.139,0.077,,,,-0.132,-0.034,0.082,-0.132,0.012,0.007,0.178,0.0,-0.012,0.0,0.013,0.013,-0.21,0.0,0.0,0.0,,,,,,,,,,0,,,,,1400.77,,1400.8,,,,,,,,,,,,,,,,,,,,,,1405.91,,1408.41,1408.41,1408.42,1408.42,1408.42,1408.44,,,,,,,,,,,,,,,,,,,,,,,,,,,,,,,,,,,,,T1,,,,,,,
48194,,,,,,,,,,-0.018,-0.034,,,0.028,0.102,,,,,,,,,,,,,,,,,,,,,,,,,,,,,,,,,,,,,,,,,,,,,,,,,,,,,,,,,,,,,0.067,0.144,-0.702,0.067,-0.039,0.217,,,,,0.011,0.013,0.199,0.0,0.0,0.0,,,,,,,,,,0,,,,,,153.04,,,,,,,,,,,,,,,,,,,,,,,,,157.22,157.22,157.23,,157.23,157.25,,,,,,,,,,,,,,,,,,,,,,,,,,,,,,,,,,,,,,,,,,,,
27748,,,,,,,,,,0.03,,-0.124,-0.01,-0.091,-0.313,,,,,,,,,,,,,,,,,,,,,,,,,,,,,,,,,,,,,,,,,,,,,,,,,,,,,,,,,,,,,-0.056,-0.053,0.063,-0.056,-0.067,0.086,0.043,0.0,-0.012,0.0,0.017,0.013,-0.119,0.0,,0.0,,,,,,,,,,0,,,,,1259.68,1259.7,,,,,,,,,,,,,,,,,,,,,,,,,1261.97,1261.97,1261.98,1261.98,1261.98,,,,,,,,,,,,,,,,,,,,,,,,,,,,,,,,,,,,,,,,,,,,,
2328,-0.01,-0.019,,0.019,,,-0.052,0.0,,,,,,,,,,,,,,,,,,,,,,,,,,,,,,,,,,,,,,,,,,,,,,,,,,,,,,,,,,,,,,,,,,,,-0.106,-0.072,0.063,-0.106,-0.031,-0.072,0.043,0.0,-0.012,0.0,0.014,0.013,-0.029,0.0,0.0,0.0,,,,,,,,,,0,1214.99,1215.0,,,,,,,,,,,,,,,,,,,,,,,,,,,,,1216.67,1216.67,1216.68,1216.68,1216.68,1216.69,,,,,,,,,,,,,,,,,,,,,,,,,,,,,,,,,,,,,T1,,,,,,,
5178,,,,,,,,,,,,,,,,,,,,,,,,,,,,,,,,,,,-0.194,-0.119,-0.056,,,0.074,0.05,,,,,,,,,,,,,,,,,,,,,,,,,,,,,,-0.031,0.073,,,,0.058,-0.009,0.057,0.058,0.059,-0.046,-0.038,0.0,0.004,0.0,-0.969,-0.987,-0.074,0.0,0.0,0.0,,,,,,,,,,1,,,,,,,,,,,,,,612.45,612.47,,,,,,,,,,,,,,709.89,,718.24,718.24,718.31,718.31,718.31,718.33,,,,,,,,,,,,,,,,,,,,T1,,,,,,,,,,,,,,,,,T1,,,,,,,
11024,,,,,,,,,,-0.018,,0.131,,,,,0.014,0.247,,,,,,,,,,,,,,,,,,,,,,,,,,,,,,,,,,,,,,,,,,,,,,,,,,,,,,,,,,0.03,0.087,0.037,0.03,0.122,-0.178,,,,,0.017,0.013,0.017,0.0,0.0,0.0,,,,,,,,,,0,,,,,303.77,,303.8,,,,,,,,,,,,,,,,,,,,,,,,315.72,315.72,315.74,,315.74,315.75,,,,,,,,,,,,,,,,,,,,,,,,,,,,,,,,,,,,,T1,,,,,,,
25435,-0.016,-0.142,,-0.081,,,-0.049,0.001,,,,,,,,,,,,,,,,,,,,,,,,,,,,,,,,,,,,,,,,,,,,,,,,,,,,,,,,,,,,,,,,,,,,-0.206,0.087,0.037,-0.206,0.086,-0.414,,,,,0.009,0.013,0.062,0.0,0.0,0.0,,,,,,,,,,0,254.52,254.52,,,,,,,,,,,,,,,,,,,,,,,,,,,,,255.32,255.32,255.38,,255.38,255.39,,,,,,,,,,,,,,,,,,,,,,,,,,,,,,,,,,,,,T1,,,,,,,
1781,0.062,-0.099,,0.019,0.336,,0.07,0.001,,,,,,,,,,,,,,,,,,,,,,,,,,,,,,,,,,,,,,,,,,,,,,,,,,,,,,,,,,,,,,,,,,,,-0.106,-0.009,0.104,-0.106,-0.078,0.138,-0.119,0.0,-0.004,0.0,0.011,0.013,-0.21,0.0,0.0,0.0,,,,,,,,,,0,1497.22,1497.22,,,,,,,,,,,,,,,,,,,,,,,,,,,,,1501.0,1501.0,1501.0,1501.0,1501.0,1501.01,,,,,,,,,,,,,,,,,,,,,,,,,,,,,,,,,,,,,T1,,,,,,,
12299,0.101,0.056,,0.019,0.336,0.006,,,,,,,,,,,,,,,,,,,,,,,,,,,,,,,,,,,,,,,,,,,,,,,,,,,,,,,,,,,,,,,,,,,,,,,,,,,,,,,,,,,,,,0.0,0.0,-0.062,0.019,,0.123,0.0,,0.0,0,835.05,835.07,835.1,,,,,,,,,,,,,,,,,,,,,,,,,,,,,,,,,,838.11,,838.13,838.13,,,,,,,,,,,,,,,,,,,,,,,,,,,,,,,,,,,,,,,,
27159,0.049,-0.035,0.0,,,-0.049,,,,,,,,,,,,,,,,,,,,,,,,,,,,,,,,,,,,,,,,,,,,,,,,,,,,,,,,,,,,,,,,,,,-0.035,,,0.185,0.017,0.057,0.185,-0.027,0.243,-0.146,0.0,-0.013,0.0,0.01,0.013,0.062,0.0,0.0,0.0,,,,,,,,,,0,879.8,,879.83,,,,,,,,,,,,,,,,,,,,,,,,,,,,891.18,891.18,891.19,891.19,891.19,891.2,,,,,,,,,,,,,,,,,,,,,,,,,,,,,,,,,,,,,T1,,,,,,,
44660,,,,,,,,,,,,,,,,,,,,,,,,,,,,,,,,,,,-0.177,-0.008,0.002,,,0.013,-0.171,,,,,,,,,,,,,,,,,,,,,,,,,,,,,,0.024,0.024,,,,0.033,0.112,0.057,0.033,0.035,-0.02,-0.173,0.0,0.012,0.0,0.018,0.013,-0.165,0.0,0.0,0.0,,,,,,,,,,0,,,,,,,,,,,,,,791.49,791.52,,,,,,,,,,,,,,792.6,,802.02,802.02,802.02,802.02,802.02,802.05,,,,,,,,,,,,,,,,,,,,T1,,,,,,,,,,,,,,,,,T1,,,,,,,
54216,0.01,-0.072,,0.019,-0.164,-0.037,,,,,,,,,,,,,,,,,,,,,,,,,,,,,,,,,,,,,,,,,,,,,,,,,,,,,,,,,,,,,,,,,,,,,,0.109,0.055,0.057,0.109,-0.027,0.059,-0.011,0.0,-0.013,0.0,0.012,0.013,-0.029,0.0,,0.0,,,,,,,,,,0,824.47,824.48,824.51,,,,,,,,,,,,,,,,,,,,,,,,,,,,827.57,827.57,827.57,827.57,827.57,,,,,,,,,,,,,,,,,,,,,,,,,,,,,,,,,,,,,,T1,,,,,,,
30408,,,,,,,,,,-0.018,,0.215,,,,,-0.019,0.032,,,,,,,,,,,,,,,,,,,,,,,,,,,,,,,,,,,,,,,,,,,,,,,,,,,,,,,,,,0.16,0.011,0.057,0.16,-0.016,0.164,0.016,0.0,-0.013,0.0,0.012,0.013,0.062,0.0,,0.0,,,,,,,,,,0,,,,,887.87,,888.08,,,,,,,,,,,,,,,,,,,,,,,,891.12,891.12,891.12,891.12,891.12,,,,,,,,,,,,,,,,,,,,,,,,,,,,,,,,,,,,,,T1,,,,,,,
31919,,,,,,,,,,,,,,,,,,,,,,,,,,,-0.088,0.081,0.565,,,-0.032,,-0.044,,,,,,,,,,,,,,,,,,,,,,,,,,,,,,,,,,,,,-0.294,0.024,,,,0.109,0.011,0.057,0.109,-0.031,0.007,-0.038,0.0,0.004,0.0,0.011,0.013,-0.029,0.0,,0.0,,,,,,,,,,0,,,,,,,,,,,786.23,786.26,786.26,,,,,,,,,,,,,,,,790.28,,792.88,792.88,792.88,792.88,792.88,,,,,,,,,,,,,,,,,,T1,,,,,,,,,,,,,,,,,,,,T1,,,,,,,
25392,,,,,,,,,,-0.006,,0.484,,,,0.003,,,,,,,,,,,,,,,,,,,,,,,,,,,,,,,,,,,,,,,,,,,,,,,,,,,,,,,,,,,,0.256,-0.053,-0.702,0.256,0.102,0.138,,,,,0.014,0.013,0.108,0.0,,0.0,,,,,,,,,,0,,,,,72.18,,,,,,,,,,,,,,,,,,,,,,,,,,73.94,73.94,73.95,,73.95,,,,,,,,,,,,,,,,,,,,,,,,,,,,,,,,,,,,,,T1,,,,,,,
54035,,,,,,,,,,,,,,,,,,,,,,,,,,,,,,,,,,,,,,,,,,-0.142,-0.003,0.001,,-0.016,,-0.009,,,,,,,,,,,,,,,,,,,,,,,0.242,0.037,,,,0.134,0.011,0.057,0.134,-0.035,0.112,-0.011,0.0,0.004,0.0,0.016,0.013,0.062,0.0,0.0,0.0,,,,,,,,,,0,,,,,,,,,,,,,,,,,618.73,,,,,,,,,,,,787.82,,790.35,790.35,790.35,790.35,790.35,790.37,,,,,,,,,,,,,,,,,,,,,,,,,,,,,,,,,,,,,T1,,,,,,,
44839,,,,,,,,,,,,,,,,,,,,,,,,,,,,,,,,,,,,,,,,,,-0.05,,,-0.018,,-0.05,-0.105,,,,,,,,,,,,,,,,,,,,,,,,,-0.035,,,-0.056,-0.161,0.063,-0.056,-0.035,-0.125,-0.038,0.0,-0.013,0.0,0.013,0.013,0.017,0.0,,0.0,,,,,,,,,,0,,,,,,,,,,,,,,,,,1036.88,1036.99,1036.99,,,,,,,,,,,,1065.2,1065.2,1065.21,1065.21,1065.21,,,,,,,,,,,,,,,,,,,,,,,,,,,,,,,,,,,,,,,,,,,,,
56588,-0.055,0.083,0.0,,,,,,0.007,,,,,,,,,,,,,,,,,,,,,,,,,,,,,,,,,,,,,,,,,,,,,,,,,,,,,,,,,,,,,,,,,,,-0.081,-0.111,0.104,-0.081,-0.082,0.059,-0.038,0.0,0.004,0.0,0.011,0.013,0.062,0.0,0.0,0.0,,,,,,,,,,0,1499.74,,,1499.78,,,,,,,,,,,,,,,,,,,,,,,,,,,1507.89,1507.89,1507.9,1507.9,1507.9,1507.91,,,,,,,,,,,,,,,,,,,,,,,,,,,,,,,,,,,,,T1,,,,,,,
22995,,,,,,,,,,0.01,,-0.082,-0.01,,,-0.09,,,,,,,,,,,,,,,,,,,,,,,,,,,,,,,,,,,,,,,,,,,,,,,,,,,,,,,,,-0.035,,,-0.005,-0.111,0.082,-0.005,0.0,0.007,-0.038,0.0,-0.012,0.0,0.016,0.013,0.108,0.0,0.0,0.0,,,,,,,,,,0,,,,,1341.3,,,,,,,,,,,,,,,,,,,,,,,,,,1350.26,1350.26,1350.26,1350.26,1350.26,1350.29,,,,,,,,,,,,,,,,,,,,,,,,,,,,,,,,,,,,,,,,,,,,
55483,-0.167,-0.099,,0.019,,,0.053,-0.001,,,,,,,,,,,,,,,,,,,,,,,,,,,,,,,,,,,,,,,,,,,,,,,,,,,,,,,,,,,,,,,,,,,,-0.04,0.055,-0.029,-0.04,0.098,0.112,,,,,0.008,0.013,-0.074,0.0,0.0,0.0,,,,,,,,,,0,203.6,203.61,,,,,,,,,,,,,,,,,,,,,,,,,,,,,204.48,204.48,204.49,,204.49,204.52,,,,,,,,,,,,,,,,,,,,,,,,,,,,,,,,,,,,,T1,,,,,,,
49267,-0.127,-0.019,0.0,,,0.138,,,,,,,,,,,,,,,,,,,,,,,,,,,,,,,,,,,,,,,,,,,,,,,,,,,,,,,,,,,,,,,,,,,,,,-0.132,-0.04,0.104,-0.132,-0.086,-0.02,0.07,0.0,0.02,0.0,0.014,0.013,-0.074,0.0,,0.0,,,,,,,,,,0,1565.91,,1565.93,,,,,,,,,,,,,,,,,,,,,,,,,,,,1567.94,1567.94,1567.95,1567.95,1567.95,,,,,,,,,,,,,,,,,,,,,,,,,,,,,,,,,,,,,,,,,,,,,
18131,,,,,,,,,,,,,,,,,,,,,,,,,,,,,,,,,,,,,,,,,,,,,,,,,,,,,,,,,-0.081,,,,,,,,-0.12,0.002,,,0.135,0.132,-0.033,0.024,,,,-0.031,-0.161,0.063,-0.031,-0.024,0.217,-0.119,0.0,-0.014,0.0,0.016,0.013,0.108,0.0,0.0,0.0,,,,,,,,,,0,,,,,,,,,,,,,,,,,,,,,,,,,,999.32,,999.33,1013.67,,1020.71,1020.71,1020.71,1020.71,1020.71,1020.73,,,,,,,,,,,,,,,,,,,,,,,,,,,,,,,,,,,,,T1,,,,,,,
24889,,,,,,,,,,-0.014,,-0.361,-0.01,,,,-0.046,0.022,,,,,,,,,,,,,,,,,,,,,,,,,,,,,,,,,,,,,,,,,,,,,,,,,,,,,,,,,,0.109,0.055,0.101,0.109,0.0,-0.046,-0.038,0.0,-0.012,0.0,0.019,0.013,0.017,0.0,0.0,0.0,,,,,,,,,,0,,,,,667.23,,667.27,,,,,,,,,,,,,,,,,,,,,,,,670.04,670.04,670.04,670.04,670.04,670.06,,,,,,,,,,,,,,,,,,,,,,,,,,,,,,,,,,,,,,,,,,,,
9769,-0.121,0.035,0.0,,0.336,-0.134,,,,,,,,,,,,,,,,,,,,,,,,,,,,,,,,,,,,,,,,,,,,,,,,,,,,,,,,,,,,,,,,,,,,,,,,,,,,,,,,,,,,,,0.0,0.0,-0.055,,-0.055,0.056,0.0,,0.0,0,1410.4,,1410.42,,,,,,,,,,,,,,,,,,,,,,,,,,,,,,,,,,1411.17,,1411.19,1411.19,,,,,,,,,,,,,,,,,,,,,,,,,,,,,,,,,,,,,,,,
29022,,,,,,,,,,,,,,,,,,,,,,,,,,,0.035,0.028,-0.16,,,,0.073,-0.022,,,,,,,,,,,,,,,,,,,,,,,,,,,,,,,,,,,,,-0.095,0.011,,,,0.033,-0.028,0.057,0.033,-0.004,-0.046,0.097,0.0,-0.013,0.0,0.02,0.013,-0.165,0.0,,0.0,,,,,,,,,,0,,,,,,,,,,,784.47,784.54,,,,,,,,,,,,,,,,,791.68,,795.99,795.99,796.0,796.0,796.0,,,,,,,,,,,,,,,,,,T1,,,,,,,,,,,,,,,,,,,,T1,,,,,,,
81,0.036,0.045,,0.019,-0.164,,,,-0.022,,,,,,,,,,,,,,,,,,,,,,,,,,,,,,,,,,,,,,,,,,,,,,,,,,,,,,,,,,,,,,,,,,,-0.157,-0.028,0.082,-0.157,-0.071,0.138,-0.011,0.0,-0.012,0.0,0.014,0.013,-0.301,0.0,,0.0,,,,,,,,,,0,1378.89,1378.89,,1378.91,,,,,,,,,,,,,,,,,,,,,,,,,,,1379.52,1379.52,1379.53,1379.53,1379.53,,,,,,,,,,,,,,,,,,,,,,,,,,,,,,,,,,,,,,T1,,,,,,,
4123,0.03,-0.072,,0.019,0.336,-0.096,,,,,,,,,,,,,,,,,,,,,,,,,,,,,,,,,,,,,,,,,,,,,,,,,,,,,,,,,,,,,,,,,,,,,,-0.106,-0.06,0.104,-0.106,-0.102,0.033,0.043,0.0,0.021,0.0,0.01,0.013,-0.074,0.0,,0.0,,,,,,,,,,0,1497.54,1497.55,1497.57,,,,,,,,,,,,,,,,,,,,,,,,,,,,1501.07,1501.07,1501.08,1501.08,1501.08,,,,,,,,,,,,,,,,,,,,,,,,,,,,,,,,,,,,,,T1,,,,,,,
52283,-0.127,-0.099,0.0,,,,-0.017,0.004,,,,,,,,,,,,,,,,,,,,,,,,,,,,,,,,,,,,,,,,,,,,,,,,,,,,,,,,,,,,,,,,,,,,0.045,0.023,0.063,0.045,-0.027,0.112,0.016,0.0,-0.013,0.0,0.011,0.013,0.108,0.0,,0.0,,,,,,,,,,0,1112.54,,,,,,,,,,,,,,,,,,,,,,,,,,,,,,1115.19,1115.19,1115.2,1115.2,1115.2,,,,,,,,,,,,,,,,,,,,,,,,,,,,,,,,,,,,,,T1,,,,,,,
24809,0.043,-0.126,,0.019,,,,,0.01,,,,,,,,,,,,,,,,,,,,,,,,,,,,,,,,,,,,,,,,,,,,,,,,,,,,,,,,,,,,,,,,,,,-0.132,-0.06,0.104,-0.132,-0.102,0.164,0.124,0.0,-0.013,0.0,0.013,0.013,-0.074,0.0,,0.0,,,,,,,,,,0,1651.94,1651.94,,1651.96,,,,,,,,,,,,,,,,,,,,,,,,,,,1659.17,1659.17,1659.17,1659.17,1659.17,,,,,,,,,,,,,,,,,,,,,,,,,,,,,,,,,,,,,,T1,,,,,,,
3744,-0.055,0.195,0.0,,-0.164,,0.001,-0.002,,,,,,,,,,,,,,,,,,,,,,,,,,,,,,,,,,,,,,,,,,,,,,,,,,,,,,,,,,,,,,,,,,,,-0.056,-0.021,0.104,-0.056,-0.086,0.112,-0.038,0.0,-0.003,0.0,0.013,0.013,0.153,0.0,0.0,0.0,,,,,,,,,,0,1434.35,,,,,,,,,,,,,,,,,,,,,,,,,,,,,,1441.22,1441.22,1441.22,1441.22,1441.22,1441.24,,,,,,,,,,,,,,,,,,,,,,,,,,,,,,,,,,,,,,,,,,,,
29320,,,,,,,,,,0.018,,0.095,,,,,-0.012,-0.121,,,,,,,,,,,,,,,,,,,,,,,,,,,,,,,,,,,,,,,,,,,,,,,,,,,,,,,,,,-0.147,-0.034,0.037,-0.147,0.133,-0.151,,,,,0.016,0.013,-0.029,0.0,0.0,0.0,,,,,,,,,,0,,,,,297.69,,297.71,,,,,,,,,,,,,,,,,,,,,,,,300.83,300.83,300.84,,300.84,300.86,,,,,,,,,,,,,,,,,,,,,,,,,,,,,,,,,,,,,T1,,,,,,,
37427,-0.029,0.077,0.0,,,,,,0.036,,,,,,,,,,,,,,,,,,,,,,,,,,,,,,,,,,,,,,,,,,,,,,,,,,,,,,,,,,,,,,,,,,,-0.031,-0.053,0.082,-0.031,-0.071,0.191,-0.065,0.0,0.022,0.0,0.013,0.013,,0.0,0.0,0.0,,,,,,,,,,1,1323.69,,,1323.72,,,,,,,,,,,,,,,,,,,,,,,,,,,1326.21,1326.21,1326.21,1326.21,1326.21,1326.24,,,,,,,,,,,,,,,,,,,,,,,,,,,,,,,,,,,,,T1,,,,,,,
31755,-0.01,-0.035,,0.019,,-0.011,,,,,,,,,,,,,,,,,,,,,,,,,,,,,,,,,,,,,,,,,,,,,,,,,,,,,,,,,,,,,,,,,,,,,,-0.106,-0.111,0.063,-0.106,-0.055,-0.02,0.016,0.0,-0.014,0.0,0.011,0.013,0.017,0.0,0.0,0.0,,,,,,,,,,0,1106.42,1106.43,1106.45,,,,,,,,,,,,,,,,,,,,,,,,,,,,1108.15,1108.15,1108.16,1108.16,1108.16,1108.17,,,,,,,,,,,,,,,,,,,,,,,,,,,,,,,,,,,,,T1,,,,,,,
41402,0.193,-0.088,0.0,,-0.164,,,,-0.069,,,,,,,,,,,,,,,,,,,,,,,,,,,,,,,,,,,,,,,,,,,,,,,,,,,,,,,,,,,,,,,,,,,-0.031,0.087,0.104,-0.031,-0.106,0.033,-0.011,0.0,0.012,0.0,0.011,0.013,0.062,0.0,0.0,0.0,,,,,,,,,,1,1633.7,,,1633.78,,,,,,,,,,,,,,,,,,,,,,,,,,,1636.47,1636.47,1636.48,1636.48,1636.48,1636.5,,,,,,,,,,,,,,,,,,,,,,,,,,,,,,,,,,,,,T1,,,,,,,
21655,0.023,0.174,,-0.081,0.336,,,,-0.096,,,,,,,,,,,,,,,,,,,,,,,,,,,,,,,,,,,,,,,,,,,,,,,,,,,,,,,,,,,,,,,,,,,0.117,-0.047,-0.702,0.117,0.102,0.086,,,,,0.012,0.013,0.29,0.0,0.0,0.0,,,,,,,,,,0,115.02,115.02,,115.05,,,,,,,,,,,,,,,,,,,,,,,,,,,116.44,116.44,116.45,,116.45,116.47,,,,,,,,,,,,,,,,,,,,,,,,,,,,,,,,,,,,,T1,,,,,,,
40963,-0.153,0.136,,0.019,,,,,-0.072,,,,,,,,,,,,,,,,,,,,,,,,,,,,,,,,,,,,,,,,,,,,,,,,,,,,,,,,,,,,,,0.077,0.078,,,,0.109,0.061,0.057,0.109,-0.008,0.033,0.016,0.0,0.012,0.0,0.013,0.013,-0.119,0.0,,0.0,,,,,,,,,,0,885.86,885.86,,885.88,,,,,,,,,,,,,,,,,,,,,,,,,886.57,,889.05,889.05,889.06,889.06,889.06,,,,,,,,,,,,,,,,,,,,,,,,,,,,,,,,,,,,,,,,,,,,,
58797,0.049,0.222,,0.019,0.336,,-0.055,0.003,,,,,,,,,,,,,,,,,,,,,,,,,,,,,,,,,,,,,,,,,,,,,,,,,,,,,,,,,,,,,,,,,,,,-0.081,-0.079,0.063,-0.081,-0.043,0.033,-0.092,0.0,-0.001,0.0,0.014,0.013,0.017,0.0,0.0,0.0,,,,,,,,,,0,1125.79,1125.79,,,,,,,,,,,,,,,,,,,,,,,,,,,,,1127.44,1127.44,1127.44,1127.44,1127.44,1127.46,,,,,,,,,,,,,,,,,,,,,,,,,,,,,,,,,,,,,,,,,,,,
54501,0.095,0.019,,0.019,-0.164,,0.012,0.001,,,,,,,,,,,,,,,,,,,,,,,,,,,,,,,,,,,,,,,,,,,,,,,,,,,,,,,,,,,,,,,,,-0.035,,,0.21,-0.053,0.057,0.21,-0.008,0.007,-0.011,0.0,-0.004,0.0,0.009,0.013,0.108,0.0,,0.0,,,,,,,,,,0,904.93,904.93,,,,,,,,,,,,,,,,,,,,,,,,,,,,,908.85,908.85,908.85,908.85,908.85,,,,,,,,,,,,,,,,,,,,,,,,,,,,,,,,,,,,,,T1,,,,,,,
6164,0.036,-0.174,0.0,,-0.164,,-0.006,-0.001,,,,,,,,,,,,,,,,,,,,,,,,,,,,,,,,,,,,,,,,,,,,,,,,,,,,,,,,,,,,,,,,,,,,0.08,0.061,0.037,0.08,0.067,-0.125,,,,,0.008,0.013,0.108,0.0,,0.0,,,,,,,,,,0,339.85,,,,,,,,,,,,,,,,,,,,,,,,,,,,,,342.01,342.01,342.01,,342.01,,,,,,,,,,,,,,,,,,,,,,,,,,,,,,,,,,,,,,T1,,,,,,,
16248,,,,,,,,,,-0.014,0.066,,,,,0.045,,,,,,,,,,,,,,,,,,,,,,,,,,,,,,,,,,,,,,,,,,,,,,,,,,,,,,,,,,,,,,,,,,,,,,,,,,,,0.0,0.0,-0.039,,-0.051,0.394,0.0,-0.131,0.0,0,,,,,,,,,,,,,,,,,,,,,,,,,,,,,,,,,,,,,1160.08,,1160.11,1160.12,,,,,,,,,,,,,,,,,,,,,,,,,,,,,,,,,,,,,,,,
40662,,,,,,,,,,,,,,,,,,,,,,,,,,,,,,,,,,,0.117,-0.008,0.171,,0.089,,0.114,,,,,,,,,,,,,,,,,,,,,,,,,,,,,,,,,,,0.205,0.055,0.082,0.205,-0.02,-0.151,,,,,0.014,0.013,0.244,0.0,,0.0,,,,,,,,,,1,,,,,,,,,,,,,,392.45,392.46,392.47,,,,,,,,,,,,,,,448.72,448.72,448.73,,448.73,,,,,,,,,,,,,,,,,,,,,T1,,,,,,,,,,,,,,,,,T1,,,,,,,
27146,-0.049,-0.126,,0.019,,-0.024,,,,,,,,,,,,,,,,,,,,,,,,,,,,,,,,,,,,,,,,,,,,,,,,,,,,,,,,,,,,,,,,,,,,,,-0.21,0.132,0.015,-0.21,0.161,0.059,,,,,0.007,0.013,,,,0.0,,,,,,,,,,1,230.21,230.21,230.35,,,,,,,,,,,,,,,,,,,,,,,,,,,,231.57,231.57,231.57,,231.57,,,,,,,,,,,,,,,,,,,,,,,,,,,,,,,,,,,,,,,,,,,,,
18752,-0.16,-0.019,,0.019,0.336,0.015,,,,,,,,,,,,,,,,,,,,,,,,,,,,,,,,,,,,,,,,,,,,,,,,,,,,,,,,,,,,,,,,,,,,,,-0.261,0.081,0.015,-0.261,0.192,-0.02,,,,,0.01,0.013,-0.165,0.0,0.0,0.0,,,,,,,,,,0,225.04,225.04,225.07,,,,,,,,,,,,,,,,,,,,,,,,,,,,231.45,231.45,231.46,,231.46,231.47,,,,,,,,,,,,,,,,,,,,,,,,,,,,,,,,,,,,,T1,,,,,,,
59110,,,,,,,,,,,,,,,,,,,,,,,,,,,,,,,,,,,0.091,,,0.161,,-0.048,0.016,,,,,,,,,,,,,,,,,,,,,,,,,,,,,,0.1,0.032,,,,-0.043,-0.053,0.057,-0.043,-0.02,0.138,-0.038,0.0,0.021,0.0,0.013,0.013,-0.119,0.0,0.0,0.0,,,,,,,,,,0,,,,,,,,,,,,,,761.6,,,,,,,,,,,,,,,778.64,,784.25,784.25,784.25,784.25,784.25,784.27,,,,,,,,,,,,,,,,,,,,T1,,T1,,,,,,,,,,,,,,,T1,,,,,,,
37985,0.101,-0.014,,0.119,,,-0.074,-0.004,,,,,,,,,,,,,,,,,,,,,,,,,,,,,,,,,,,,,,,,,,,,,,,,,,,,,,,,,,,,,,,-0.204,-0.054,,,,-0.005,-0.021,0.063,-0.005,-0.039,-0.02,0.043,0.0,-0.011,0.0,0.007,0.013,0.062,0.0,0.0,0.0,,,,,,,,,,0,975.29,975.3,,,,,,,,,,,,,,,,,,,,,,,,,,,975.8,,977.98,977.98,977.99,977.99,977.99,978.01,,,,,,,,,,,,,,,,,,,,,,,,,,,,,,,,,,,,,T1,,,,,,,
40643,,,,,,,,,,0.018,-0.034,,-0.01,,,0.02,,,,,,,,,,,,,,,,,,,,,,,,,,,,,,,,,,,,,,,,,,,,,,,,,,,,,,,,,,,,-0.106,-0.085,0.104,-0.106,0.027,-0.099,0.016,0.0,-0.013,0.0,0.009,0.013,-0.029,0.0,0.0,0.0,,,,,,,,,,0,,,,,,,,,,,,,,,,,,,,,,,,,,,,,,,1609.83,1609.83,1609.83,1609.83,1609.83,1609.85,,,,,,,,,,,,,,,,,,,,,,,,,,,,,,,,,,,,,,,,,,,,
6204,,,,,,,,,,0.002,,0.181,-0.01,0.002,-0.044,,,,,,,,,,,,,,,,,,,,,,,,,,,,,,,,,,,,,,,,,,,,,,,,,,,,,,,,,,,,,,,,,,,,,,,,,,,,,0.0,0.0,0.041,,-0.054,0.018,0.0,,0.0,0,,,,,508.46,508.49,,,,,,,,,,,,,,,,,,,,,,,,,,,,,,,510.13,,510.15,510.15,,,,,,,,,,,,,,,,,,,,,,,,,,,,,,,,,,,,,,,,
26354,0.082,0.051,0.0,,,,,,-0.027,,,,,,,,,,,,,,,,,,,,,,,,,,,,,,,,,,,,,,,,,,,,,,,,,,,,,,,,,,,,,,,,,,,0.058,-0.085,0.057,0.058,-0.008,-0.099,-0.092,0.0,0.003,0.0,0.012,0.013,0.108,0.0,,0.0,,,,,,,,,,0,888.51,,,888.54,,,,,,,,,,,,,,,,,,,,,,,,,,,894.3,894.3,894.3,894.3,894.3,,,,,,,,,,,,,,,,,,,,,,,,,,,,,,,,,,,,,,T1,,,,,,,
22286,-0.049,-0.003,0.0,,-0.164,,0.02,-0.002,,,,,,,,,,,,,,,,,,,,,,,,,,,,,,,,,,,,,,,,,,,,,,,,,,,,,,,,,,,,,,,,,,,,-0.031,-0.015,0.082,-0.031,-0.071,0.086,-0.119,0.0,0.022,0.0,0.016,0.013,0.062,0.0,0.0,0.0,,,,,,,,,,0,1361.56,,,,,,,,,,,,,,,,,,,,,,,,,,,,,,1363.52,1363.52,1363.52,1363.52,1363.52,1363.56,,,,,,,,,,,,,,,,,,,,,,,,,,,,,,,,,,,,,T1,,,,,,,
26749,-0.055,-0.062,,0.019,0.336,,-0.024,0.004,,,,,,,,,,,,,,,,,,,,,,,,,,,,,,,,,,,,,,,,,,,,,,,,,,,,,,,,,,,,,,,,,,,,0.02,-0.072,0.063,0.02,0.059,-0.046,-0.065,0.0,-0.001,0.0,0.009,0.013,0.062,0.0,0.0,0.0,,,,,,,,,,0,1114.96,1114.96,,,,,,,,,,,,,,,,,,,,,,,,,,,,,1121.83,1121.83,1121.83,1121.83,1121.83,1121.85,,,,,,,,,,,,,,,,,,,,,,,,,,,,,,,,,,,,,T1,,,,,,,
59902,,,,,,,,,,,,,,,,,,,,,,,,,,,,,,,,,,,,,,,,,,-0.014,0.0,0.004,,-0.016,,0.071,,,,,,,,,,,,,,,,,,,,,,,-0.238,-0.054,,,,0.045,0.087,0.063,0.045,-0.024,0.349,-0.092,0.0,-0.012,0.0,0.011,0.013,0.108,0.0,0.0,0.0,,,,,,,,,,0,,,,,,,,,,,,,,,,,1173.62,,,,,,,,,,,,1190.05,,1192.29,1192.29,1192.3,1192.3,1192.3,1192.31,,,,,,,,,,,,,,,,,,,,,,,,,,,,,,,,,,,,,T1,,,,,,,
21242,0.056,0.013,,0.019,-0.164,,,,-0.011,,,,,,,,,,,,,,,,,,,,,,,,,,,,,,,,,,,,,,,,,,,,,,,,,,,,,,,,,,,,,,,,-0.035,,,0.185,0.023,0.057,0.185,-0.016,0.059,-0.065,0.0,-0.013,0.0,0.013,0.013,0.153,0.0,,0.0,,,,,,,,,,0,839.08,839.08,,839.11,,,,,,,,,,,,,,,,,,,,,,,,,,,880.19,880.19,880.2,880.2,880.2,,,,,,,,,,,,,,,,,,,,,,,,,,,,,,,,,,,,,,T1,,,,,,,
10165,,,,,,,,,,,,,,,,,,,-0.032,-0.067,,,0.044,,-0.003,-0.018,,,,,,,,,,,,,,,,,,,,,,,,,,,,,,,,,,,,,,,,,,,,,,,-0.035,,,-0.106,0.011,0.096,-0.106,-0.039,0.164,0.07,0.0,0.004,0.0,0.01,0.013,0.017,0.0,,0.0,,,,,,,,,,0,,,,,,,,1675.07,,1675.1,,,,,,,,,,,,,,,,,,,,,1716.49,1716.49,1716.49,1716.49,1716.49,,,,,,,,,,,,,T1,,T1,T3,,,,,,,,,,,,,,,,,,,,,,,,,,,,,
14171,-0.055,-0.051,,-0.081,-0.164,,-0.028,-0.004,,,,,,,,,,,,,,,,,,,,,,,,,,,,,,,,,,,,,,,,,,,,,,,,,,,,,,,,,,,,,,,,,,,,0.02,-0.015,0.082,0.02,-0.067,0.086,-0.038,0.0,0.022,0.0,0.012,0.013,0.153,0.0,,0.0,,,,,,,,,,0,1361.7,1361.7,,,,,,,,,,,,,,,,,,,,,,,,,,,,,1363.58,1363.58,1363.58,1363.58,1363.58,,,,,,,,,,,,,,,,,,,,,,,,,,,,,,,,,,,,,,,,,,,,,
39888,0.128,-0.201,0.0,,,,,,-0.176,,,,,,,,,,,,,,,,,,,,,,,,,,,,,,,,,,,,,,,,,,,,,,,,,,,,,,,,,,,,,,,,,,,-0.132,-0.021,0.104,-0.132,-0.067,0.112,0.124,0.0,-0.013,0.0,0.005,0.013,-0.165,0.0,,0.0,,,,,,,,,,0,1643.16,,,1643.4,,,,,,,,,,,,,,,,,,,,,,,,,,,1646.18,1646.18,1646.19,1646.19,1646.19,,,,,,,,,,,,,,,,,,,,,,,,,,,,,,,,,,,,,,,,,,,,,
44598,-0.036,-0.137,,-0.081,,,-0.035,0.0,,,,,,,,,,,,,,,,,,,,,,,,,,,,,,,,,,,,,,,,,,,,,,,,,,,,,,,,,,,,,,,,,,,,-0.017,-0.053,0.082,-0.017,0.09,0.007,0.016,0.0,0.006,0.0,0.014,0.013,-0.256,0.0,,0.0,,,,,,,,,,0,588.99,588.99,,,,,,,,,,,,,,,,,,,,,,,,,,,,,594.63,594.63,594.63,594.63,594.63,,,,,,,,,,,,,,,,,,,,,,,,,,,,,,,,,,,,,,,,,,,,,
41747,0.03,0.035,,0.019,,0.002,,,,,,,,,,,,,,,,,,,,,,,,,,,,,,,,,,,,,,,,,,,,,,,,,,,,,,,,,,,,,,,,,,,,,,-0.207,-0.04,0.082,-0.207,-0.067,-0.072,0.07,0.0,-0.012,0.0,0.008,0.013,-0.21,0.0,0.0,0.0,,,,,,,,,,0,1324.32,1324.32,1324.37,,,,,,,,,,,,,,,,,,,,,,,,,,,,1328.41,1328.41,1328.42,1328.42,1328.42,1328.43,,,,,,,,,,,,,,,,,,,,,,,,,,,,,,,,,,,,,,,,,,,,
20438,0.121,0.27,,-0.081,-0.164,,,,0.044,,,,,,,,,,,,,,,,,,,,,,,,,,,,,,,,,,,,,,,,,,,,,,,,,,,,,,,,,,,,,,,,,,,-0.005,-0.009,0.082,-0.005,-0.067,0.243,-0.011,0.0,-0.012,0.0,0.011,0.013,0.199,0.0,,0.0,,,,,,,,,,0,1429.82,1429.82,,1429.84,,,,,,,,,,,,,,,,,,,,,,,,,,,1431.42,1431.42,1431.43,1431.43,1431.43,,,,,,,,,,,,,,,,,,,,,,,,,,,,,,,,,,,,,,T1,,,,,,,
39073,0.016,-0.024,0.0,,,-0.043,,,,,,,,,,,,,,,,,,,,,,,,,,,,,,,,,,,,,,,,,,,,,,,,,,,,,,,,,,,,,,,,,,,,,,-0.056,0.017,0.063,-0.056,-0.047,-0.151,-0.146,0.0,0.019,0.0,0.014,0.013,0.017,0.0,0.0,0.0,,,,,,,,,,0,1091.88,,1091.93,,,,,,,,,,,,,,,,,,,,,,,,,,,,1093.2,1093.2,1093.21,1093.21,1093.21,1093.24,,,,,,,,,,,,,,,,,,,,,,,,,,,,,,,,,,,,,T1,,,,,,,
23718,0.095,-0.153,0.0,,,-0.027,,,,,,,,,,,,,,,,,,,,,,,,,,,,,,,,,,,,,,,,,,,,,,,,,,,,,,,,,,,,,,,,,,,,,,-0.031,-0.021,0.104,-0.031,-0.098,0.217,0.043,0.0,-0.013,0.0,0.014,0.013,0.017,0.0,,0.0,,,,,,,,,,0,1652.84,,1652.9,,,,,,,,,,,,,,,,,,,,,,,,,,,,1659.56,1659.56,1659.56,1659.56,1659.56,,,,,,,,,,,,,,,,,,,,,,,,,,,,,,,,,,,,,,,,,,,,,
33300,,,,,,,,,,,,,,,,,,,,,,,,,,,,,,,,,,,-0.153,-0.008,-0.221,,,-0.034,0.082,,,,,,,,,,,,,,,,,,,,,,,,,,,,,,,,-0.035,,,0.045,-0.104,0.063,0.045,-0.008,-0.178,0.016,0.0,-0.013,0.0,0.012,0.013,0.29,0.0,0.0,0.0,,,,,,,,,,0,,,,,,,,,,,,,,969.58,969.66,,,,,,,,,,,,,,,,990.09,990.09,990.09,990.09,990.09,990.11,,,,,,,,,,,,,,,,,,,,T1,,,,,,,,,,,,,,,,,,,,,,,,
8399,-0.016,0.013,0.0,,-0.164,,-0.017,0.002,,,,,,,,,,,,,,,,,,,,,,,,,,,,,,,,,,,,,,,,,,,,,,,,,,,,,,,,,,,,,,,,,,,,0.033,-0.021,0.057,0.033,0.008,-0.099,-0.065,0.0,-0.004,0.0,0.012,0.013,-0.029,0.0,,0.0,,,,,,,,,,0,695.66,,,,,,,,,,,,,,,,,,,,,,,,,,,,,,702.9,702.9,702.9,702.9,702.9,,,,,,,,,,,,,,,,,,,,,,,,,,,,,,,,,,,,,,T1,,,,,,,
45145,,,,,,,,,,0.006,-0.034,,-0.01,,,,-0.031,-0.161,,,,,,,,,,,,,,,,,,,,,,,,,,,,,,,,,,,,,,,,,,,,,,,,,,,,,,,,,,0.033,-0.13,0.101,0.033,0.016,-0.125,-0.065,0.0,-0.012,0.0,0.011,0.013,-0.119,0.0,,0.0,,,,,,,,,,0,,,,,,,687.17,,,,,,,,,,,,,,,,,,,,,,,,689.2,689.2,689.21,689.21,689.21,,,,,,,,,,,,,,,,,,,,,,,,,,,,,,,,,,,,,,T1,,,,,,,
8348,,,,,,,,,,0.006,0.066,,-0.01,,,,0.03,-0.08,,,,,,,,,,,,,,,,,,,,,,,,,,,,,,,,,,,,,,,,,,,,,,,,,,,,,,,,,,-0.261,-0.079,0.015,-0.261,0.165,0.059,,,,,0.01,0.013,-0.029,0.0,0.0,0.0,,,,,,,,,,0,,,,,,,246.57,,,,,,,,,,,,,,,,,,,,,,,,247.2,247.2,247.2,,247.2,247.22,,,,,,,,,,,,,,,,,,,,,,,,,,,,,,,,,,,,,T1,,,,,,,
59228,,,,,,,,,,-0.018,,0.04,,,,-0.061,,,,,,,,,,,,,,,,,,,,,,,,,,,,,,,,,,,,,,,,,,,,,,,,,,,,,,,,,,,,-0.056,-0.028,0.104,-0.056,-0.078,0.112,0.097,0.0,-0.005,0.0,0.013,0.013,-0.029,0.0,0.0,0.0,,,,,,,,,,0,,,,,1544.43,,,,,,,,,,,,,,,,,,,,,,,,,,1549.23,1549.23,1549.24,1549.24,1549.24,1549.26,,,,,,,,,,,,,,,,,,,,,,,,,,,,,,,,,,,,,T1,,,,,,,
24530,,,,,,,,,,,,,,,,,,,,,,,,,,,,,,,,,,,-0.179,-0.008,-0.082,,-0.047,,0.009,,,,,,,,,,,,,,,,,,,,,,,,,,,,,,0.429,-0.137,,,,-0.081,0.049,0.063,-0.081,-0.031,-0.072,-0.065,0.0,-0.003,0.0,0.008,0.013,0.108,0.0,0.0,0.0,,,,,,,,,,0,,,,,,,,,,,,,,1182.1,1182.11,1182.11,,,,,,,,,,,,,1183.31,,1198.35,1198.35,1198.36,1198.36,1198.36,1198.39,,,,,,,,,,,,,,,,,,,,T1,,,,,,,,,,,,,,,,,T1,,,,,,,
21133,,,,,,,,,,,,,,,,,,,,,,,,,,,,,,,,,,,,,,,,,,0.174,,,0.112,-0.016,,0.032,,,,,,,,,,,,,,,,,,,,,,,-0.114,-0.173,,,,0.155,0.119,0.082,0.155,0.082,-0.125,,,,,0.012,0.013,0.108,0.0,0.0,0.0,,,,,,,,,,0,,,,,,,,,,,,,,,,,386.95,387.1,,,,,,,,,,,426.79,,448.77,448.77,448.77,,448.77,448.79,,,,,,,,,,,,,,,,,,,,,,,,,,,,,,,,,,,,,T1,,,,,,,
36714,,,,,,,,,,,,,,,,,,,,,,,,,,,,,,,,,,,0.153,-0.008,-0.044,,,-0.014,0.122,,,,,,,,,,,,,,,,,,,,,,,,,,,,,,,,-0.035,,,0.008,0.042,0.057,0.008,0.0,-0.099,-0.011,0.0,0.029,0.0,0.014,0.013,-0.256,0.0,0.0,0.0,,,,,,,,,,0,,,,,,,,,,,,,,707.31,707.31,,,,,,,,,,,,,,,,743.35,743.35,743.35,743.35,743.35,743.37,,,,,,,,,,,,,,,,,,,,T1,,,,,,,,,,,,,,,,,T1,,,,,,,
15022,0.069,-0.035,0.0,,,,-0.034,0.003,,,,,,,,,,,,,,,,,,,,,,,,,,,,,,,,,,,,,,,,,,,,,,,,,,,,,,,,,,,,,,,,,,,,0.07,0.004,0.063,0.07,-0.043,0.033,-0.065,0.0,0.003,0.0,0.012,0.013,0.244,0.0,,0.0,,,,,,,,,,0,1094.18,,,,,,,,,,,,,,,,,,,,,,,,,,,,,,1095.43,1095.43,1095.44,1095.44,1095.44,,,,,,,,,,,,,,,,,,,,,,,,,,,,,,,,,,,,,,T1,,,,,,,
10881,0.075,0.158,,0.019,-0.164,,,,0.076,,,,,,,,,,,,,,,,,,,,,,,,,,,,,,,,,,,,,,,,,,,,,,,,,,,,,,,,,,,,,,,,,,,0.058,-0.047,0.082,0.058,0.063,-0.099,-0.092,0.0,0.022,0.0,0.005,0.013,-0.029,0.0,0.0,0.0,,,,,,,,,,0,533.26,533.26,,533.29,,,,,,,,,,,,,,,,,,,,,,,,,,,537.26,537.26,537.26,537.26,537.26,537.28,,,,,,,,,,,,,,,,,,,,,,,,,,,,,,,,,,,,,T1,,,,,,,
36135,,,,,,,,,,0.01,-0.034,,,-0.087,-0.04,,,,,,,,,,,,,,,,,,,,,,,,,,,,,,,,,,,,,,,,,,,,,,,,,,,,,,,,,,,,,0.21,0.017,0.057,0.21,-0.035,-0.072,0.07,0.0,-0.013,0.0,0.012,0.013,0.153,0.0,,0.0,,,,,,,,,,0,,,,,,887.07,,,,,,,,,,,,,,,,,,,,,,,,,891.2,891.2,891.2,891.2,891.2,,,,,,,,,,,,,,,,,,,,,,,,,,,,,,,,,,,,,,T1,,,,,,,
57703,,,,,,,,,,,,,,,,,,,,,,,,,,,,,,,,,,,0.05,-0.008,-0.005,,0.035,,0.052,,,,,,,,,,,,,,,,,,,,,,,,,,,,,,-0.102,0.034,,,,0.008,-0.111,0.057,0.008,-0.004,-0.072,0.043,0.0,0.004,0.0,0.013,0.013,-0.165,0.0,,0.0,,,,,,,,,,0,,,,,,,,,,,,,,707.17,707.19,707.19,,,,,,,,,,,,,740.41,,743.29,743.29,743.3,743.3,743.3,,,,,,,,,,,,,,,,,,,,,T1,,,,,,,,,,,,,,,,,T1,,,,,,,
37235,0.023,0.131,0.0,,,-0.028,,,,,,,,,,,,,,,,,,,,,,,,,,,,,,,,,,,,,,,,,,,,,,,,,,,,,,,,,,,,,,,,,,,,,,-0.031,-0.047,0.082,-0.031,-0.071,0.033,-0.065,0.0,-0.003,0.0,0.01,0.013,0.062,0.0,,0.0,,,,,,,,,,0,1363.36,,1363.39,,,,,,,,,,,,,,,,,,,,,,,,,,,,1365.66,1365.66,1365.66,1365.66,1365.66,,,,,,,,,,,,,,,,,,,,,,,,,,,,,,,,,,,,,,T1,,,,,,,
27380,0.036,0.227,0.0,,-0.164,,-0.045,0.001,,,,,,,,,,,,,,,,,,,,,,,,,,,,,,,,,,,,,,,,,,,,,,,,,,,,,,,,,,,,,,,,,,,,0.109,0.068,0.057,0.109,-0.016,-0.099,-0.011,0.0,-0.013,0.0,0.014,0.013,-0.119,0.0,0.0,0.0,,,,,,,,,,0,886.43,,,,,,,,,,,,,,,,,,,,,,,,,,,,,,889.62,889.62,889.62,889.62,889.62,889.65,,,,,,,,,,,,,,,,,,,,,,,,,,,,,,,,,,,,,T1,,,,,,,
8685,,,,,,,,,,,,,,,,,,,,,,,,,,,-0.083,0.139,,0.034,-0.067,-0.139,,-0.248,,,,,,,,,,,,,,,,,,,,,,,,,,,,,,,,,,,,,0.013,0.024,,,,0.058,0.004,0.057,0.058,-0.02,-0.046,-0.092,0.0,0.004,0.0,0.011,0.013,-0.074,0.0,0.0,0.0,,,,,,,,,,0,,,,,,,,,,,784.26,,784.29,,,,,,,,,,,,,,,,789.36,,792.98,792.98,792.99,792.99,792.99,793.0,,,,,,,,,,,,,,,,,,,,,,,,,,,,,,,,,,,,,T1,,,,,,,
18318,,,,,,,,,,,,,,,,,,,,,,,,,,,,,,,,,,,-0.22,,,0.052,-0.211,,0.003,,,,,,,,,,,,,,,,,,,,,,,,,,,,,,0.157,-0.023,,,,-0.056,-0.091,0.063,-0.056,-0.027,-0.072,-0.038,0.0,-0.013,0.0,0.011,0.013,-0.074,0.0,0.0,0.0,,,,,,,,,,0,,,,,,,,,,,,,,977.54,,977.56,,,,,,,,,,,,,991.16,,994.29,994.29,994.31,994.31,994.31,994.32,,,,,,,,,,,,,,,,,,,,T1,,T1,,,,,,,,,,,,,,,T1,,,,,,,
10762,-0.055,-0.249,0.0,,0.336,,,,-0.006,,,,,,,,,,,,,,,,,,,,,,,,,,,,,,,,,,,,,,,,,,,,,,,,,,,,,,,,,,,,,,,,,,,0.16,-0.053,0.082,0.16,0.09,-0.046,-0.119,0.0,-0.003,0.0,0.013,0.013,0.108,0.0,0.0,0.0,,,,,,,,,,0,520.64,,,520.67,,,,,,,,,,,,,,,,,,,,,,,,,,,522.41,522.41,522.42,522.42,522.42,522.44,,,,,,,,,,,,,,,,,,,,,,,,,,,,,,,,,,,,,,,,,,,,
41199,0.049,-0.067,,0.019,-0.164,,,,0.064,,,,,,,,,,,,,,,,,,,,,,,,,,,,,,,,,,,,,,,,,,,,,,,,,,,,,,,,,,,,,,,,,,,0.131,-0.066,0.037,0.131,0.098,0.007,,,,,0.008,0.013,0.199,0.0,,0.0,,,,,,,,,,0,325.46,325.46,,325.49,,,,,,,,,,,,,,,,,,,,,,,,,,,334.4,334.4,334.41,,334.41,,,,,,,,,,,,,,,,,,,,,,,,,,,,,,,,,,,,,,T1,,,,,,,
41177,-0.042,0.019,,0.019,-0.164,,,,-0.103,,,,,,,,,,,,,,,,,,,,,,,,,,,,,,,,,,,,,,,,,,,,,,,,,,,,,,,,,,,,,,,,,,,-0.261,-0.034,0.082,-0.261,0.016,-0.125,0.043,0.0,-0.003,0.0,0.012,0.013,-0.074,0.0,0.0,0.0,,,,,,,,,,0,586.62,586.63,,586.65,,,,,,,,,,,,,,,,,,,,,,,,,,,591.42,591.42,591.43,591.43,591.43,591.44,,,,,,,,,,,,,,,,,,,,,,,,,,,,,,,,,,,,,T1,,,,,,,
22186,,,,,,,,,,,,,,,,,,,,,,,,,,,0.034,0.165,,0.034,0.138,,0.225,0.203,,,,,,,,,,,,,,,,,,,,,,,,,,,,,,,,,,,,,0.017,0.312,,,,0.256,-0.021,0.037,0.256,0.082,-0.125,,,,,0.01,0.013,0.017,0.0,0.0,0.0,,,,,,,,,,1,,,,,,,,,,,367.84,,,,,,,,,,,,,,,,,,402.15,,415.59,415.59,415.59,,415.59,415.6,,,,,,,,,,,,,,,,,,,,,,,,,,,,,,,,,,,,,,,,,,,,
59341,,,,,,,,,,,,,,,,,,,0.053,-0.067,-0.004,-0.137,,-0.034,,0.09,,,,,,,,,,,,,,,,,,,,,,,,,,,,,,,,,,,,,,,,,,,,,-0.081,-0.066,,,,-0.081,-0.161,0.063,-0.081,-0.031,0.191,-0.038,0.0,0.012,0.0,0.012,0.013,-0.029,0.0,,0.0,,,,,,,,,,0,,,,,,,,1022.04,1022.04,,,,,,,,,,,,,,,,,,,,1040.95,,1055.89,1055.89,1055.89,1055.89,1055.89,,,,,,,,,,,,,T1,,,T3,,,,,,,,,,,,,,,,,,,,,,,,,,,,,
22783,0.056,0.035,0.0,,-0.164,,,,0.073,,,,,,,,,,,,,,,,,,,,,,,,,,,,,,,,,,,,,,,,,,,,,,,,,,,,,,,,,,,,,,,,,,,0.181,0.061,0.037,0.181,0.153,-0.046,,,,,0.014,0.013,0.017,0.0,,0.0,,,,,,,,,,0,320.73,,,320.76,,,,,,,,,,,,,,,,,,,,,,,,,,,322.04,322.04,322.05,,322.05,,,,,,,,,,,,,,,,,,,,,,,,,,,,,,,,,,,,,,T1,,,,,,,
32999,0.023,0.013,0.0,,,,,,-0.039,,,,,,,,,,,,,,,,,,,,,,,,,,,,,,,,,,,,,,,,,,,,,,,,,,,,,,,,,,,,,,,,,,,0.084,0.017,0.057,0.084,-0.012,-0.178,-0.092,0.0,-0.011,0.0,0.016,0.013,-0.029,0.0,,0.0,,,,,,,,,,0,701.4,,,701.43,,,,,,,,,,,,,,,,,,,,,,,,,,,703.58,703.58,703.59,703.59,703.59,,,,,,,,,,,,,,,,,,,,,,,,,,,,,,,,,,,,,,T1,,,,,,,
6978,,,,,,,,,,-0.006,0.066,,-0.01,,,,0.01,0.145,,,,,,,,,,,,,,,,,,,,,,,,,,,,,,,,,,,,,,,,,,,,,,,,,,,,,,,,,,,,,,,,,,,,,,,,,,0.0,0.0,-0.07,-0.032,,0.019,0.0,,0.0,0,,,,,,,1396.35,,,,,,,,,,,,,,,,,,,,,,,,,,,,,,1396.91,,1396.93,1396.93,,,,,,,,,,,,,,,,,,,,,,,,,,,,,,,,,,,,,,,,
4194,-0.127,0.019,0.0,,,,-0.027,0.005,,,,,,,,,,,,,,,,,,,,,,,,,,,,,,,,,,,,,,,,,,,,,,,,,,,,,,,,,,,,,,,,,,,,-0.106,0.061,0.104,-0.106,,0.059,0.07,0.0,-0.004,0.0,0.011,0.013,-0.165,0.0,,0.0,,,,,,,,,,0,1532.26,,,,,,,,,,,,,,,,,,,,,,,,,,,,,,1541.39,1541.39,1541.4,1541.4,1541.4,,,,,,,,,,,,,,,,,,,,,,,,,,,,,,,,,,,,,,,,,,,,,
32663,0.115,-0.04,0.0,,,0.0,,,,,,,,,,,,,,,,,,,,,,,,,,,,,,,,,,,,,,,,,,,,,,,,,,,,,,,,,,,,,,,,,,,,,,0.109,0.004,0.101,0.109,-0.004,-0.204,0.016,0.0,-0.012,0.0,0.008,0.013,0.017,0.0,0.0,0.0,,,,,,,,,,0,674.1,,674.16,,,,,,,,,,,,,,,,,,,,,,,,,,,,676.96,676.96,676.96,676.96,676.96,676.98,,,,,,,,,,,,,,,,,,,,,,,,,,,,,,,,,,,,,,,,,,,,
51266,0.069,0.072,0.0,,,-0.124,,,,,,,,,,,,,,,,,,,,,,,,,,,,,,,,,,,,,,,,,,,,,,,,,,,,,,,,,,,,,,,,,,,,,,0.16,0.004,0.063,0.16,0.0,0.191,-0.065,0.0,0.029,0.0,0.011,0.013,0.017,0.0,0.0,0.0,,,,,,,,,,0,944.84,,944.87,,,,,,,,,,,,,,,,,,,,,,,,,,,,953.84,953.84,953.85,953.85,953.85,953.86,,,,,,,,,,,,,,,,,,,,,,,,,,,,,,,,,,,,,,,,,,,,
43268,,,,,,,,,,,,,,,,,,,,,,,,,,,,,,,,,,,,,,,,,,,,,,,,,0.001,,,,0.01,,-0.035,0.103,,,,,,,,,,,,,,,,,,-0.036,-0.037,-0.106,0.068,0.063,-0.106,-0.043,0.138,-0.065,0.0,-0.004,0.0,0.013,0.013,-0.074,0.0,,0.0,,,,,,,,,,0,,,,,,,,,,,,,,,,,,,,,,1150.87,,,,,,,,1166.38,1175.51,1175.51,1175.52,1175.52,1175.52,,,,,,,,,,,,,,,,,,,,,,,,,,,,,,,,,,,,,,T1,,,,,,,
37939,0.023,0.099,,-0.081,,,-0.007,-0.002,,,,,,,,,,,,,,,,,,,,,,,,,,,,,,,,,,,,,,,,,,,,,,,,,,,,,,,,,,,,,,,,,,,,,,,,,,,,,,,,,,,,0.0,0.0,0.041,,-0.063,0.26,0.0,-0.131,0.0,0,1378.11,1378.12,,,,,,,,,,,,,,,,,,,,,,,,,,,,,,,,,,,1378.77,,1378.79,1378.79,,,,,,,,,,,,,,,,,,,,,,,,,,,,,,,,,,,,,,,,
25461,,,,,,,,,,-0.006,0.066,,-0.01,,,,-0.046,-0.161,,,,,,,,,,,,,,,,,,,,,,,,,,,,,,,,,,,,,,,,,,,,,,,,,,,,,,,,,,0.142,0.112,-0.702,0.142,,-0.099,,,,,0.009,0.013,0.062,0.0,,0.0,,,,,,,,,,0,,,,,,,88.18,,,,,,,,,,,,,,,,,,,,,,,,90.44,90.44,90.44,,90.44,,,,,,,,,,,,,,,,,,,,,,,,,,,,,,,,,,,,,,,,,,,,,
26826,0.101,-0.056,,-0.081,,0.068,,,,,,,,,,,,,,,,,,,,,,,,,,,,,,,,,,,,,,,,,,,,,,,,,,,,,,,,,,,,,,,,,,,,,,0.109,0.049,0.101,0.109,,-0.125,-0.038,0.0,-0.012,0.0,0.012,0.013,0.017,0.0,0.0,0.0,,,,,,,,,,0,676.56,676.56,676.59,,,,,,,,,,,,,,,,,,,,,,,,,,,,683.28,683.28,683.28,683.28,683.28,683.44,,,,,,,,,,,,,,,,,,,,,,,,,,,,,,,,,,,,,T1,,,,,,,
50798,,,,,,,,,,,,,,,,,,,-0.061,-0.067,-0.012,0.011,,,0.005,-0.008,,,,,,,,,,,,,,,,,,,,,,,,,,,,,,,,,,,,,,,,,,,,,,,-0.035,,,0.109,-0.066,0.057,0.109,-0.027,0.086,-0.011,0.0,-0.013,0.0,0.014,0.013,0.062,0.0,,0.0,,,,,,,,,,0,,,,,,,,805.81,805.82,805.82,,,,,,,,,,,,,,,,,,,,,819.31,819.31,819.31,819.31,819.31,,,,,,,,,,,,,T1,,,T3,,,,,,,,,,,,,,,,,,,,,,T1,,,,,,,
32602,0.16,-0.03,0.0,,0.336,0.037,,,,,,,,,,,,,,,,,,,,,,,,,,,,,,,,,,,,,,,,,,,,,,,,,,,,,,,,,,,,,,,,,,,,,,-0.056,-0.034,0.063,-0.056,-0.055,-0.02,-0.038,0.0,-0.004,0.0,0.008,0.013,0.017,0.0,,0.0,,,,,,,,,,0,1160.25,,1160.29,,,,,,,,,,,,,,,,,,,,,,,,,,,,1163.84,1163.84,1163.85,1163.85,1163.85,,,,,,,,,,,,,,,,,,,,,,,,,,,,,,,,,,,,,,T1,,,,,,,
37087,0.01,-0.067,,0.019,,-0.098,,,,,,,,,,,,,,,,,,,,,,,,,,,,,,,,,,,,,,,,,,,,,,,,,,,,,,,,,,,,,,,,,,,,,,,,,,,,,,,,,,,,,,0.0,0.0,-0.023,,-0.056,-0.291,0.0,0.069,0.0,0,1412.99,1413.0,1413.02,,,,,,,,,,,,,,,,,,,,,,,,,,,,,,,,,,1413.29,,1413.31,1413.32,,,,,,,,,,,,,,,,,,,,,,,,,,,,,,,,,,,,,,,,
27078,,,,,,,,,,,,,,,,,,,,,,,,,,,,,,,,,,,-0.183,,,-0.139,,-0.027,0.002,,,,,,,,,,,,,,,,,,,,,,,,,,,,,,,,-0.035,,,0.084,-0.028,0.057,0.084,0.031,0.086,-0.038,0.0,-0.004,0.0,0.01,0.013,0.017,0.0,0.0,0.0,,,,,,,,,,0,,,,,,,,,,,,,,689.17,,,,,,,,,,,,,,,,,726.87,726.87,726.87,726.87,726.87,726.89,,,,,,,,,,,,,,,,,,,,T1,,T1,,,,,,,,,,,,,,,T1,,,,,,,
10773,0.049,0.104,,0.019,,,-0.058,-0.001,,,,,,,,,,,,,,,,,,,,,,,,,,,,,,,,,,,,,,,,,,,,,,,,,,,,,,,,,,,,,,,,,,,,-0.132,0.061,0.082,-0.132,-0.075,-0.02,0.043,0.0,-0.012,0.0,0.011,0.013,0.062,0.0,,0.0,,,,,,,,,,0,1427.7,1427.71,,,,,,,,,,,,,,,,,,,,,,,,,,,,,1428.89,1428.89,1428.89,1428.89,1428.89,,,,,,,,,,,,,,,,,,,,,,,,,,,,,,,,,,,,,,T1,,,,,,,
23455,,,,,,,,,,,,,,,,,,,,,,,,,,,,,,,,,,,-0.192,,,0.377,,-0.041,-0.067,,,,,,,,,,,,,,,,,,,,,,,,,,,,,,-0.224,-0.081,,,,-0.005,0.093,0.063,-0.005,-0.047,0.033,0.07,0.0,-0.003,0.0,0.013,0.013,0.108,0.0,,0.0,,,,,,,,,,0,,,,,,,,,,,,,,1177.15,,,,,,,,,,,,,,,1188.69,,1194.91,1194.91,1194.91,1194.91,1194.91,,,,,,,,,,,,,,,,,,,,,T1,,T1,,,,,,,,,,,,,,,T1,,,,,,,
25031,-0.088,-0.078,,-0.081,,,0.119,-0.002,,,,,,,,,,,,,,,,,,,,,,,,,,,,,,,,,,,,,,,,,,,,,,,,,,,,,,,,,,,,,,,,,,,,-0.181,0.017,0.037,-0.181,0.008,-0.046,,,,,0.012,0.013,0.017,0.0,,0.0,,,,,,,,,,0,257.71,257.71,,,,,,,,,,,,,,,,,,,,,,,,,,,,,258.21,258.21,258.22,,258.22,,,,,,,,,,,,,,,,,,,,,,,,,,,,,,,,,,,,,,T1,,,,,,,
16777,,,,,,,,,,,,,,,,,,,,,,,,,,,,,,,,,,,-0.102,,,-0.22,,0.06,-0.066,,,,,,,,,,,,,,,,,,,,,,,,,,,,,,-0.481,0.017,,,,0.109,-0.072,0.057,0.109,0.027,-0.046,0.016,0.0,-0.004,0.0,0.012,0.013,0.017,0.0,,0.0,,,,,,,,,,0,,,,,,,,,,,,,,684.46,,,,,,,,,,,,,,,720.6,,723.26,723.26,723.27,723.27,723.27,,,,,,,,,,,,,,,,,,,,,T1,,T1,,,,,,,,,,,,,,,T1,,,,,,,
3388,0.141,0.093,0.0,,,,0.017,0.0,,,,,,,,,,,,,,,,,,,,,,,,,,,,,,,,,,,,,,,,,,,,,,,,,,,,,,,,,,,,,,,,,,,,-0.056,-0.021,0.104,-0.056,-0.055,-0.072,-0.011,0.0,-0.012,0.0,0.007,0.013,0.017,0.0,0.0,0.0,,,,,,,,,,0,1433.72,,,,,,,,,,,,,,,,,,,,,,,,,,,,,,1439.91,1439.91,1439.92,1439.92,1439.92,1439.96,,,,,,,,,,,,,,,,,,,,,,,,,,,,,,,,,,,,,T1,,,,,,,
30930,-0.029,-0.03,,0.019,,,,,-0.024,,,,,,,,,,,,,,,,,,,,,,,,,,,,,,,,,,,,,,,,,,,,,,,,,,,,,,,,,,,,,,,,,,,-0.073,-0.123,0.082,-0.073,-0.004,-0.02,0.07,0.0,-0.012,0.0,0.011,0.013,-0.074,0.0,,0.0,,,,,,,,,,0,576.51,576.51,,576.56,,,,,,,,,,,,,,,,,,,,,,,,,,,584.24,584.24,584.24,584.24,584.24,,,,,,,,,,,,,,,,,,,,,,,,,,,,,,,,,,,,,,,,,,,,,
6835,,,,,,,,,,,,,,,,,,,,,,,,,,,-0.033,0.165,-0.223,,,,-0.072,0.099,,,,,,,,,,,,,,,,,,,,,,,,,,,,,,,,,,,,,,,-0.035,,,-0.133,0.259,0.082,-0.133,0.035,-0.125,,,,,0.009,0.013,-0.21,0.0,,0.0,,,,,,,,,,0,,,,,,,,,,,400.39,400.4,,,,,,,,,,,,,,,,,,,469.91,469.91,469.92,,469.92,,,,,,,,,,,,,,,,,,T1,,,,,,,,,,,,,,,,,,,,T1,,,,,,,
32205,,,,,,,,,,-0.014,-0.034,,-0.01,,,,-0.054,-0.202,,,,,,,,,,,,,,,,,,,,,,,,,,,,,,,,,,,,,,,,,,,,,,,,,,,,,,,,,,0.117,-0.053,-0.702,0.117,,0.086,,,,,0.012,0.013,0.244,0.0,,0.0,,,,,,,,,,0,,,,,,,87.56,,,,,,,,,,,,,,,,,,,,,,,,89.79,89.79,89.79,,89.79,,,,,,,,,,,,,,,,,,,,,,,,,,,,,,,,,,,,,,,,,,,,,
8051,0.062,0.12,,0.119,,0.013,,,,,,,,,,,,,,,,,,,,,,,,,,,,,,,,,,,,,,,,,,,,,,,,,,,,,,,,,,,,,,,,,0.074,-0.035,,,,0.058,0.011,0.063,0.058,0.067,0.007,-0.065,0.0,-0.009,0.0,0.012,0.013,-0.029,0.0,0.0,0.0,,,,,,,,,,1,943.16,943.16,943.23,,,,,,,,,,,,,,,,,,,,,,,,,,944.24,,946.61,946.61,946.62,946.62,946.62,946.63,,,,,,,,,,,,,,,,,,,,,,,,,,,,,,,,,,,,,,,,,,,,
23749,-0.114,-0.174,,0.019,0.336,,,,0.072,,,,,,,,,,,,,,,,,,,,,,,,,,,,,,,,,,,,,,,,,,,,,,,,,,,,,,,,,,,,,,,,,,,-0.235,0.074,0.015,-0.235,0.102,0.059,,,,,0.011,0.013,0.108,0.0,0.0,0.0,,,,,,,,,,0,235.06,235.07,,235.09,,,,,,,,,,,,,,,,,,,,,,,,,,,236.19,236.19,236.2,,236.2,236.21,,,,,,,,,,,,,,,,,,,,,,,,,,,,,,,,,,,,,T1,,,,,,,
2596,0.03,-0.035,,0.019,,,-0.044,-0.002,,,,,,,,,,,,,,,,,,,,,,,,,,,,,,,,,,,,,,,,,,,,,,,,,,,,,,,,,,,,,,,,,,,,-0.056,-0.066,0.082,-0.056,0.024,0.033,0.097,0.0,-0.012,0.0,0.013,0.013,-0.029,0.0,0.0,0.0,,,,,,,,,,0,1274.86,1274.86,,,,,,,,,,,,,,,,,,,,,,,,,,,,,1290.01,1290.01,1290.01,1290.01,1290.01,1290.03,,,,,,,,,,,,,,,,,,,,,,,,,,,,,,,,,,,,,T1,,,,,,,
28304,0.095,0.072,0.0,,-0.164,,0.035,0.001,,,,,,,,,,,,,,,,,,,,,,,,,,,,,,,,,,,,,,,,,,,,,,,,,,,,,,,,,,,,,,,,,,,,0.197,-0.034,0.082,0.197,0.094,,,,,,,,-0.074,0.0,0.0,0.0,,,,,,,,,,0,509.29,,,,,,,,,,,,,,,,,,,,,,,,,,,,,,510.5,510.5,,,,510.52,,,,,,,,,,,,,,,,,,,,,,,,,,,,,,,,,,,,,T1,,,,,,,
44247,,,,,,,,,,-0.006,,0.5,,,,0.046,,,,,,,,,,,,,,,,,,,,,,,,,,,,,,,,,,,,,,,,,,,,,,,,,,,,,,,,,,,,0.021,0.068,0.082,0.021,0.008,-0.072,-0.092,0.0,-0.003,0.0,0.016,0.013,-0.029,0.0,,0.0,,,,,,,,,,0,,,,,553.6,,,,,,,,,,,,,,,,,,,,,,,,,,555.0,555.0,555.01,555.01,555.01,,,,,,,,,,,,,,,,,,,,,,,,,,,,,,,,,,,,,,T1,,,,,,,
16676,0.016,-0.04,0.0,,-0.164,,,,-0.046,,,,,,,,,,,,,,,,,,,,,,,,,,,,,,,,,,,,,,,,,,,,,,,,,,,,,,,,,,,,,,-0.033,-0.012,,,,0.109,0.068,0.057,0.109,-0.024,-0.151,0.124,0.0,0.004,0.0,0.017,0.013,0.017,0.0,0.0,0.0,,,,,,,,,,1,909.14,,,909.18,,,,,,,,,,,,,,,,,,,,,,,,,910.48,,911.78,911.78,911.79,911.79,911.79,911.81,,,,,,,,,,,,,,,,,,,,,,,,,,,,,,,,,,,,,,,,,,,,
25011,,,,,,,,,,-0.002,,-0.273,-0.01,0.029,-0.314,,,,,,,,,,,,,,,,,,,,,,,,,,,,,,,,,,,,,,,,,,,,,,,,,,,,,,,,,,,,,-0.182,-0.04,0.063,-0.182,-0.02,-0.02,-0.011,0.0,-0.012,0.0,0.011,0.013,-0.301,0.0,0.0,0.0,,,,,,,,,,0,,,,,1225.6,1225.62,,,,,,,,,,,,,,,,,,,,,,,,,1226.85,1226.85,1226.85,1226.85,1226.85,1226.89,,,,,,,,,,,,,,,,,,,,,,,,,,,,,,,,,,,,,T1,,,,,,,
52113,,,,,,,,,,,,,,,,,,,0.011,0.146,-0.022,-0.106,,-0.034,,-0.108,,,,,,,,,,,,,,,,,,,,,,,,,,,,,,,,,,,,,,,,,,,,,-0.199,-0.007,,,,-0.081,-0.149,0.063,-0.081,-0.031,-0.072,-0.146,0.0,0.012,0.0,0.02,0.013,0.062,0.0,0.0,0.0,,,,,,,,,,0,,,,,,,,1028.37,1028.38,,,,,,,,,,,,,,,,,,,,1057.52,,1061.76,1061.76,1061.76,1061.76,1061.76,1061.77,,,,,,,,,,,,T1,,,T3,,,,,,,,,,,,,,,,,,,,,,,,,,,,,
1005,,,,,,,,,,-0.014,-0.034,,,,,,0.034,-0.1,,,,,,,,,,,,,,,,,,,,,,,,,,,,,,,,,,,,,,,,,,,,,,,,,,,,,,,,,,0.117,0.068,-0.029,0.117,0.141,0.191,,,,,0.01,0.013,-0.074,0.0,,0.0,,,,,,,,,,0,,,,,,,188.39,,,,,,,,,,,,,,,,,,,,,,,,188.84,188.84,188.84,,188.84,,,,,,,,,,,,,,,,,,,,,,,,,,,,,,,,,,,,,,T1,,,,,,,
2248,0.01,0.019,0.0,,-0.164,,-0.011,0.0,,,,,,,,,,,,,,,,,,,,,,,,,,,,,,,,,,,,,,,,,,,,,,,,,,,,,,,,,,,,,,,,,,,,0.092,-0.028,-0.702,0.092,0.11,-0.02,,,,,0.008,0.013,0.153,0.0,0.0,0.0,,,,,,,,,,0,79.17,,,,,,,,,,,,,,,,,,,,,,,,,,,,,,86.83,86.83,86.84,,86.84,86.86,,,,,,,,,,,,,,,,,,,,,,,,,,,,,,,,,,,,,T1,,,,,,,
36512,,,,,,,,,,,,,,,,,,,,,,,,,,,,,,,,,,,,,,,,,,,,,,,,,,,,,,,,,-0.098,,,,,,,,0.13,,-0.041,-0.063,,-0.08,,,-0.035,,,-0.081,-0.193,0.063,-0.081,-0.016,0.007,-0.146,0.0,-0.011,0.0,0.013,0.013,0.062,0.0,0.0,0.0,,,,,,,,,,0,,,,,,,,,,,,,,,,,,,,,,,,,,1001.05,1001.05,1001.06,,,1036.13,1036.13,1036.14,1036.14,1036.14,1036.17,,,,,,,,,,,,,,,,,,,,,,,,,,,,,,,,,T1,,,,T1,,,,,,,
15087,0.016,-0.083,0.0,,0.336,,,,0.04,,,,,,,,,,,,,,,,,,,,,,,,,,,,,,,,,,,,,,,,,,,,,,,,,,,,,,,,,,,,,,,,,,,0.23,-0.161,-0.702,0.23,0.212,0.112,,,,,0.011,0.013,-0.029,0.0,0.001,0.0,,,,,,,,,,0,39.08,,,39.1,,,,,,,,,,,,,,,,,,,,,,,,,,,45.78,45.78,45.79,,45.79,45.8,,,,,,,,,,,,,,,,,,,,,,,,,,,,,,,,,,,,,T1,,,,,,,
14377,,,,,,,,,,,,,,,,,,,,,,,,,,,,,,,,,,,0.136,-0.008,-0.026,,,-0.027,-0.01,,,,,,,,,,,,,,,,,,,,,,,,,,,,,,0.213,0.113,,,,0.02,-0.034,0.063,0.02,-0.059,0.164,0.043,0.0,-0.003,0.0,0.009,0.013,0.062,0.0,,0.0,,,,,,,,,,0,,,,,,,,,,,,,,1157.92,1157.94,,,,,,,,,,,,,,1175.05,,1179.54,1179.54,1179.54,1179.54,1179.54,,,,,,,,,,,,,,,,,,,,,T1,,,,,,,,,,,,,,,,,T1,,,,,,,
22004,,,,,,,,,,,,,,,,,,,,,,,,,,,-0.036,0.184,,-0.038,-0.008,0.28,,-0.083,,,,,,,,,,,,,,,,,,,,,,,,,,,,,,,,,,,,,,,,,,,,,,,,,,,,,,,,,,0.0,0.0,0.104,0.018,,0.019,0.0,,0.0,0,,,,,,,,,,,786.64,,786.66,,,,,,,,,,,,,,,,,,,,,,,,794.12,,794.19,794.2,,,,,,,,,,,,,,,,,,,,,,,,,,,,,,,,,,,,,,,,
21341,-0.095,-0.142,0.0,,,0.196,,,,,,,,,,,,,,,,,,,,,,,,,,,,,,,,,,,,,,,,,,,,,,,,,,,,,,,,,,,,,,,,,,,,,,-0.132,-0.021,0.082,-0.132,-0.043,0.164,-0.038,0.0,-0.003,0.0,0.013,0.013,-0.21,0.0,,0.0,,,,,,,,,,1,1393.24,,1393.26,,,,,,,,,,,,,,,,,,,,,,,,,,,,1393.92,1393.92,1393.92,1393.92,1393.92,,,,,,,,,,,,,,,,,,,,,,,,,,,,,,,,,,,,,,,,,,,,,
25355,,,,,,,,,,,,,,,,,,,,,,,,,,,,,,,,,,,,,,,,,,,,,,,,,,,,,0.037,,0.011,0.086,,,,,,,,,,,,,,,-0.033,-0.056,,,,0.205,-0.002,0.037,0.205,0.039,-0.204,,,,,0.014,0.013,-0.074,0.0,0.0,0.0,,,,,,,,,,1,,,,,,,,,,,,,,,,,,,,,,344.3,,,,,,,405.38,,416.52,416.52,416.55,,416.55,416.57,,,,,,,,,,,,,,,,,,,,,,,,,,,,,,,,,,,,,,,,,,,,
48736,,,,,,,,,,,,,,,,,,,,,,,,,,,,,,,,,,,,,,,,,,0.093,0.001,0.0,,,-0.119,-0.014,,,,,,,,,,,,,,,,,,,,,,,,,-0.035,,,0.045,-0.072,0.063,0.045,-0.02,0.112,0.016,0.0,-0.013,0.0,0.014,0.013,0.244,0.0,,0.0,,,,,,,,,,0,,,,,,,,,,,,,,,,,1027.05,,1027.16,,,,,,,,,,,,1063.84,1063.84,1063.85,1063.85,1063.85,,,,,,,,,,,,,,,,,,,,,,,,,,,,,,,,,,,,,,T1,,,,,,,
20639,0.056,0.083,0.0,,-0.164,-0.028,,,,,,,,,,,,,,,,,,,,,,,,,,,,,,,,,,,,,,,,,,,,,,,,,,,,,,,,,,,,,,,,,,,,,,0.058,0.036,0.101,0.058,0.016,-0.099,-0.011,0.0,-0.012,0.0,0.01,0.013,-0.029,0.0,,0.0,,,,,,,,,,0,603.74,,603.78,,,,,,,,,,,,,,,,,,,,,,,,,,,,608.04,608.04,608.05,608.05,608.05,,,,,,,,,,,,,,,,,,,,,,,,,,,,,,,,,,,,,,T1,,,,,,,
13662,-0.068,0.04,,0.019,,-0.043,,,,,,,,,,,,,,,,,,,,,,,,,,,,,,,,,,,,,,,,,,,,,,,,,,,,,,,,,,,,,,,,,,,,,,-0.311,-0.053,0.015,-0.311,0.106,-0.046,,,,,0.009,0.013,-0.029,0.0,0.0,0.0,,,,,,,,,,0,236.82,236.82,236.85,,,,,,,,,,,,,,,,,,,,,,,,,,,,238.53,238.53,238.53,,238.53,238.55,,,,,,,,,,,,,,,,,,,,,,,,,,,,,,,,,,,,,T1,,,,,,,
27216,,,,,,,,,,,,,,,,,,,,,,,,,,,,,,,,,,,-0.179,-0.008,-0.062,,-0.065,,0.156,,,,,,,,,,,,,,,,,,,,,,,,,,,,,,0.087,0.048,,,,0.058,0.011,0.057,0.058,-0.031,0.007,-0.038,0.0,0.004,0.0,0.013,0.013,0.108,0.0,0.0,0.0,,,,,,,,,,0,,,,,,,,,,,,,,696.21,696.22,696.24,,,,,,,,,,,,,738.08,,741.89,741.89,741.89,741.89,741.89,741.91,,,,,,,,,,,,,,,,,,,,T1,,,,,,,,,,,,,,,,,T1,,,,,,,
55135,0.108,0.072,,0.019,,,-0.034,0.001,,,,,,,,,,,,,,,,,,,,,,,,,,,,,,,,,,,,,,,,,,,,,,,,,,,,,,,,,,,,,,,,,-0.035,,,0.134,0.106,0.063,0.134,-0.035,0.112,-0.011,0.0,0.003,0.0,0.014,0.013,-0.029,0.0,,0.0,,,,,,,,,,0,919.85,919.86,,,,,,,,,,,,,,,,,,,,,,,,,,,,,923.01,923.01,923.01,923.01,923.01,,,,,,,,,,,,,,,,,,,,,,,,,,,,,,,,,,,,,,,,,,,,,
9413,0.01,0.04,,0.019,-0.164,-0.006,,,,,,,,,,,,,,,,,,,,,,,,,,,,,,,,,,,,,,,,,,,,,,,,,,,,,,,,,,,,,,,,,,,,,,-0.157,-0.034,0.104,-0.157,-0.09,-0.046,0.043,0.0,0.021,0.0,0.011,0.013,-0.21,0.0,0.0,0.0,,,,,,,,,,0,1574.56,1574.56,1574.58,,,,,,,,,,,,,,,,,,,,,,,,,,,,1577.39,1577.39,1577.4,1577.4,1577.4,1577.41,,,,,,,,,,,,,,,,,,,,,,,,,,,,,,,,,,,,,T1,,,,,,,
27546,-0.075,-0.142,,0.019,,,,,0.042,,,,,,,,,,,,,,,,,,,,,,,,,,,,,,,,,,,,,,,,,,,,,,,,,,,,,,,,,,,,,,0.08,-0.048,,,,0.058,0.023,0.063,0.058,-0.02,-0.099,-0.119,0.0,-0.009,0.0,0.013,0.013,-0.029,0.0,0.0,0.0,,,,,,,,,,0,943.37,943.38,,943.41,,,,,,,,,,,,,,,,,,,,,,,,,945.35,,946.84,946.84,946.84,946.84,946.84,946.86,,,,,,,,,,,,,,,,,,,,,,,,,,,,,,,,,,,,,T1,,,,,,,
51122,0.043,-0.046,0.0,,-0.164,,-0.035,-0.002,,,,,,,,,,,,,,,,,,,,,,,,,,,,,,,,,,,,,,,,,,,,,,,,,,,,,,,,,,,,,,,-0.031,0.162,,,,0.269,0.176,0.037,0.269,0.071,-0.072,,,,,0.012,0.013,0.199,0.0,,0.0,,,,,,,,,,0,365.49,,,,,,,,,,,,,,,,,,,,,,,,,,,,365.63,,368.69,368.69,368.69,,368.69,,,,,,,,,,,,,,,,,,,,,,,,,,,,,,,,,,,,,,T1,,,,,,,
58232,0.03,-0.014,0.0,,-0.164,,0.009,0.0,,,,,,,,,,,,,,,,,,,,,,,,,,,,,,,,,,,,,,,,,,,,,,,,,,,,,,,,,,,,,,,,,,,,0.033,0.049,0.057,0.033,-0.027,0.033,0.097,0.0,-0.013,0.0,0.017,0.013,0.017,0.0,,0.0,,,,,,,,,,1,838.12,,,,,,,,,,,,,,,,,,,,,,,,,,,,,,879.23,879.23,879.23,879.23,879.23,,,,,,,,,,,,,,,,,,,,,,,,,,,,,,,,,,,,,,T1,,,,,,,
37489,-0.101,-0.249,0.0,,-0.164,,,,-0.053,,,,,,,,,,,,,,,,,,,,,,,,,,,,,,,,,,,,,,,,,,,,,,,,,,,,,,,,,,,,,,,,,,,0.02,-0.009,0.063,0.02,-0.043,-0.099,-0.038,0.0,-0.013,0.0,0.011,0.013,0.062,0.0,,0.0,,,,,,,,,,0,1112.73,,,1112.76,,,,,,,,,,,,,,,,,,,,,,,,,,,1115.49,1115.49,1115.5,1115.5,1115.5,,,,,,,,,,,,,,,,,,,,,,,,,,,,,,,,,,,,,,T1,,,,,,,
50491,0.121,0.093,,0.019,-0.164,,-0.048,-0.001,,,,,,,,,,,,,,,,,,,,,,,,,,,,,,,,,,,,,,,,,,,,,,,,,,,,,,,,,,,,,,,,,,,,-0.081,0.023,0.104,-0.081,-0.055,0.191,0.07,0.0,-0.013,0.0,0.012,0.013,0.017,0.0,0.0,0.0,,,,,,,,,,0,1649.57,1649.57,,,,,,,,,,,,,,,,,,,,,,,,,,,,,1652.5,1652.5,1652.51,1652.51,1652.51,1652.52,,,,,,,,,,,,,,,,,,,,,,,,,,,,,,,,,,,,,T1,,,,,,,
13739,-0.114,-0.062,0.0,,,0.056,,,,,,,,,,,,,,,,,,,,,,,,,,,,,,,,,,,,,,,,,,,,,,,,,,,,,,,,,,,,,,,,,,,,,,-0.157,-0.015,0.082,-0.157,-0.047,-0.099,0.124,0.0,-0.003,0.0,0.012,0.013,-0.074,0.0,0.0,0.0,,,,,,,,,,0,1266.75,,1266.8,,,,,,,,,,,,,,,,,,,,,,,,,,,,1276.69,1276.69,1276.69,1276.69,1276.69,1276.72,,,,,,,,,,,,,,,,,,,,,,,,,,,,,,,,,,,,,,,,,,,,
24113,,,,,,,,,,,,,,,,,,,,,,,,,,,,,,,,,,,,,,,,,,-0.047,0.002,-0.001,,,-0.056,-0.087,,,,,,,,,,,,,,,,,,,,,,,,,,,,-0.081,-0.104,0.082,-0.081,0.09,-0.046,,,,,0.009,0.013,-0.029,0.0,,0.0,,,,,,,,,,0,,,,,,,,,,,,,,,,,457.64,,457.78,,,,,,,,,,,,503.38,503.38,503.39,,503.39,,,,,,,,,,,,,,,,,,,,,,,,,,,,,,,,,,,,,,T1,,,,,,,
16592,,,,,,,,,,,,,,,,,,,,,,,,,,,,,,,,,,,-0.25,,,0.026,0.098,,-0.018,,,,,,,,,,,,,,,,,,,,,,,,,,,,,,-0.07,-0.043,,,,-0.005,-0.021,0.063,-0.005,-0.02,-0.072,-0.065,0.0,0.008,0.0,0.016,0.013,0.017,0.0,0.0,0.0,,,,,,,,,,0,,,,,,,,,,,,,,997.1,,997.13,,,,,,,,,,,,,1009.88,,1011.9,1011.9,1011.9,1011.9,1011.9,1011.92,,,,,,,,,,,,,,,,,,,,T1,,T1,,,,,,,,,,,,,,,T1,,,,,,,
21874,-0.049,0.125,0.0,,,0.039,,,,,,,,,,,,,,,,,,,,,,,,,,,,,,,,,,,,,,,,,,,,,,,,,,,,,,,,,,,,,,,,,,,,,,-0.056,-0.053,0.104,-0.056,-0.075,0.217,0.016,0.0,0.021,0.0,0.011,0.013,0.017,0.0,0.0,0.0,,,,,,,,,,0,1560.41,,1560.45,,,,,,,,,,,,,,,,,,,,,,,,,,,,1564.08,1564.08,1564.08,1564.08,1564.08,1564.1,,,,,,,,,,,,,,,,,,,,,,,,,,,,,,,,,,,,,T1,,,,,,,
9722,0.016,0.056,0.0,,,-0.058,,,,,,,,,,,,,,,,,,,,,,,,,,,,,,,,,,,,,,,,,,,,,,,,,,,,,,,,,,,,,,,,,,,,,,0.092,-0.206,-0.702,0.092,,-0.02,,,,,0.009,0.013,0.199,0.0,,0.0,,,,,,,,,,0,114.56,,114.59,,,,,,,,,,,,,,,,,,,,,,,,,,,,116.0,116.0,116.01,,116.01,,,,,,,,,,,,,,,,,,,,,,,,,,,,,,,,,,,,,,T1,,,,,,,
49292,-0.062,-0.056,0.0,,-0.164,,0.133,-0.001,,,,,,,,,,,,,,,,,,,,,,,,,,,,,,,,,,,,,,,,,,,,,,,,,,,,,,,,,,,,,,,,,,,,0.117,-0.123,-0.702,0.117,0.118,-0.046,,,,,0.011,0.013,0.199,0.0,0.0,0.0,,,,,,,,,,0,116.25,,,,,,,,,,,,,,,,,,,,,,,,,,,,,,116.88,116.88,116.88,,116.88,116.91,,,,,,,,,,,,,,,,,,,,,,,,,,,,,,,,,,,,,,,,,,,,
59733,,,,,,,,,,,,,,,,,,,,,,,,,,,,,,,,,,,0.104,,,-0.221,,0.088,0.073,,,,,,,,,,,,,,,,,,,,,,,,,,,,,,0.303,0.09,,,,0.033,-0.066,0.057,0.033,-0.035,0.007,0.043,0.0,0.029,0.0,0.01,0.013,-0.119,0.0,,0.0,,,,,,,,,,0,,,,,,,,,,,,,,707.61,,,,,,,,,,,,,,,742.49,,744.58,744.58,744.59,744.59,744.59,,,,,,,,,,,,,,,,,,,,,T1,,T1,,,,,,,,,,,,,,,T1,,,,,,,
25737,,,,,,,,,,,,,,,,,,,,,,,,,,,,,,,,,,,,,,,,,,,,,,,,,,,,,,,,,,,,,,,,,,,,,,,,,,,,,,,,,,,,,,,,,,,,,,,,,,,,,0,,,,,,,,,,,,,,,,,,,,,,,,,,,,,,,,,,,,,,,,,,,,,,,,,,,,,,,,,,,,,,,,,,,,,,,,,,,,,,,,
33995,0.049,0.131,,0.019,,,,,0.033,,,,,,,,,,,,,,,,,,,,,,,,,,,,,,,,,,,,,,,,,,,,,,,,,,,,,,,,,,,,,,,,,,,-0.06,-0.047,-0.752,-0.06,-0.043,-0.125,,,,,0.011,0.013,0.017,0.0,0.0,0.0,,,,,,,,,,0,166.41,166.41,,166.45,,,,,,,,,,,,,,,,,,,,,,,,,,,166.67,166.67,166.68,,166.68,166.7,,,,,,,,,,,,,,,,,,,,,,,,,,,,,,,,,,,,,,,,,,,,
42336,0.186,-0.078,0.0,,-0.164,,,,-0.055,,,,,,,,,,,,,,,,,,,,,,,,,,,,,,,,,,,,,,,,,,,,,,,,,,,,,,,,,,,,,,,,,,,-0.005,0.042,0.104,-0.005,-0.086,0.059,0.097,0.0,-0.013,0.0,0.013,0.013,0.062,0.0,,0.0,,,,,,,,,,0,1633.58,,,1633.61,,,,,,,,,,,,,,,,,,,,,,,,,,,1636.32,1636.32,1636.33,1636.33,1636.33,,,,,,,,,,,,,,,,,,,,,,,,,,,,,,,,,,,,,,,,,,,,,
48494,0.108,-0.072,0.0,,-0.164,0.172,,,,,,,,,,,,,,,,,,,,,,,,,,,,,,,,,,,,,,,,,,,,,,,,,,,,,,,,,,,,,,,,,,,,,,0.07,-0.06,0.082,0.07,0.008,-0.204,,,,,0.008,0.013,0.017,0.0,,0.0,,,,,,,,,,0,487.1,,487.59,,,,,,,,,,,,,,,,,,,,,,,,,,,,488.61,488.61,488.61,,488.61,,,,,,,,,,,,,,,,,,,,,,,,,,,,,,,,,,,,,,T1,,,,,,,
7661,-0.029,-0.153,0.0,,-0.164,,0.046,-0.001,,,,,,,,,,,,,,,,,,,,,,,,,,,,,,,,,,,,,,,,,,,,,,,,,,,,,,,,,,,,,,,,,,,,-0.096,-0.034,0.082,-0.096,0.125,-0.072,-0.011,0.0,0.013,0.0,0.011,0.013,-0.074,0.0,,0.0,,,,,,,,,,0,569.44,,,,,,,,,,,,,,,,,,,,,,,,,,,,,,571.65,571.65,571.66,571.66,571.66,,,,,,,,,,,,,,,,,,,,,,,,,,,,,,,,,,,,,,T1,,,,,,,
47178,0.023,-0.147,0.0,,-0.164,,-0.02,0.003,,,,,,,,,,,,,,,,,,,,,,,,,,,,,,,,,,,,,,,,,,,,,,,,,,,,,,,,,,,,,,,,,,,,-0.017,-0.009,0.057,-0.017,0.09,-0.099,-0.092,0.0,-0.012,0.0,0.011,0.013,-0.165,0.0,0.0,0.0,,,,,,,,,,0,626.24,,,,,,,,,,,,,,,,,,,,,,,,,,,,,,626.42,626.42,626.42,626.42,626.42,626.47,,,,,,,,,,,,,,,,,,,,,,,,,,,,,,,,,,,,,T1,,,,,,,
7529,-0.14,0.232,0.0,,,,,,0.02,,,,,,,,,,,,,,,,,,,,,,,,,,,,,,,,,,,,,,,,,,,,,,,,,,,,,,,,,,,,,,,,,,,-0.157,-0.072,0.082,-0.157,-0.071,0.112,-0.092,0.0,0.013,0.0,-0.969,-0.987,-0.074,0.0,0.0,0.0,,,,,,,,,,1,1331.16,,,1331.19,,,,,,,,,,,,,,,,,,,,,,,,,,,1339.36,1339.36,1339.41,1339.41,1339.41,1339.42,,,,,,,,,,,,,,,,,,,,,,,,,,,,,,,,,,,,,,,,,,,,
46721,0.062,0.125,,-0.081,,,,,-0.022,,,,,,,,,,,,,,,,,,,,,,,,,,,,,,,,,,,,,,,,,,,,,,,,,,,,,,,,,,,,,,,,,,,,,,,,,,,,,,,,,,,0.0,0.0,-0.039,,0.009,0.157,0.0,-0.131,0.0,0,575.03,575.03,,575.05,,,,,,,,,,,,,,,,,,,,,,,,,,,,,,,,,577.45,,577.47,577.47,,,,,,,,,,,,,,,,,,,,,,,,,,,,,,,,,,,,,,,,
35555,,,,,,,,,,,,,,,,,,,,,,,,,,,0.074,0.042,,0.034,-0.075,0.048,,0.1,,,,,,,,,,,,,,,,,,,,,,,,,,,,,,,,,,,,,-0.288,-0.101,,,,-0.081,-0.021,0.063,-0.081,-0.027,-0.099,-0.065,0.0,0.008,0.0,0.013,0.013,-0.029,0.0,0.0,0.0,,,,,,,,,,0,,,,,,,,,,,992.12,,992.19,,,,,,,,,,,,,,,,1004.89,,1007.02,1007.02,1007.02,1007.02,1007.02,1007.04,,,,,,,,,,,,,,,,,,,,,,,,,,,,,,,,,,,,,T1,,,,,,,
24510,-0.114,-0.27,0.0,,-0.164,,,,0.056,,,,,,,,,,,,,,,,,,,,,,,,,,,,,,,,,,,,,,,,,,,,,,,,,,,,,,,,,,,,,,,,,,,0.129,0.182,-0.68,0.129,0.094,-0.125,,,,,0.013,0.013,0.153,0.0,0.0,0.0,,,,,,,,,,0,21.21,,,21.26,,,,,,,,,,,,,,,,,,,,,,,,,,,31.22,31.22,31.22,,31.22,31.23,,,,,,,,,,,,,,,,,,,,,,,,,,,,,,,,,,,,,,,,,,,,
43299,-0.088,0.125,,0.019,0.336,-0.01,,,,,,,,,,,,,,,,,,,,,,,,,,,,,,,,,,,,,,,,,,,,,,,,,,,,,,,,,,,,,,,,,,,,,,0.045,0.011,0.104,0.045,-0.067,0.059,0.097,0.0,0.02,0.0,0.011,0.013,0.199,0.0,,0.0,,,,,,,,,,0,1513.05,1513.06,1513.07,,,,,,,,,,,,,,,,,,,,,,,,,,,,1513.53,1513.53,1513.53,1513.53,1513.53,,,,,,,,,,,,,,,,,,,,,,,,,,,,,,,,,,,,,,T1,,,,,,,
52616,,,,,,,,,,,,,,,,,,,,,,,,,,,,,,,,,,,,,,,,,,-0.04,0.001,0.0,,-0.013,,0.079,,,,,,,,,,,,,,,,,,,,,,,-0.031,-0.167,,,,0.033,0.074,0.057,0.033,0.031,-0.151,0.097,0.0,-0.004,0.0,0.013,0.013,0.017,0.0,0.0,0.0,,,,,,,,,,0,,,,,,,,,,,,,,,,,671.77,,,,,,,,,,,,719.16,,720.79,720.79,720.8,720.8,720.8,720.81,,,,,,,,,,,,,,,,,,,,,,,,,,,,,,,,,,,,,T1,,,,,,,
39812,0.003,0.12,,-0.081,0.336,,0.104,-0.001,,,,,,,,,,,,,,,,,,,,,,,,,,,,,,,,,,,,,,,,,,,,,,,,,,,,,,,,,,,,,,,,,,,,0.18,0.036,-0.702,0.18,0.18,-0.072,,,,,0.014,0.013,0.108,0.0,0.0,0.0,,,,,,,,,,0,55.46,55.47,,,,,,,,,,,,,,,,,,,,,,,,,,,,,62.08,62.08,62.09,,62.09,62.11,,,,,,,,,,,,,,,,,,,,,,,,,,,,,,,,,,,,,,,,,,,,
37903,,,,,,,,,,,,,,,,,,,,,,,,,,,,,,,,,,,0.121,-0.008,-0.013,,,-0.041,-0.079,,,,,,,,,,,,,,,,,,,,,,,,,,,,,,0.123,-0.012,,,,0.008,0.081,0.057,0.008,-0.016,0.191,-0.011,0.0,-0.004,0.0,0.018,0.013,-0.165,0.0,0.0,0.0,,,,,,,,,,0,,,,,,,,,,,,,,745.08,745.1,,,,,,,,,,,,,,767.85,,772.34,772.34,772.35,772.35,772.35,772.37,,,,,,,,,,,,,,,,,,,,T1,,,,,,,,,,,,,,,,,T1,,,,,,,
8309,-0.029,-0.067,0.0,,-0.164,0.087,,,,,,,,,,,,,,,,,,,,,,,,,,,,,,,,,,,,,,,,,,,,,,,,,,,,,,,,,,,,,,,,,,,,,,0.07,-0.034,0.063,0.07,0.004,0.191,-0.119,0.0,-0.004,0.0,0.011,0.013,0.017,0.0,,0.0,,,,,,,,,,0,1153.48,,1153.51,,,,,,,,,,,,,,,,,,,,,,,,,,,,1154.36,1154.36,1154.36,1154.36,1154.36,,,,,,,,,,,,,,,,,,,,,,,,,,,,,,,,,,,,,,T1,,,,,,,
13197,,,,,,,,,,,,,,,,,,,,,,,,,,,,,,,,,,,,,,,,,,,,,,,,,,,,,,,,,,-0.013,-0.002,,,-0.019,-0.475,,,,,,,,0.022,-0.012,,,,0.157,0.284,0.104,0.157,0.059,-0.23,,,,,0.011,0.013,0.062,0.0,,0.0,,,,,,,,,,0,,,,,,,,,,,,,,,,,,,,,,,395.63,,395.65,,,,436.57,,459.83,459.83,459.84,,459.84,,,,,,,,,,,,,,,,,,,,,,,,,,,,,,,,,,,,,,T1,,,,,,,
29501,-0.062,-0.062,,0.019,,0.084,,,,,,,,,,,,,,,,,,,,,,,,,,,,,,,,,,,,,,,,,,,,,,,,,,,,,,,,,,,,,,,,,,,,,,0.093,0.061,0.015,0.093,0.153,0.007,,,,,0.007,0.013,0.108,0.0,,0.0,,,,,,,,,,1,216.61,216.62,216.64,,,,,,,,,,,,,,,,,,,,,,,,,,,,218.48,218.48,218.49,,218.49,,,,,,,,,,,,,,,,,,,,,,,,,,,,,,,,,,,,,,T1,,,,,,,
46553,-0.016,0.109,,0.019,,-0.026,,,,,,,,,,,,,,,,,,,,,,,,,,,,,,,,,,,,,,,,,,,,,,,,,,,,,,,,,,,,,,,,,,,,,,-0.005,0.023,0.063,-0.005,0.055,-0.099,-0.038,0.0,-0.013,0.0,0.017,0.013,0.153,0.0,0.0,0.0,,,,,,,,,,0,973.73,973.74,973.76,,,,,,,,,,,,,,,,,,,,,,,,,,,,975.6,975.6,975.6,975.6,975.6,975.62,,,,,,,,,,,,,,,,,,,,,,,,,,,,,,,,,,,,,T1,,,,,,,
1976,-0.134,-0.014,,-0.081,-0.164,-0.019,,,,,,,,,,,,,,,,,,,,,,,,,,,,,,,,,,,,,,,,,,,,,,,,,,,,,,,,,,,,,,,,,,,,,,0.205,0.042,-0.657,0.205,0.082,-0.02,,,,,0.007,0.013,0.062,0.0,,0.0,,,,,,,,,,0,36.82,36.83,36.86,,,,,,,,,,,,,,,,,,,,,,,,,,,,40.11,40.11,40.12,,40.12,,,,,,,,,,,,,,,,,,,,,,,,,,,,,,,,,,,,,,T1,,,,,,,
38800,,,,,,,,,,,,,,,,,,,,,,,,,,,,,,,,,,,0.093,,,-0.313,0.135,,0.138,,,,,,,,,,,,,,,,,,,,,,,,,,,,,,-0.053,0.113,,,,0.008,0.081,0.057,0.008,-0.039,0.112,-0.011,0.0,0.004,0.0,0.014,0.013,-0.165,0.0,,0.0,,,,,,,,,,0,,,,,,,,,,,,,,707.41,,707.44,,,,,,,,,,,,,740.0,,743.17,743.17,743.18,743.18,743.18,,,,,,,,,,,,,,,,,,,,,T1,,T1,,,,,,,,,,,,,,,T1,,,,,,,
11929,-0.068,0.002,0.0,,,0.165,,,,,,,,,,,,,,,,,,,,,,,,,,,,,,,,,,,,,,,,,,,,,,,,,,,,,,,,,,,,,,,,,,,,,,-0.081,-0.015,0.104,-0.081,-0.078,-0.099,0.016,0.0,0.029,0.0,0.014,0.013,-0.119,0.0,,0.0,,,,,,,,,,0,1508.74,,1508.77,,,,,,,,,,,,,,,,,,,,,,,,,,,,1511.27,1511.27,1511.27,1511.27,1511.27,,,,,,,,,,,,,,,,,,,,,,,,,,,,,,,,,,,,,,T1,,,,,,,
10073,-0.068,0.002,,0.019,,,,,-0.053,,,,,,,,,,,,,,,,,,,,,,,,,,,,,,,,,,,,,,,,,,,,,,,,,,,,,,,,,,,,,,,,,,,-0.106,-0.002,0.104,-0.106,-0.059,0.112,-0.011,0.0,-0.014,0.0,0.009,0.013,0.108,0.0,,0.0,,,,,,,,,,0,1674.94,1674.94,,1674.97,,,,,,,,,,,,,,,,,,,,,,,,,,,1691.67,1691.67,1691.67,1691.67,1691.67,,,,,,,,,,,,,,,,,,,,,,,,,,,,,,,,,,,,,,T1,,,,,,,
21968,,,,,,,,,,-0.018,-0.034,,-0.01,-0.046,-0.062,,,,,,,,,,,,,,,,,,,,,,,,,,,,,,,,,,,,,,,,,,,,,,,,,,,,,,,,,,-0.035,,,0.109,-0.085,0.057,0.109,0.004,0.007,-0.092,0.0,-0.013,0.0,0.014,0.013,0.017,0.0,0.0,0.0,,,,,,,,,,0,,,,,,839.56,,,,,,,,,,,,,,,,,,,,,,,,,884.79,884.79,884.8,884.8,884.8,884.82,,,,,,,,,,,,,,,,,,,,,,,,,,,,,,,,,,,,,,,,,,,,
15796,,,,,,,,,,-0.002,-0.034,,-0.01,,,0.059,,,,,,,,,,,,,,,,,,,,,,,,,,,,,,,,,,,,,,,,,,,,,,,,,,,,,,,,,,,,0.155,-0.104,0.037,0.155,0.114,0.007,,,,,0.011,0.013,0.062,0.0,,0.0,,,,,,,,,,0,,,,,,,,,,,,,,,,,,,,,,,,,,,,,,,288.43,288.43,288.43,,288.43,,,,,,,,,,,,,,,,,,,,,,,,,,,,,,,,,,,,,,T1,,,,,,,
36519,,,,,,,,,,-0.006,,0.148,-0.01,,,,0.051,0.002,,,,,,,,,,,,,,,,,,,,,,,,,,,,,,,,,,,,,,,,,,,,,,,,,,,,,,,,,,-0.043,0.042,0.057,-0.043,0.106,-0.151,-0.038,0.0,-0.012,0.0,0.012,0.013,-0.21,0.0,,0.0,,,,,,,,,,0,,,,,624.07,,624.11,,,,,,,,,,,,,,,,,,,,,,,,626.52,626.52,626.53,626.53,626.53,,,,,,,,,,,,,,,,,,,,,,,,,,,,,,,,,,,,,,T1,,,,,,,
17752,-0.042,-0.051,,0.019,0.336,-0.138,,,,,,,,,,,,,,,,,,,,,,,,,,,,,,,,,,,,,,,,,,,,,,,,,,,,,,,,,,,,,,,,,,,,,,-0.106,-0.111,0.082,-0.106,-0.016,-0.02,0.07,0.0,0.013,0.0,0.014,0.013,-0.029,0.0,0.0,0.0,,,,,,,,,,0,1343.0,1343.01,1343.03,,,,,,,,,,,,,,,,,,,,,,,,,,,,1350.77,1350.77,1350.78,1350.78,1350.78,1350.8,,,,,,,,,,,,,,,,,,,,,,,,,,,,,,,,,,,,,T1,,,,,,,
12931,0.016,-0.03,,-0.081,-0.164,,,,-0.015,,,,,,,,,,,,,,,,,,,,,,,,,,,,,,,,,,,,,,,,,,,,,,,,,,,,,,,,,,,,,,,,,,,,,,,,,,,,,,,,,,,0.0,0.0,-0.023,,-0.06,-0.008,0.0,-0.131,0.0,0,1378.21,1378.22,,1378.25,,,,,,,,,,,,,,,,,,,,,,,,,,,,,,,,,1378.9,,1378.92,1378.94,,,,,,,,,,,,,,,,,,,,,,,,,,,,,,,,,,,,,,,,
49501,,,,,,,,,,,,,,,,,,,,,,,,,,,,,,,,,,,0.147,,,-0.315,,-0.027,0.11,,,,,,,,,,,,,,,,,,,,,,,,,,,,,,-0.1,-0.012,,,,-0.132,-0.117,0.063,-0.132,-0.035,0.112,-0.038,0.0,-0.003,0.0,0.02,0.013,-0.119,0.0,,0.0,,,,,,,,,,0,,,,,,,,,,,,,,1043.45,,,,,,,,,,,,,,,1078.65,,1081.2,1081.2,1081.2,1081.2,1081.2,,,,,,,,,,,,,,,,,,,,,T1,,T1,,,,,,,,,,,,,,,T1,,,,,,,
23001,-0.101,0.019,,-0.081,,-0.002,,,,,,,,,,,,,,,,,,,,,,,,,,,,,,,,,,,,,,,,,,,,,,,,,,,,,,,,,,,,,,,,,,,,,,0.008,-0.091,0.101,0.008,0.0,-0.046,-0.038,0.0,0.013,0.0,0.009,0.013,-0.119,0.0,,0.0,,,,,,,,,,0,589.49,589.5,589.52,,,,,,,,,,,,,,,,,,,,,,,,,,,,601.23,601.23,601.24,601.24,601.24,,,,,,,,,,,,,,,,,,,,,,,,,,,,,,,,,,,,,,T1,,,,,,,
53662,,,,,,,,,,,,,,,,,,,,,,,,,,,,,,,,,,,0.25,-0.008,0.37,,,-0.034,0.127,,,,,,,,,,,,,,,,,,,,,,,,,,,,,,-0.15,-0.139,,,,0.205,0.055,0.037,0.205,0.024,-0.099,,,,,0.012,0.013,,,,0.0,,,,,,,,,,0,,,,,,,,,,,,,,373.46,373.48,,,,,,,,,,,,,,416.12,,421.4,421.4,421.41,,421.41,,,,,,,,,,,,,,,,,,,,,T1,,,,,,,,,,,,,,,,,T1,,,,,,,
6660,0.082,0.184,,0.019,,0.053,,,,,,,,,,,,,,,,,,,,,,,,,,,,,,,,,,,,,,,,,,,,,,,,,,,,,,,,,,,,,,,,,,,,,,-0.056,-0.021,0.104,-0.056,-0.063,-0.02,0.151,0.0,-0.004,0.0,0.01,0.013,-0.119,0.0,0.0,0.0,,,,,,,,,,0,1476.32,1476.32,1476.4,,,,,,,,,,,,,,,,,,,,,,,,,,,,1479.11,1479.11,1479.11,1479.11,1479.11,1479.12,,,,,,,,,,,,,,,,,,,,,,,,,,,,,,,,,,,,,,,,,,,,
45812,,,,,,,,,,,,,,,,,,,,,,,,,,,,,,,,,,,,,,,,,,,,,,,,,,,,,,,,,,,,,,,,,,,,,,,,,,,,0.23,-0.13,-0.725,0.23,0.078,0.112,,,,,0.012,0.013,0.062,0.0,0.0,0.0,,,,,,,,,,0,,,,,,,,,,,,,,,,,,,,,,,,,,,,,,,1.11,1.11,1.12,,1.12,1.13,,,,,,,,,,,,,,,,,,,,,,,,,,,,,,,,,,,,,T1,,,,,,,
38987,,,,,,,,,,,,,,,,,,,,,,,,,,,,,,,,,,,0.111,-0.008,-0.323,,,0.013,-0.116,,,,,,,,,,,,,,,,,,,,,,,,,,,,,,,,,,,-0.132,0.036,0.063,-0.132,-0.051,0.086,-0.173,0.0,-0.012,0.0,0.012,0.013,-0.074,0.0,0.0,0.0,,,,,,,,,,0,,,,,,,,,,,,,,1178.93,1178.94,,,,,,,,,,,,,,,,1196.03,1196.03,1196.03,1196.03,1196.03,1196.06,,,,,,,,,,,,,,,,,,,,T1,,,,,,,,,,,,,,,,,,,,,,,,
6992,0.199,-0.056,0.0,,,,-0.097,0.001,,,,,,,,,,,,,,,,,,,,,,,,,,,,,,,,,,,,,,,,,,,,,,,,,,,,,,,,,,,,,,,,,,,,-0.056,-0.06,0.104,-0.056,-0.043,0.007,-0.011,0.0,-0.013,0.0,0.014,0.013,0.017,0.0,0.0,0.0,,,,,,,,,,0,1636.09,,,,,,,,,,,,,,,,,,,,,,,,,,,,,,1641.15,1641.15,1641.16,1641.16,1641.16,1641.17,,,,,,,,,,,,,,,,,,,,,,,,,,,,,,,,,,,,,,,,,,,,
59801,0.043,-0.056,0.0,,,,,,-0.001,,,,,,,,,,,,,,,,,,,,,,,,,,,,,,,,,,,,,,,,,,,,,,,,,,,,,,,,,,,,,,,,,,,-0.081,-0.021,0.104,-0.081,-0.09,0.059,0.07,0.0,-0.005,0.0,0.01,0.013,-0.029,0.0,,0.0,,,,,,,,,,0,1542.09,,,1542.15,,,,,,,,,,,,,,,,,,,,,,,,,,,1546.64,1546.64,1546.65,1546.65,1546.65,,,,,,,,,,,,,,,,,,,,,,,,,,,,,,,,,,,,,,,,,,,,,
56052,-0.01,0.056,0.0,,-0.164,,0.021,-0.002,,,,,,,,,,,,,,,,,,,,,,,,,,,,,,,,,,,,,,,,,,,,,,,,,,,,,,,,,,,,,,,,,,,,-0.031,-0.142,0.082,-0.031,0.0,-0.046,0.07,0.0,-0.012,0.0,0.01,0.013,0.244,0.0,0.0,0.0,,,,,,,,,,0,1366.1,,,,,,,,,,,,,,,,,,,,,,,,,,,,,,1372.32,1372.32,1372.32,1372.32,1372.32,1372.35,,,,,,,,,,,,,,,,,,,,,,,,,,,,,,,,,,,,,T1,,,,,,,
9185,0.049,-0.201,,0.019,,0.041,,,,,,,,,,,,,,,,,,,,,,,,,,,,,,,,,,,,,,,,,,,,,,,,,,,,,,,,,,,,,,,,,,,,,,-0.056,0.042,0.104,-0.056,-0.082,0.112,-0.092,0.0,-0.005,0.0,0.007,0.013,-0.074,0.0,,0.0,,,,,,,,,,1,1511.54,1511.54,1511.57,,,,,,,,,,,,,,,,,,,,,,,,,,,,1513.48,1513.48,1513.48,1513.48,1513.48,,,,,,,,,,,,,,,,,,,,,,,,,,,,,,,,,,,,,,T1,,,,,,,
24528,0.003,0.051,0.0,,,,,,0.006,,,,,,,,,,,,,,,,,,,,,,,,,,,,,,,,,,,,,,,,,,,,,,,,,,,,,,,,,,,,,,,,,,,0.067,0.163,-0.702,0.067,,-0.072,,,,,0.011,0.013,0.062,0.0,0.0,0.0,,,,,,,,,,0,114.56,,,114.59,,,,,,,,,,,,,,,,,,,,,,,,,,,116.0,116.0,116.01,,116.01,116.03,,,,,,,,,,,,,,,,,,,,,,,,,,,,,,,,,,,,,T1,,,,,,,
9052,,,,,,,,,,,,,,,,,,,,,,,,,,,,,,,,,,,-0.048,-0.008,-0.052,,0.071,,0.103,,,,,,,,,,,,,,,,,,,,,,,,,,,,,,-0.162,0.084,,,,-0.017,0.1,0.057,-0.017,-0.035,0.086,-0.092,0.0,0.004,0.0,0.013,0.013,-0.074,0.0,0.0,0.0,,,,,,,,,,0,,,,,,,,,,,,,,712.94,712.95,712.95,,,,,,,,,,,,,739.46,,755.28,755.28,755.29,755.29,755.29,755.3,,,,,,,,,,,,,,,,,,,,T1,,,,,,,,,,,,,,,,,T1,,,,,,,
1288,,,,,,,,,,0.014,0.066,,-0.01,,,,-0.009,0.186,,,,,,,,,,,,,,,,,,,,,,,,,,,,,,,,,,,,,,,,,,,,,,,,,,,,,,,,,,,,,,,,,,,,,,,,,,0.003,0.0,-0.102,,-0.022,0.165,0.0,,0.0,0,,,,,,,1289.55,,,,,,,,,,,,,,,,,,,,,,,,,,,,,,1291.63,,1291.65,1291.65,,,,,,,,,,,,,,,,,,,,,,,,,,,,,,,,,,,,,,,,
12234,,,,,,,,,,-0.018,-0.034,,,,,,-0.054,-0.09,,,,,,,,,,,,,,,,,,,,,,,,,,,,,,,,,,,,,,,,,,,,,,,,,,,,,,,,,,-0.022,0.042,0.037,-0.022,-0.024,-0.125,,,,,0.009,0.013,0.017,0.0,,0.0,,,,,,,,,,0,,,,,,,351.16,,,,,,,,,,,,,,,,,,,,,,,,351.91,351.91,351.91,,351.91,,,,,,,,,,,,,,,,,,,,,,,,,,,,,,,,,,,,,,,,,,,,,
13054,,,,,,,,,,,,,,,,,,,,,,,,,,,,,,,,,,,-0.355,-0.008,-0.044,,-0.147,,-0.041,,,,,,,,,,,,,,,,,,,,,,,,,,,,,,,,-0.035,,,-0.056,-0.072,0.063,-0.056,-0.051,0.059,-0.038,0.0,-0.003,0.0,0.01,0.013,-0.074,0.0,0.0,0.0,,,,,,,,,,0,,,,,,,,,,,,,,1182.02,1182.03,1182.03,,,,,,,,,,,,,,,1198.74,1198.74,1198.74,1198.74,1198.74,1198.77,,,,,,,,,,,,,,,,,,,,T1,,,,,,,,,,,,,,,,,T1,,,,,,,
27806,,,,,,,,,,,,,,,,,,,,,,,,,,,,,,,,,,,0.121,,,0.296,-0.056,,0.138,,,,,,,,,,,,,,,,,,,,,,,,,,,,,,0.19,0.024,,,,0.109,0.068,0.057,0.109,0.0,-0.072,-0.038,0.0,0.021,0.0,0.019,0.013,,,0.0,0.0,,,,,,,,,,1,,,,,,,,,,,,,,745.01,,745.03,,,,,,,,,,,,,769.43,,772.2,772.2,772.2,772.2,772.2,772.24,,,,,,,,,,,,,,,,,,,,T1,,T1,,,,,,,,,,,,,,,T1,,,,,,,
30698,,,,,,,,,,-0.014,0.066,,,,,,0.024,-0.008,,,,,,,,,,,,,,,,,,,,,,,,,,,,,,,,,,,,,,,,,,,,,,,,,,,,,,,,,,0.033,0.253,0.101,0.033,0.039,-0.151,0.043,0.0,-0.012,0.0,0.013,0.013,-0.165,0.0,,0.0,,,,,,,,,,0,,,,,,,656.88,,,,,,,,,,,,,,,,,,,,,,,,669.34,669.34,669.36,669.36,669.36,,,,,,,,,,,,,,,,,,,,,,,,,,,,,,,,,,,,,,T1,,,,,,,
20763,,,,,,,,,,,,,,,,,,,,,,,,,,,,,,,,,,,,,,,,,,0.018,-0.003,0.001,,-0.017,,-0.116,,,,,,,,,,,,,,,,,,,,,,,,,-0.035,,,-0.157,-0.136,0.063,-0.157,-0.02,0.086,-0.065,0.0,-0.013,0.0,0.016,0.013,-0.029,0.0,,0.0,,,,,,,,,,0,,,,,,,,,,,,,,,,,952.85,,,,,,,,,,,,,,992.05,992.05,992.05,992.05,992.05,,,,,,,,,,,,,,,,,,,,,,,,,,,,,,,,,,,,,,T1,,,,,,,
10212,0.115,0.077,,0.019,,,0.003,-0.001,,,,,,,,,,,,,,,,,,,,,,,,,,,,,,,,,,,,,,,,,,,,,,,,,,,,,,,,,,,,,,,,,,,,-0.081,-0.021,0.104,-0.081,-0.071,0.164,0.07,0.0,0.021,0.0,0.01,0.013,0.017,0.0,0.0,0.0,,,,,,,,,,1,1482.15,1482.16,,,,,,,,,,,,,,,,,,,,,,,,,,,,,1490.38,1490.38,1490.38,1490.38,1490.38,1490.39,,,,,,,,,,,,,,,,,,,,,,,,,,,,,,,,,,,,,T1,,,,,,,
27240,,,,,,,,,,,,,,,,,,,,,,,,,,,,,,,,,,,-0.244,-0.008,-0.068,,,0.02,-0.065,,,,,,,,,,,,,,,,,,,,,,,,,,,,,,0.182,0.073,,,,0.008,-0.117,0.057,0.008,-0.012,-0.072,0.097,0.0,-0.013,0.0,0.017,0.013,-0.21,0.0,0.0,0.0,,,,,,,,,,0,,,,,,,,,,,,,,791.4,791.42,,,,,,,,,,,,,,795.68,,803.49,803.49,803.49,803.49,803.49,803.51,,,,,,,,,,,,,,,,,,,,T1,,,,,,,,,,,,,,,,,T1,,,,,,,
15437,-0.049,-0.03,,-0.081,,,,,-0.016,,,,,,,,,,,,,,,,,,,,,,,,,,,,,,,,,,,,,,,,,,,,,,,,,,,,,,,,,,,,,,,,,,,-0.056,0.03,0.082,-0.056,-0.059,0.059,-0.038,0.0,-0.003,0.0,0.011,0.013,0.199,0.0,0.0,0.0,,,,,,,,,,0,1361.7,1361.7,,1361.8,,,,,,,,,,,,,,,,,,,,,,,,,,,1363.58,1363.58,1363.58,1363.58,1363.58,1363.61,,,,,,,,,,,,,,,,,,,,,,,,,,,,,,,,,,,,,,,,,,,,
15198,-0.055,-0.195,,0.019,,,0.05,-0.001,,,,,,,,,,,,,,,,,,,,,,,,,,,,,,,,,,,,,,,,,,,,,,,,,,,,,,,,,,,,,,,,,,,,,,,,,,,,,,,,,,,,0.0,0.0,0.041,0.059,,0.075,0.0,0.269,0.0,0,522.82,522.83,,,,,,,,,,,,,,,,,,,,,,,,,,,,,,,,,,,523.36,,523.38,523.39,,,,,,,,,,,,,,,,,,,,,,,,,,,,,,,,,,,,,,,,
26492,-0.01,-0.11,0.0,,,-0.019,,,,,,,,,,,,,,,,,,,,,,,,,,,,,,,,,,,,,,,,,,,,,,,,,,,,,,,,,,,,,,,,,,,,,,-0.031,0.042,0.063,-0.031,-0.024,0.086,0.043,0.0,-0.013,0.0,0.016,0.013,0.017,0.0,,0.0,,,,,,,,,,0,973.58,,973.61,,,,,,,,,,,,,,,,,,,,,,,,,,,,975.45,975.45,975.45,975.45,975.45,,,,,,,,,,,,,,,,,,,,,,,,,,,,,,,,,,,,,,,,,,,,,
50028,0.01,-0.142,0.0,,-0.164,,-0.055,0.0,,,,,,,,,,,,,,,,,,,,,,,,,,,,,,,,,,,,,,,,,,,,,,,,,,,,,,,,,,,,,,,,,,,,0.02,-0.002,0.063,0.02,-0.059,0.112,0.016,0.0,-0.004,0.0,0.013,0.013,0.199,0.0,0.0,0.0,,,,,,,,,,0,1149.13,,,,,,,,,,,,,,,,,,,,,,,,,,,,,,1154.25,1154.25,1154.25,1154.25,1154.25,1154.28,,,,,,,,,,,,,,,,,,,,,,,,,,,,,,,,,,,,,T1,,,,,,,
56656,-0.036,-0.153,,0.019,,,-0.033,-0.002,,,,,,,,,,,,,,,,,,,,,,,,,,,,,,,,,,,,,,,,,,,,,,,,,,,,,,,,,,,,,,,,,,,,0.08,-0.066,0.037,0.08,0.047,-0.151,,,,,0.014,0.013,0.017,0.0,,0.0,,,,,,,,,,0,273.07,273.08,,,,,,,,,,,,,,,,,,,,,,,,,,,,,274.24,274.24,274.25,,274.25,,,,,,,,,,,,,,,,,,,,,,,,,,,,,,,,,,,,,,,,,,,,,
32200,-0.108,-0.062,0.0,,-0.164,,-0.002,-0.003,,,,,,,,,,,,,,,,,,,,,,,,,,,,,,,,,,,,,,,,,,,,,,,,,,,,,,,,,,,,,,,,,,,,0.02,-0.066,0.082,0.02,-0.063,0.086,0.124,0.0,-0.003,0.0,0.01,0.013,0.199,0.0,,0.0,,,,,,,,,,0,1361.21,,,,,,,,,,,,,,,,,,,,,,,,,,,,,,1363.18,1363.18,1363.19,1363.19,1363.19,,,,,,,,,,,,,,,,,,,,,,,,,,,,,,,,,,,,,,T1,,,,,,,
7377,,,,,,,,,,,,,,,,,,,,,,,,,,,,,,,,,,,,,,,,,,0.071,,,-0.038,,-0.103,-0.018,,,,,,,,,,,,,,,,,,,,,,,,,-0.035,,,-0.081,0.004,0.063,-0.081,-0.016,0.112,-0.011,0.0,0.011,0.0,0.014,0.013,0.108,0.0,0.0,0.0,,,,,,,,,,0,,,,,,,,,,,,,,,,,1000.44,1000.55,1000.55,,,,,,,,,,,,1014.44,1014.44,1014.44,1014.44,1014.44,1014.46,,,,,,,,,,,,,,,,,,,,,,,,,,,,,,,,,,,,,T1,,,,,,,
58383,-0.147,-0.083,,0.019,0.336,,,,0.024,,,,,,,,,,,,,,,,,,,,,,,,,,,,,,,,,,,,,,,,,,,,,,,,,,,,,,,,,,,,,,,,,,,-0.286,0.074,0.015,-0.286,0.118,0.007,,,,,0.014,0.013,,,0.0,0.0,,,,,,,,,,1,235.25,235.26,,235.27,,,,,,,,,,,,,,,,,,,,,,,,,,,236.22,236.22,236.23,,236.23,236.26,,,,,,,,,,,,,,,,,,,,,,,,,,,,,,,,,,,,,T1,,,,,,,
27791,,,,,,,,,,-0.01,0.066,,,,,0.076,,,,,,,,,,,,,,,,,,,,,,,,,,,,,,,,,,,,,,,,,,,,,,,,,,,,,,,,,,,,,,,,,,,,,,,,,,,,0.0,0.0,0.009,,-0.045,0.105,0.0,,0.0,0,,,,,,,,,,,,,,,,,,,,,,,,,,,,,,,,,,,,,1160.19,,1160.21,1160.22,,,,,,,,,,,,,,,,,,,,,,,,,,,,,,,,,,,,,,,,
15318,0.016,-0.019,0.0,,,0.14,,,,,,,,,,,,,,,,,,,,,,,,,,,,,,,,,,,,,,,,,,,,,,,,,,,,,,,,,,,,,,,,,,,-0.035,,,0.134,-0.047,0.057,0.134,-0.016,-0.151,0.043,0.0,0.031,0.0,-0.969,-0.987,0.017,0.0,,0.0,,,,,,,,,,0,829.66,,829.7,,,,,,,,,,,,,,,,,,,,,,,,,,,,838.51,838.51,838.62,838.62,838.62,,,,,,,,,,,,,,,,,,,,,,,,,,,,,,,,,,,,,,T1,,,,,,,
31548,,,,,,,,,,0.002,,-0.239,-0.01,,,,-0.02,0.094,,,,,,,,,,,,,,,,,,,,,,,,,,,,,,,,,,,,,,,,,,,,,,,,,,,,,,,,,,0.02,-0.034,0.082,0.02,-0.027,-0.02,0.124,0.0,0.013,0.0,0.018,0.013,0.29,0.0,,0.0,,,,,,,,,,0,,,,,1340.48,,1340.5,,,,,,,,,,,,,,,,,,,,,,,,1343.22,1343.22,1343.23,1343.23,1343.23,,,,,,,,,,,,,,,,,,,,,,,,,,,,,,,,,,,,,,T1,,,,,,,
2233,0.023,0.035,0.0,,-0.164,,,,0.019,,,,,,,,,,,,,,,,,,,,,,,,,,,,,,,,,,,,,,,,,,,,,,,,,,,,,,,,,,,,,,0.07,-0.012,,,,0.109,0.004,0.057,0.109,-0.02,0.007,-0.038,0.0,-0.013,0.0,0.013,0.013,0.062,0.0,,0.0,,,,,,,,,,0,838.67,,,838.7,,,,,,,,,,,,,,,,,,,,,,,,,877.78,,879.82,879.82,879.83,879.83,879.83,,,,,,,,,,,,,,,,,,,,,,,,,,,,,,,,,,,,,,,,,,,,,
34647,,,,,,,,,,0.002,,0.241,-0.01,,,,0.034,0.012,,,,,,,,,,,,,,,,,,,,,,,,,,,,,,,,,,,,,,,,,,,,,,,,,,,,,,,,,,0.067,-0.168,-0.702,0.067,0.051,0.059,,,,,0.008,0.013,0.29,0.0,,0.0,,,,,,,,,,0,,,,,155.04,,155.06,,,,,,,,,,,,,,,,,,,,,,,,155.52,155.52,155.52,,155.52,,,,,,,,,,,,,,,,,,,,,,,,,,,,,,,,,,,,,,T1,,,,,,,
39122,,,,,,,,,,-0.006,,0.238,,,,0.032,,,,,,,,,,,,,,,,,,,,,,,,,,,,,,,,,,,,,,,,,,,,,,,,,,,,,,,,,,,,0.067,0.151,-0.029,0.067,,-0.072,,,,,0.012,0.013,-0.074,0.0,,0.0,,,,,,,,,,0,,,,,183.41,,,,,,,,,,,,,,,,,,,,,,,,,,185.6,185.6,185.61,,185.61,,,,,,,,,,,,,,,,,,,,,,,,,,,,,,,,,,,,,,T1,,,,,,,
42645,-0.003,-0.35,0.0,,,,,,0.019,,,,,,,,,,,,,,,,,,,,,,,,,,,,,,,,,,,,,,,,,,,,,,,,,,,,,,,,,,,,,,,,,,,-0.106,-0.009,0.104,-0.106,-0.039,-0.072,0.232,0.0,-0.013,0.0,0.012,0.013,-0.029,0.0,,0.0,,,,,,,,,,0,1618.96,,,1619.01,,,,,,,,,,,,,,,,,,,,,,,,,,,1624.62,1624.62,1624.62,1624.62,1624.62,,,,,,,,,,,,,,,,,,,,,,,,,,,,,,,,,,,,,,T1,,,,,,,
13474,0.062,0.2,,0.019,-0.164,-0.042,,,,,,,,,,,,,,,,,,,,,,,,,,,,,,,,,,,,,,,,,,,,,,,,,,,,,,,,,,,,,,,,,,,,,,,,,,,,,,,,,,,,,,0.0,0.0,0.017,,-0.032,-0.017,0.0,,0.0,0,574.47,574.47,574.49,,,,,,,,,,,,,,,,,,,,,,,,,,,,,,,,,,577.0,,577.03,577.03,,,,,,,,,,,,,,,,,,,,,,,,,,,,,,,,,,,,,,,,
36003,,,,,,,,,,0.006,-0.034,,,-0.015,0.157,,,,,,,,,,,,,,,,,,,,,,,,,,,,,,,,,,,,,,,,,,,,,,,,,,,,,,,,,,,,,0.109,-0.072,0.101,0.109,0.024,-0.072,-0.092,0.0,0.013,0.0,0.008,0.013,0.017,0.0,0.0,0.0,,,,,,,,,,0,,,,,,687.13,,,,,,,,,,,,,,,,,,,,,,,,,689.31,689.31,689.31,689.31,689.31,689.34,,,,,,,,,,,,,,,,,,,,,,,,,,,,,,,,,,,,,T1,,,,,,,
30574,,,,,,,,,,0.006,,0.199,-0.01,,,0.053,,,,,,,,,,,,,,,,,,,,,,,,,,,,,,,,,,,,,,,,,,,,,,,,,,,,,,,,,,,,-0.156,-0.066,0.037,-0.156,0.094,0.059,,,,,0.014,0.013,0.108,0.0,0.0,0.0,,,,,,,,,,0,,,,,251.03,,,,,,,,,,,,,,,,,,,,,,,,,,252.15,252.15,252.15,,252.15,252.17,,,,,,,,,,,,,,,,,,,,,,,,,,,,,,,,,,,,,T1,,,,,,,
8851,,,,,,,,,,,,,,,,,,,,,,,,,,,,,,,,,,,,,,,,,,0.074,0.0,-0.001,,,0.064,0.063,,,,,,,,,,,,,,,,,,,,,,,-0.029,0.149,,,,0.13,0.17,0.082,0.13,0.043,-0.178,,,,,0.014,0.013,0.108,0.0,,0.0,,,,,,,,,,0,,,,,,,,,,,,,,,,,386.98,,387.1,,,,,,,,,,435.25,,448.77,448.77,448.78,,448.78,,,,,,,,,,,,,,,,,,,,,,,,,,,,,,,,,,,,,,,,,,,,,
24384,,,,,,,,,,,,,,,,,,,,,,,,,,,,,,,,,,,,,,,,,,0.056,,,-0.023,-0.017,,-0.008,,,,,,,,,,,,,,,,,,,,,,,,,,-0.036,-0.037,-0.056,0.081,0.063,-0.056,-0.043,0.138,-0.038,0.0,-0.004,0.0,0.012,0.013,0.017,0.0,0.0,0.0,,,,,,,,,,0,,,,,,,,,,,,,,,,,1130.94,1131.09,,,,,,,,,,,,1165.54,1175.38,1175.38,1175.39,1175.39,1175.39,1175.41,,,,,,,,,,,,,,,,,,,,,,,,,,,,,,,,,,,,,,,,,,,,
12550,0.023,-0.104,0.0,,,,-0.012,-0.003,,,,,,,,,,,,,,,,,,,,,,,,,,,,,,,,,,,,,,,,,,,,,,,,,,,,,,,,,,,,,,,,,,,,0.084,-0.123,0.101,0.084,0.031,-0.046,-0.119,0.0,0.006,0.0,0.01,0.013,0.017,0.0,0.0,0.0,,,,,,,,,,0,601.37,,,,,,,,,,,,,,,,,,,,,,,,,,,,,,605.26,605.26,605.26,605.26,605.26,605.29,,,,,,,,,,,,,,,,,,,,,,,,,,,,,,,,,,,,,,,,,,,,
5089,-0.173,-0.142,,-0.081,,,,,0.027,,,,,,,,,,,,,,,,,,,,,,,,,,,,,,,,,,,,,,,,,,,,,,,,,,,,,,,,,,,,,,,,,,,,,,,,,,,,,,,,,,,0.0,0.0,-0.055,,-0.061,-0.025,0.0,,0.0,0,1376.48,1376.48,,1376.5,,,,,,,,,,,,,,,,,,,,,,,,,,,,,,,,,1377.88,,1377.91,1377.91,,,,,,,,,,,,,,,,,,,,,,,,,,,,,,,,,,,,,,,,
23873,0.016,0.008,,0.019,-0.164,-0.047,,,,,,,,,,,,,,,,,,,,,,,,,,,,,,,,,,,,,,,,,,,,,,,,,,,,,,,,,,,,,,,,,,,,,,0.131,-0.04,0.037,0.131,0.09,-0.099,,,,,0.014,0.013,0.153,0.0,0.0,0.0,,,,,,,,,,0,335.57,335.57,335.6,,,,,,,,,,,,,,,,,,,,,,,,,,,,337.06,337.06,337.06,,337.06,337.07,,,,,,,,,,,,,,,,,,,,,,,,,,,,,,,,,,,,,,,,,,,,
21913,,,,,,,,,,,,,,,,,,,0.039,-0.067,-0.007,0.236,,,0.001,-0.19,,,,,,,,,,,,,,,,,,,,,,,,,,,,,,,,,,,,,,,,,,,,,,,-0.035,,,0.109,0.061,0.057,0.109,-0.031,-0.099,-0.011,0.0,0.012,0.0,0.018,0.013,-0.029,0.0,,0.0,,,,,,,,,,0,,,,,,,,806.61,806.62,806.63,,,,,,,,,,,,,,,,,,,,,819.47,819.47,819.47,819.47,819.47,,,,,,,,,,,,,T1,,,T3,,,,,,,,,,,,,,,,,,,,,,T1,,,,,,,
56108,,,,,,,,,,-0.01,-0.034,,,,,,0.025,0.032,,,,,,,,,,,,,,,,,,,,,,,,,,,,,,,,,,,,,,,,,,,,,,,,,,,,,,,,,,0.181,0.087,0.014,0.181,0.106,0.033,,,,,0.014,0.013,0.062,0.0,,0.0,,,,,,,,,,0,,,,,,,301.49,,,,,,,,,,,,,,,,,,,,,,,,303.63,303.63,303.64,,303.64,,,,,,,,,,,,,,,,,,,,,,,,,,,,,,,,,,,,,,T1,,,,,,,
49281,0.108,0.12,,0.019,0.336,,,,-0.028,,,,,,,,,,,,,,,,,,,,,,,,,,,,,,,,,,,,,,,,,,,,,,,,,,,,,,,,,,,,,,,,-0.035,,,0.084,0.233,0.063,0.084,-0.051,0.007,0.043,0.0,0.012,0.0,0.01,0.013,-0.074,0.0,0.0,0.0,,,,,,,,,,0,925.07,925.07,,925.1,,,,,,,,,,,,,,,,,,,,,,,,,,,929.95,929.95,929.96,929.96,929.96,929.97,,,,,,,,,,,,,,,,,,,,,,,,,,,,,,,,,,,,,T1,,,,,,,
41624,,,,,,,,,,,,,,,,,,,,,,,,,,,,,,,,,,,-0.117,,,-0.019,,-0.007,-0.013,,,,,,,,,,,,,,,,,,,,,,,,,,,,,,0.032,0.09,,,,0.058,0.074,0.057,0.058,0.043,-0.072,-0.011,0.0,-0.004,0.0,0.013,0.013,-0.21,0.0,,0.0,,,,,,,,,,0,,,,,,,,,,,,,,689.54,,,,,,,,,,,,,,,723.13,,726.81,726.81,726.81,726.81,726.81,,,,,,,,,,,,,,,,,,,,,T1,,T1,,,,,,,,,,,,,,,T1,,,,,,,
31311,0.088,0.035,,0.019,,,-0.038,0.001,,,,,,,,,,,,,,,,,,,,,,,,,,,,,,,,,,,,,,,,,,,,,,,,,,,,,,,,,,,,,,,,,,,,-0.106,0.011,0.063,-0.106,-0.035,0.164,-0.011,0.0,-0.009,0.0,0.012,0.013,-0.074,0.0,,0.0,,,,,,,,,,0,1141.99,1141.99,,,,,,,,,,,,,,,,,,,,,,,,,,,,,1143.39,1143.39,1143.39,1143.39,1143.39,,,,,,,,,,,,,,,,,,,,,,,,,,,,,,,,,,,,,,T1,,,,,,,
12651,,,,,,,,,,-0.014,,0.148,-0.01,0.084,0.108,,,,,,,,,,,,,,,,,,,,,,,,,,,,,,,,,,,,,,,,,,,,,,,,,,,,,,,,,,,,,0.058,0.132,0.101,0.058,0.024,-0.072,-0.092,0.0,-0.012,0.0,0.011,0.013,-0.165,0.0,0.0,0.0,,,,,,,,,,0,,,,,675.22,675.24,,,,,,,,,,,,,,,,,,,,,,,,,677.39,677.39,677.39,677.39,677.39,677.41,,,,,,,,,,,,,,,,,,,,,,,,,,,,,,,,,,,,,T1,,,,,,,
25542,0.101,0.115,0.0,,,,,,0.063,,,,,,,,,,,,,,,,,,,,,,,,,,,,,,,,,,,,,,,,,,,,,,,,,,,,,,,,,,,,,,,,,,,0.084,0.068,0.057,0.084,-0.008,-0.072,-0.011,0.0,-0.013,0.0,0.014,0.013,0.017,0.0,0.0,0.0,,,,,,,,,,0,887.97,,,888.0,,,,,,,,,,,,,,,,,,,,,,,,,,,892.06,892.06,892.06,892.06,892.06,892.08,,,,,,,,,,,,,,,,,,,,,,,,,,,,,,,,,,,,,,,,,,,,
41416,,,,,,,,,,0.018,0.066,,,,,-0.053,,,,,,,,,,,,,,,,,,,,,,,,,,,,,,,,,,,,,,,,,,,,,,,,,,,,,,,,,,,,,,,,,,,,,,,,,,,,0.0,0.0,-0.094,-0.013,,-0.078,0.0,0.069,0.0,0,,,,,,,,,,,,,,,,,,,,,,,,,,,,,,,,,,,,,1425.51,,1425.53,1425.54,,,,,,,,,,,,,,,,,,,,,,,,,,,,,,,,,,,,,,,,
39302,0.016,0.051,,0.119,,,-0.022,0.002,,,,,,,,,,,,,,,,,,,,,,,,,,,,,,,,,,,,,,,,,,,,,,,,,,,,,,,,,,,,,,,,,,,,0.084,0.023,0.057,0.084,-0.02,0.007,-0.038,0.0,-0.012,0.0,0.012,0.013,-0.029,0.0,0.0,0.0,,,,,,,,,,0,902.35,902.35,,,,,,,,,,,,,,,,,,,,,,,,,,,,,905.66,905.66,905.67,905.67,905.67,905.79,,,,,,,,,,,,,,,,,,,,,,,,,,,,,,,,,,,,,T1,,,,,,,
56250,0.036,0.056,0.0,,,,-0.073,0.0,,,,,,,,,,,,,,,,,,,,,,,,,,,,,,,,,,,,,,,,,,,,,,,,,,,,,,,,,,,,,,,,,,,,-0.132,-0.021,0.063,-0.132,-0.055,0.112,-0.038,0.0,0.013,0.0,0.012,0.013,-0.074,0.0,0.0,0.0,,,,,,,,,,0,1227.05,,,,,,,,,,,,,,,,,,,,,,,,,,,,,,1238.68,1238.68,1238.69,1238.69,1238.69,1238.71,,,,,,,,,,,,,,,,,,,,,,,,,,,,,,,,,,,,,T1,,,,,,,
34688,-0.153,-0.078,0.0,,-0.164,-0.147,,,,,,,,,,,,,,,,,,,,,,,,,,,,,,,,,,,,,,,,,,,,,,,,,,,,,,,,,,,,,,,,,,,,,,-0.031,-0.06,0.082,-0.031,-0.071,0.217,-0.119,0.0,-0.012,0.0,0.014,0.013,-0.029,0.0,,0.0,,,,,,,,,,0,1410.17,,1410.2,,,,,,,,,,,,,,,,,,,,,,,,,,,,1410.94,1410.94,1410.94,1410.94,1410.94,,,,,,,,,,,,,,,,,,,,,,,,,,,,,,,,,,,,,,T1,,,,,,,
28296,-0.055,0.163,0.0,,0.336,-0.025,,,,,,,,,,,,,,,,,,,,,,,,,,,,,,,,,,,,,,,,,,,,,,,,,,,,,,,,,,,,,,,,,,,,,,-0.056,-0.015,0.104,-0.056,-0.063,0.191,0.043,0.0,-0.004,0.0,0.009,0.013,-0.074,0.0,0.0,0.0,,,,,,,,,,0,1551.21,,1551.24,,,,,,,,,,,,,,,,,,,,,,,,,,,,1557.53,1557.53,1557.54,1557.54,1557.54,1557.58,,,,,,,,,,,,,,,,,,,,,,,,,,,,,,,,,,,,,T1,,,,,,,
42949,-0.036,-0.062,,-0.181,,-0.049,,,,,,,,,,,,,,,,,,,,,,,,,,,,,,,,,,,,,,,,,,,,,,,,,,,,,,,,,,,,,,,,,,,,,,-0.005,-0.053,0.082,-0.005,-0.024,-0.02,-0.011,0.0,-0.012,0.0,0.016,0.013,0.244,0.0,,0.0,,,,,,,,,,0,1366.1,1366.1,1366.13,,,,,,,,,,,,,,,,,,,,,,,,,,,,1372.32,1372.32,1372.32,1372.32,1372.32,,,,,,,,,,,,,,,,,,,,,,,,,,,,,,,,,,,,,,T1,,,,,,,
55117,,,,,,,,,,,,,,,,,,,,,,,,,,,,,,,,,,,0.121,,,-0.157,,0.074,-0.019,,,,,,,,,,,,,,,,,,,,,,,,,,,,,,0.144,-0.016,,,,0.008,-0.028,0.057,0.008,0.004,0.033,-0.011,0.0,0.021,0.0,0.017,0.013,-0.119,0.0,0.0,0.0,,,,,,,,,,0,,,,,,,,,,,,,,762.98,,,,,,,,,,,,,,,776.79,,780.22,780.22,780.22,780.22,780.22,780.25,,,,,,,,,,,,,,,,,,,,T1,,T1,,,,,,,,,,,,,,,,,,,,,,
22102,-0.108,0.12,,0.119,-0.164,-0.062,,,,,,,,,,,,,,,,,,,,,,,,,,,,,,,,,,,,,,,,,,,,,,,,,,,,,,,,,,,,,,,,,,,-0.035,,,0.058,-0.034,0.057,0.058,-0.012,0.138,0.043,0.0,0.003,0.0,0.016,0.013,-0.119,0.0,0.0,0.0,,,,,,,,,,0,894.74,894.75,894.79,,,,,,,,,,,,,,,,,,,,,,,,,,,,901.59,901.59,901.6,901.6,901.6,901.63,,,,,,,,,,,,,,,,,,,,,,,,,,,,,,,,,,,,,,,,,,,,
13411,-0.082,0.168,,0.019,-0.164,,,,0.01,,,,,,,,,,,,,,,,,,,,,,,,,,,,,,,,,,,,,,,,,,,,,,,,,,,,,,,,,,,,,,,,,,,-0.081,0.023,0.104,-0.081,-0.09,0.033,0.016,0.0,0.021,0.0,0.014,0.013,-0.165,0.0,0.0,0.0,,,,,,,,,,0,1578.1,1578.1,,1578.14,,,,,,,,,,,,,,,,,,,,,,,,,,,1580.71,1580.71,1580.72,1580.72,1580.72,1580.74,,,,,,,,,,,,,,,,,,,,,,,,,,,,,,,,,,,,,T1,,,,,,,
37093,,,,,,,,,,0.014,,0.377,,,,-0.056,,,,,,,,,,,,,,,,,,,,,,,,,,,,,,,,,,,,,,,,,,,,,,,,,,,,,,,,,,,,0.121,-0.079,0.082,0.121,-0.059,0.138,-0.065,0.0,-0.012,0.0,0.016,0.013,0.244,0.0,0.0,0.0,,,,,,,,,,0,,,,,1346.3,,,,,,,,,,,,,,,,,,,,,,,,,,1359.65,1359.65,1359.65,1359.65,1359.65,1359.67,,,,,,,,,,,,,,,,,,,,,,,,,,,,,,,,,,,,,,,,,,,,
21079,0.095,0.04,0.0,,-0.164,,0.039,-0.002,,,,,,,,,,,,,,,,,,,,,,,,,,,,,,,,,,,,,,,,,,,,,,,,,,,,,,,,,,,,,,,,,,,,0.02,-0.028,0.082,0.02,-0.02,0.217,0.07,0.0,0.013,0.0,0.013,0.013,0.199,0.0,,0.0,,,,,,,,,,0,1365.82,,,,,,,,,,,,,,,,,,,,,,,,,,,,,,1372.06,1372.06,1372.07,1372.07,1372.07,,,,,,,,,,,,,,,,,,,,,,,,,,,,,,,,,,,,,,T1,,,,,,,
12279,0.049,-0.056,,0.019,,,,,0.048,,,,,,,,,,,,,,,,,,,,,,,,,,,,,,,,,,,,,,,,,,,,,,,,,,,,,,,,,,,,,,,,,,,0.058,-0.009,0.057,0.058,-0.027,0.191,0.016,0.0,-0.013,0.0,0.019,0.013,-0.029,0.0,,0.0,,,,,,,,,,0,818.82,818.82,,818.85,,,,,,,,,,,,,,,,,,,,,,,,,,,821.93,821.93,821.93,821.93,821.93,,,,,,,,,,,,,,,,,,,,,,,,,,,,,,,,,,,,,,T1,,,,,,,
2706,,,,,,,,,,-0.018,-0.034,,,,,,0.038,-0.049,,,,,,,,,,,,,,,,,,,,,,,,,,,,,,,,,,,,,,,,,,,,,,,,,,,,,,,,,,0.045,0.004,0.063,0.045,0.039,0.059,-0.065,0.0,-0.013,0.0,0.016,0.013,0.199,0.0,0.0,0.0,,,,,,,,,,0,,,,,,,980.0,,,,,,,,,,,,,,,,,,,,,,,,986.08,986.08,986.08,986.08,986.08,986.1,,,,,,,,,,,,,,,,,,,,,,,,,,,,,,,,,,,,,T1,,,,,,,
13834,-0.029,0.045,,0.019,,,-0.018,0.002,,,,,,,,,,,,,,,,,,,,,,,,,,,,,,,,,,,,,,,,,,,,,,,,,,,,,,,,,,,,,,,,,,,,-0.005,0.011,0.063,-0.005,-0.031,0.033,0.016,0.0,-0.013,0.0,0.016,0.013,0.153,0.0,,0.0,,,,,,,,,,1,970.71,970.71,,,,,,,,,,,,,,,,,,,,,,,,,,,,,972.75,972.75,972.76,972.76,972.76,,,,,,,,,,,,,,,,,,,,,,,,,,,,,,,,,,,,,,T1,,,,,,,
32814,-0.16,-0.115,,-0.081,0.336,,0.082,-0.001,,,,,,,,,,,,,,,,,,,,,,,,,,,,,,,,,,,,,,,,,,,,,,,,,,,,,,,,,,,,,,,,,,,,0.142,-0.111,-0.702,0.142,0.098,-0.099,,,,,0.008,0.013,0.062,0.0,0.0,0.0,,,,,,,,,,0,115.96,115.97,,,,,,,,,,,,,,,,,,,,,,,,,,,,,116.68,116.68,116.69,,116.69,116.71,,,,,,,,,,,,,,,,,,,,,,,,,,,,,,,,,,,,,T1,,,,,,,
59055,-0.003,0.12,,0.119,-0.164,,-0.037,0.001,,,,,,,,,,,,,,,,,,,,,,,,,,,,,,,,,,,,,,,,,,,,,,,,,,,,,,,,,,,,,,,,,,,,0.02,-0.06,0.063,0.02,-0.043,-0.02,0.043,0.0,0.022,0.0,0.011,0.013,-0.074,0.0,0.0,0.0,,,,,,,,,,0,1238.62,1238.62,,,,,,,,,,,,,,,,,,,,,,,,,,,,,1241.56,1241.56,1241.56,1241.56,1241.56,1241.58,,,,,,,,,,,,,,,,,,,,,,,,,,,,,,,,,,,,,T1,,,,,,,
14755,0.036,0.211,,-0.081,,,0.008,0.003,,,,,,,,,,,,,,,,,,,,,,,,,,,,,,,,,,,,,,,,,,,,,,,,,,,,,,,,,,,,,,,,,,,,,,,,,,,,,,,,,,,,0.0,0.0,0.017,,-0.016,-0.135,0.0,,0.002,0,574.94,574.95,,,,,,,,,,,,,,,,,,,,,,,,,,,,,,,,,,,577.31,,577.33,577.35,,,,,,,,,,,,,,,,,,,,,,,,,,,,,,,,,,,,,,,,
55245,0.023,0.158,,-0.081,-0.164,,,,0.041,,,,,,,,,,,,,,,,,,,,,,,,,,,,,,,,,,,,,,,,,,,,,,,,,,,,,,,,,,,,,,,,,,,-0.106,-0.034,0.082,-0.106,-0.031,0.243,-0.011,0.0,0.013,0.0,0.016,0.013,-0.074,0.0,0.0,0.0,,,,,,,,,,0,1414.03,1414.03,,1414.05,,,,,,,,,,,,,,,,,,,,,,,,,,,1414.92,1414.92,1414.94,1414.94,1414.94,1414.97,,,,,,,,,,,,,,,,,,,,,,,,,,,,,,,,,,,,,,,,,,,,
44074,0.134,0.184,,0.019,0.336,,,,-0.072,,,,,,,,,,,,,,,,,,,,,,,,,,,,,,,,,,,,,,,,,,,,,,,,,,,,,,,,,,,,,,,,-0.035,,,0.109,0.036,0.063,0.109,-0.024,-0.099,0.043,0.0,0.003,0.0,0.014,0.013,0.017,0.0,,0.0,,,,,,,,,,0,919.85,919.86,,919.88,,,,,,,,,,,,,,,,,,,,,,,,,,,923.0,923.0,923.01,923.01,923.01,,,,,,,,,,,,,,,,,,,,,,,,,,,,,,,,,,,,,,T1,,,,,,,
49834,,,,,,,,,,0.002,0.066,,,,,,0.002,0.175,,,,,,,,,,,,,,,,,,,,,,,,,,,,,,,,,,,,,,,,,,,,,,,,,,,,,,,,,,-0.106,0.023,0.082,-0.106,-0.027,-0.02,0.043,0.0,-0.012,0.0,0.014,0.013,-0.029,0.0,0.0,0.0,,,,,,,,,,0,,,,,,,1399.22,,,,,,,,,,,,,,,,,,,,,,,,1401.21,1401.21,1401.22,1401.22,1401.22,1401.23,,,,,,,,,,,,,,,,,,,,,,,,,,,,,,,,,,,,,T1,,,,,,,
19183,,,,,,,,,,,,,,,,,,,,,,,,,,,,,,,,,,,0.111,,,0.246,,0.033,0.083,,,,,,,,,,,,,,,,,,,,,,,,,,,,,,,,,,,0.02,-0.04,0.082,0.02,0.055,-0.072,,,,,0.016,0.013,-0.029,0.0,,0.0,,,,,,,,,,0,,,,,,,,,,,,,,469.45,,,,,,,,,,,,,,,,,505.99,505.99,506.0,,506.0,,,,,,,,,,,,,,,,,,,,,T1,,T1,,,,,,,,,,,,,,,T1,,,,,,,
8220,,,,,,,,,,,,,,,,,,,,,,,,,,,,,,,,,,,0.091,-0.008,-0.108,,,-0.095,-0.058,,,,,,,,,,,,,,,,,,,,,,,,,,,,,,0.076,-0.161,,,,-0.182,-0.181,0.063,-0.182,-0.035,-0.072,-0.038,0.0,-0.005,0.0,0.016,0.013,-0.119,0.0,,0.0,,,,,,,,,,0,,,,,,,,,,,,,,1059.28,1059.38,,,,,,,,,,,,,,1086.11,,1090.21,1090.21,1090.22,1090.22,1090.22,,,,,,,,,,,,,,,,,,,,,T1,,,,,,,,,,,,,,,,,T1,,,,,,,
25260,,,,,,,,,,,,,,,,,,,,,,,,,,,,,,,,,,,0.044,-0.008,-0.11,,,-0.034,-0.024,,,,,,,,,,,,,,,,,,,,,,,,,,,,,,,,-0.035,,,-0.157,-0.104,0.063,-0.157,-0.027,-0.02,-0.038,0.0,0.011,0.0,0.012,0.013,0.062,0.0,0.0,0.0,,,,,,,,,,0,,,,,,,,,,,,,,996.69,996.7,,,,,,,,,,,,,,,,1013.46,1013.46,1013.47,1013.47,1013.47,1013.48,,,,,,,,,,,,,,,,,,,,T1,,,,,,,,,,,,,,,,,T1,,,,,,,
44866,,,,,,,,,,0.006,-0.034,,-0.01,,,-0.029,,,,,,,,,,,,,,,,,,,,,,,,,,,,,,,,,,,,,,,,,,,,,,,,,,,,,,,,,,,,-0.21,0.049,0.015,-0.21,0.129,-0.099,,,,,0.005,0.013,0.017,0.0,0.0,0.0,,,,,,,,,,0,,,,,,,,,,,,,,,,,,,,,,,,,,,,,,,239.93,239.93,239.94,,239.94,239.95,,,,,,,,,,,,,,,,,,,,,,,,,,,,,,,,,,,,,T1,,,,,,,
49085,-0.108,-0.158,,0.019,,,,,0.065,,,,,,,,,,,,,,,,,,,,,,,,,,,,,,,,,,,,,,,,,,,,,,,,,,,,,,,,,,,,,,,,,,,-0.056,0.112,0.104,-0.056,-0.082,0.033,0.016,0.0,0.02,0.0,0.013,0.013,-0.165,0.0,,0.0,,,,,,,,,,0,1584.84,1584.85,,1584.87,,,,,,,,,,,,,,,,,,,,,,,,,,,1591.9,1591.9,1591.91,1591.91,1591.91,,,,,,,,,,,,,,,,,,,,,,,,,,,,,,,,,,,,,,T1,,,,,,,
22402,-0.068,-0.051,0.0,,,,,,0.075,,,,,,,,,,,,,,,,,,,,,,,,,,,,,,,,,,,,,,,,,,,,,,,,,,,,,,,,,,,,,,,,,,,0.08,0.03,0.037,0.08,0.125,-0.072,,,,,0.009,0.013,-0.029,0.0,0.0,0.0,,,,,,,,,,0,267.93,,,267.97,,,,,,,,,,,,,,,,,,,,,,,,,,,269.26,269.26,269.26,,269.26,269.29,,,,,,,,,,,,,,,,,,,,,,,,,,,,,,,,,,,,,T1,,,,,,,
2298,,,,,,,,,,,,,,,,,,,-0.018,-0.067,0.007,-0.078,,,0.014,0.072,,,,,,,,,,,,,,,,,,,,,,,,,,,,,,,,,,,,,,,,,,,,,0.26,0.049,,,,0.134,-0.034,0.057,0.134,-0.012,-0.046,0.016,0.0,-0.012,0.0,0.008,0.013,-0.119,0.0,0.0,0.0,,,,,,,,,,0,,,,,,,,804.09,804.09,804.1,,,,,,,,,,,,,,,,,,,808.07,,811.61,811.61,811.62,811.62,811.62,811.63,,,,,,,,,,,,T1,,,T3,,,,,,,,,,,,,,,,,,,,,,,,,,,,,
9406,,,,,,,,,,,,,,,,,,,,,,,,,,,,,,,,,,,,,,,,,,0.11,0.0,0.001,,,-0.09,0.003,,,,,,,,,,,,,,,,,,,,,,,-0.04,-0.211,,,,-0.106,-0.04,0.063,-0.106,-0.012,0.086,0.016,0.0,0.012,0.0,0.014,0.013,-0.074,0.0,,0.0,,,,,,,,,,1,,,,,,,,,,,,,,,,,1010.41,,1010.55,,,,,,,,,,1035.96,,1040.84,1040.84,1040.84,1040.84,1040.84,,,,,,,,,,,,,,,,,,,,,,,,,,,,,,,,,,,,,,T1,,,,,,,
17039,,,,,,,,,,,,,,,,,,,,,,,,,,,,,,,,,,,-0.323,,,-0.393,,-0.075,-0.054,,,,,,,,,,,,,,,,,,,,,,,,,,,,,,,,-0.035,,,0.02,-0.04,0.063,0.02,-0.024,0.112,-0.065,0.0,0.012,0.0,0.018,0.013,0.108,0.0,,0.0,,,,,,,,,,0,,,,,,,,,,,,,,961.62,,,,,,,,,,,,,,,,,987.68,987.68,987.68,987.68,987.68,,,,,,,,,,,,,,,,,,,,,T1,,T1,,,,,,,,,,,,,,,T1,,,,,,,
14435,-0.01,0.013,0.0,,,,0.143,-0.001,,,,,,,,,,,,,,,,,,,,,,,,,,,,,,,,,,,,,,,,,,,,,,,,,,,,,,,,,,,,,,,,,,,,,,,,,,,,,,,,,,,,0.0,0.0,-0.055,,-0.043,0.028,0.0,,0.0,0,508.46,,,,,,,,,,,,,,,,,,,,,,,,,,,,,,,,,,,,510.23,,510.24,510.25,,,,,,,,,,,,,,,,,,,,,,,,,,,,,,,,,,,,,,,,
4839,,,,,,,,,,,,,,,,,,,,,,,,,,,,,,,,,,,0.05,-0.008,-0.047,,-0.02,,-0.005,,,,,,,,,,,,,,,,,,,,,,,,,,,,,,-0.001,0.077,,,,0.185,0.017,0.057,0.185,0.075,-0.02,-0.011,0.0,0.021,0.0,0.01,0.013,0.108,0.0,,0.0,,,,,,,,,,0,,,,,,,,,,,,,,689.02,689.04,689.05,,,,,,,,,,,,,723.28,,726.69,726.69,726.69,726.69,726.69,,,,,,,,,,,,,,,,,,,,,T1,,,,,,,,,,,,,,,,,T1,,,,,,,
33473,,,,,,,,,,,,,,,,,,,,,,,,,,,,,,,,,,,0.216,-0.008,-0.117,,,0.121,0.069,,,,,,,,,,,,,,,,,,,,,,,,,,,,,,,,-0.035,,,-0.031,-0.066,0.063,-0.031,-0.043,0.033,-0.092,0.0,0.02,0.0,0.011,0.013,0.199,0.0,0.0,0.0,,,,,,,,,,0,,,,,,,,,,,,,,1043.17,1043.17,,,,,,,,,,,,,,,,1073.76,1073.76,1073.77,1073.77,1073.77,1073.78,,,,,,,,,,,,,,,,,,,,T1,,,,,,,,,,,,,,,,,,,,,,,,
59087,,,,,,,,,,0.022,,-0.211,-0.01,,,,0.078,0.134,,,,,,,,,,,,,,,,,,,,,,,,,,,,,,,,,,,,,,,,,,,,,,,,,,,,,,,,,,-0.081,-0.034,0.104,-0.081,-0.094,-0.099,-0.065,0.0,-0.004,0.0,0.009,0.013,-0.074,0.0,0.0,0.0,,,,,,,,,,0,,,,,1490.84,,1490.86,,,,,,,,,,,,,,,,,,,,,,,,1494.29,1494.29,1494.29,1494.29,1494.29,1494.31,,,,,,,,,,,,,,,,,,,,,,,,,,,,,,,,,,,,,T1,,,,,,,
36127,0.049,0.19,0.0,,0.336,0.029,,,,,,,,,,,,,,,,,,,,,,,,,,,,,,,,,,,,,,,,,,,,,,,,,,,,,,,,,,,,,,,,,,,,,,-0.157,-0.047,0.063,-0.157,-0.039,0.033,0.016,0.0,-0.003,0.0,0.01,0.013,-0.165,0.0,0.0,0.0,,,,,,,,,,0,1244.94,,1244.96,,,,,,,,,,,,,,,,,,,,,,,,,,,,1248.73,1248.73,1248.73,1248.73,1248.73,1248.75,,,,,,,,,,,,,,,,,,,,,,,,,,,,,,,,,,,,,T1,,,,,,,
22802,,,,,,,,,,,,,,,,,,,,,,,,,,,,,,,,,,,-0.059,,,-0.336,0.18,,0.153,,,,,,,,,,,,,,,,,,,,,,,,,,,,,,,,-0.035,,,0.158,-0.04,0.082,0.158,0.125,-0.125,,,,,0.013,0.013,-0.074,0.0,0.0,0.0,,,,,,,,,,0,,,,,,,,,,,,,,433.8,,433.81,,,,,,,,,,,,,,,475.03,475.03,475.04,,475.04,475.06,,,,,,,,,,,,,,,,,,,,T1,,T1,,,,,,,,,,,,,,,,,,,,,,
33141,,,,,,,,,,,,,,,,,,,,,,,,,,,,,,,,,,,-0.031,,,-0.142,,0.02,0.034,,,,,,,,,,,,,,,,,,,,,,,,,,,,,,-0.009,-0.048,,,,0.121,0.036,0.063,0.121,-0.055,0.217,0.07,0.0,-0.012,0.0,0.013,0.013,0.244,0.0,,0.0,,,,,,,,,,0,,,,,,,,,,,,,,1173.45,,,,,,,,,,,,,,,1187.87,,1192.58,1192.58,1192.58,1192.58,1192.58,,,,,,,,,,,,,,,,,,,,,T1,,T1,,,,,,,,,,,,,,,T1,,,,,,,
37566,-0.029,-0.094,,-0.081,,-0.016,,,,,,,,,,,,,,,,,,,,,,,,,,,,,,,,,,,,,,,,,,,,,,,,,,,,,,,,,,,,,,,,,,,,,,0.033,-0.034,0.101,0.033,0.004,-0.204,-0.119,0.0,-0.012,0.0,0.013,0.013,-0.119,0.0,0.0,0.0,,,,,,,,,,0,594.17,594.18,594.2,,,,,,,,,,,,,,,,,,,,,,,,,,,,603.74,603.74,603.75,603.75,603.75,603.77,,,,,,,,,,,,,,,,,,,,,,,,,,,,,,,,,,,,,,,,,,,,
17071,-0.049,0.088,,0.019,-0.164,0.024,,,,,,,,,,,,,,,,,,,,,,,,,,,,,,,,,,,,,,,,,,,,,,,,,,,,,,,,,,,,,,,,,,,,,,-0.132,-0.021,0.063,-0.132,-0.055,0.138,-0.038,0.0,-0.012,0.0,0.012,0.013,-0.119,0.0,,0.0,,,,,,,,,,0,1211.04,1211.04,1211.06,,,,,,,,,,,,,,,,,,,,,,,,,,,,1212.84,1212.84,1212.85,1212.85,1212.85,,,,,,,,,,,,,,,,,,,,,,,,,,,,,,,,,,,,,,T1,,,,,,,
1141,-0.068,0.099,,0.019,0.336,,0.04,0.005,,,,,,,,,,,,,,,,,,,,,,,,,,,,,,,,,,,,,,,,,,,,,,,,,,,,,,,,,,,,,,,,,,,,-0.031,0.004,0.063,-0.031,-0.043,-0.046,0.043,0.0,-0.014,0.0,0.011,0.013,0.017,0.0,0.0,0.0,,,,,,,,,,0,1112.13,1112.14,,,,,,,,,,,,,,,,,,,,,,,,,,,,,1113.39,1113.39,1113.4,1113.4,1113.4,1113.42,,,,,,,,,,,,,,,,,,,,,,,,,,,,,,,,,,,,,,,,,,,,
31609,-0.036,0.04,,0.019,0.336,,,,0.056,,,,,,,,,,,,,,,,,,,,,,,,,,,,,,,,,,,,,,,,,,,,,,,,,,,,,,,,,,,,,,,,,,,-0.034,0.176,-0.752,-0.034,-0.071,0.138,,,,,0.012,0.013,-0.074,0.0,,0.0,,,,,,,,,,1,166.58,166.59,,166.62,,,,,,,,,,,,,,,,,,,,,,,,,,,166.76,166.76,166.76,,166.76,,,,,,,,,,,,,,,,,,,,,,,,,,,,,,,,,,,,,,T1,,,,,,,
55559,,,,,,,,,,,,,,,,,,,,,,,,,,,,,,,,,,,,,,,,,,,,,,,,,,,,,,,,,,,,,,,,,,,,,,,,,,,,-0.157,0.004,0.063,-0.157,-0.012,0.059,-0.038,0.0,0.012,0.0,0.014,0.013,-0.074,,0.0,0.0,,,,,,,,,,0,,,,,,,,,,,,,,,,,,,,,,,,,,,,,,,990.55,990.55,990.55,990.55,990.55,990.57,,,,,,,,,,,,,,,,,,,,,,,,,,,,,,,,,,,,,,,,,,,,
31617,,,,,,,,,,,,,,,,,,,,,,,,,,,,,,,,,,,,,,,,,,-0.1,,,0.045,0.021,,0.153,,,,,,,,,,,,,,,,,,,,,,,,,-0.035,,,-0.157,-0.117,0.063,-0.157,-0.024,0.112,-0.173,0.0,-0.013,0.0,0.017,0.013,-0.074,0.0,0.0,0.0,,,,,,,,,,0,,,,,,,,,,,,,,,,,964.63,964.75,,,,,,,,,,,,,991.42,991.42,991.42,991.42,991.42,991.44,,,,,,,,,,,,,,,,,,,,,,,,,,,,,,,,,,,,,T1,,,,,,,
39992,,,,,,,,,,-0.006,,0.046,-0.01,,,,-0.008,-0.008,,,,,,,,,,,,,,,,,,,,,,,,,,,,,,,,,,,,,,,,,,,,,,,,,,,,,,,,,,-0.187,0.03,0.037,-0.187,0.067,-0.099,,,,,0.013,0.013,0.017,0.0,,0.0,,,,,,,,,,0,,,,,390.64,,390.67,,,,,,,,,,,,,,,,,,,,,,,,392.52,392.52,392.54,,392.54,,,,,,,,,,,,,,,,,,,,,,,,,,,,,,,,,,,,,,T1,,,,,,,
16069,,,,,,,,,,-0.002,0.066,,-0.01,,,-0.074,,,,,,,,,,,,,,,,,,,,,,,,,,,,,,,,,,,,,,,,,,,,,,,,,,,,,,,,,,,,-0.056,-0.034,0.063,-0.056,0.055,0.191,-0.038,0.0,-0.012,0.0,0.012,0.013,0.108,0.0,,0.0,,,,,,,,,,0,,,,,,,,,,,,,,,,,,,,,,,,,,,,,,,1266.34,1266.34,1266.34,1266.34,1266.34,,,,,,,,,,,,,,,,,,,,,,,,,,,,,,,,,,,,,,T1,,,,,,,
56510,-0.082,-0.083,0.0,,,,,,-0.015,,,,,,,,,,,,,,,,,,,,,,,,,,,,,,,,,,,,,,,,,,,,,,,,,,,,,,,,,,,,,,,,,,,-0.175,-0.06,0.082,-0.175,0.012,-0.099,-0.065,0.0,0.022,0.0,0.013,0.013,-0.119,0.0,0.0,0.0,,,,,,,,,,0,586.46,,,586.48,,,,,,,,,,,,,,,,,,,,,,,,,,,591.07,591.07,591.07,591.07,591.07,591.08,,,,,,,,,,,,,,,,,,,,,,,,,,,,,,,,,,,,,T1,,,,,,,
16026,-0.003,-0.115,0.0,,,-0.048,,,,,,,,,,,,,,,,,,,,,,,,,,,,,,,,,,,,,,,,,,,,,,,,,,,,,,,,,,,,,,,,,,,,,,0.045,-0.002,0.104,0.045,-0.086,0.138,0.043,0.0,0.02,0.0,0.01,0.013,0.017,0.0,0.0,0.0,,,,,,,,,,0,1527.84,,1527.87,,,,,,,,,,,,,,,,,,,,,,,,,,,,1529.49,1529.49,1529.5,1529.5,1529.5,1529.52,,,,,,,,,,,,,,,,,,,,,,,,,,,,,,,,,,,,,T1,,,,,,,
22521,,,,,,,,,,,,,,,,,,,,,,,,,,,,,,,,,,,,,,,,,,,,,,,,,,,,,-0.024,-0.006,,-0.2,,,,,,,,,,,,,,,,,-0.035,,,-0.081,0.202,0.063,-0.081,-0.063,0.138,-0.011,0.0,0.011,0.0,0.012,0.013,-0.029,0.0,,0.0,,,,,,,,,,0,,,,,,,,,,,,,,,,,,,,,,,,,,,,,,,1024.42,1024.42,1024.42,1024.42,1024.42,,,,,,,,,,,,,,,,,,,,,,,,,,,,,,,,,,,,,,T1,,,,,,,
36101,0.036,0.072,0.0,,,,,,-0.176,,,,,,,,,,,,,,,,,,,,,,,,,,,,,,,,,,,,,,,,,,,,,,,,,,,,,,,,,,,,,,-0.162,-0.042,,,,0.084,0.004,0.101,0.084,0.102,-0.02,0.043,0.0,-0.004,0.0,0.011,0.013,-0.029,0.0,,0.0,,,,,,,,,,0,641.44,,,641.49,,,,,,,,,,,,,,,,,,,,,,,,,642.77,,653.5,653.5,653.5,653.5,653.5,,,,,,,,,,,,,,,,,,,,,,,,,,,,,,,,,,,,,,T1,,,,,,,
45790,0.043,-0.04,,0.019,,,,,0.016,,,,,,,,,,,,,,,,,,,,,,,,,,,,,,,,,,,,,,,,,,,,,,,,,,,,,,,,,,,,,,,,,,,-0.132,-0.085,0.082,-0.132,-0.063,-0.02,-0.038,0.0,-0.003,0.0,0.009,0.013,0.017,0.0,,0.0,,,,,,,,,,0,1324.03,1324.04,,1324.06,,,,,,,,,,,,,,,,,,,,,,,,,,,1327.9,1327.9,1327.9,1327.9,1327.9,,,,,,,,,,,,,,,,,,,,,,,,,,,,,,,,,,,,,,,,,,,,,
55035,,,,,,,,,,,,,,,,,,,,,,,,,,,,,,,,,,,-0.123,,,-0.399,,0.02,0.106,,,,,,,,,,,,,,,,,,,,,,,,,,,,,,0.156,0.108,,,,0.058,0.093,0.057,0.058,0.0,0.007,-0.011,0.0,0.004,0.0,0.017,0.013,-0.074,0.0,,0.0,,,,,,,,,,0,,,,,,,,,,,,,,707.19,,,,,,,,,,,,,,,742.02,,743.3,743.3,743.31,743.31,743.31,,,,,,,,,,,,,,,,,,,,,T1,,T1,,,,,,,,,,,,,,,T1,,,,,,,
27348,,,,,,,,,,,,,,,,,,,,,,,,,,,,,,,,,,,-0.018,,,-0.06,,-0.088,0.013,,,,,,,,,,,,,,,,,,,,,,,,,,,,,,,,,,,-0.081,-0.009,0.082,-0.081,-0.071,-0.151,0.07,0.0,-0.003,0.0,0.012,0.013,0.062,0.0,,0.0,,,,,,,,,,0,,,,,,,,,,,,,,1258.48,,,,,,,,,,,,,,,,,1311.46,1311.46,1311.46,1311.46,1311.46,,,,,,,,,,,,,,,,,,,,,T1,,T1,,,,,,,,,,,,,,,,,,,,,,
47672,,,,,,,,,,-0.022,,-0.354,-0.01,,,0.094,,,,,,,,,,,,,,,,,,,,,,,,,,,,,,,,,,,,,,,,,,,,,,,,,,,,,,,,,-0.035,,,0.109,0.125,0.063,0.109,0.067,-0.125,0.097,0.0,-0.013,0.0,0.018,0.013,0.062,0.0,,0.0,,,,,,,,,,0,,,,,930.81,,,,,,,,,,,,,,,,,,,,,,,,,,940.38,940.38,940.38,940.38,940.38,,,,,,,,,,,,,,,,,,,,,,,,,,,,,,,,,,,,,,T1,,,,,,,
30810,0.101,0.163,,0.019,,,0.105,0.001,,,,,,,,,,,,,,,,,,,,,,,,,,,,,,,,,,,,,,,,,,,,,,,,,,,,,,,,,,,,,,,,,,,,-0.056,0.017,0.063,-0.056,-0.024,-0.178,-0.173,0.0,-0.014,0.0,0.011,0.013,0.017,0.0,0.0,0.0,,,,,,,,,,0,1105.86,1105.86,,,,,,,,,,,,,,,,,,,,,,,,,,,,,1107.55,1107.55,1107.55,1107.55,1107.55,1107.57,,,,,,,,,,,,,,,,,,,,,,,,,,,,,,,,,,,,,,,,,,,,
21035,,,,,,,,,,,,,,,,,,,,,,,,,,,,,,,,,,,0.111,,,-0.134,,0.121,0.154,,,,,,,,,,,,,,,,,,,,,,,,,,,,,,-0.166,-0.033,,,,0.134,0.042,0.057,0.134,0.035,-0.125,-0.146,0.0,0.029,0.0,0.01,0.013,-0.074,0.0,0.0,0.0,,,,,,,,,,0,,,,,,,,,,,,,,671.85,,,,,,,,,,,,,,,709.9,,718.32,718.32,718.33,718.33,718.33,718.35,,,,,,,,,,,,,,,,,,,,T1,,T1,,,,,,,,,,,,,,,,,,,,,,
30320,-0.01,0.206,,0.019,0.336,0.002,,,,,,,,,,,,,,,,,,,,,,,,,,,,,,,,,,,,,,,,,,,,,,,,,,,,,,,,,,,,,,,,,,,,,,0.02,-0.13,0.063,0.02,-0.055,0.086,-0.038,0.0,-0.005,0.0,0.012,0.013,0.062,0.0,,0.0,,,,,,,,,,0,1096.96,1096.96,1097.03,,,,,,,,,,,,,,,,,,,,,,,,,,,,1098.47,1098.47,1098.47,1098.47,1098.47,,,,,,,,,,,,,,,,,,,,,,,,,,,,,,,,,,,,,,,,,,,,,
37839,-0.036,-0.051,0.0,,,,0.014,0.002,,,,,,,,,,,,,,,,,,,,,,,,,,,,,,,,,,,,,,,,,,,,,,,,,,,,,,,,,,,,,,,,,,,,-0.081,-0.085,0.104,-0.081,-0.055,0.217,0.151,0.0,0.021,0.0,0.012,0.013,0.062,0.0,0.0,0.0,,,,,,,,,,0,1568.99,,,,,,,,,,,,,,,,,,,,,,,,,,,,,,1575.55,1575.55,1575.56,1575.56,1575.56,1575.58,,,,,,,,,,,,,,,,,,,,,,,,,,,,,,,,,,,,,T1,,,,,,,
4324,0.036,0.083,0.0,,-0.164,,,,-0.101,,,,,,,,,,,,,,,,,,,,,,,,,,,,,,,,,,,,,,,,,,,,,,,,,,,,,,,,,,,,,,,,,,,-0.106,-0.034,0.104,-0.106,-0.051,-0.072,0.043,0.0,0.046,0.0,0.011,0.013,-0.119,0.0,,0.0,,,,,,,,,,0,1476.38,,,1476.41,,,,,,,,,,,,,,,,,,,,,,,,,,,1479.11,1479.11,1479.11,1479.11,1479.11,,,,,,,,,,,,,,,,,,,,,,,,,,,,,,,,,,,,,,,,,,,,,
14062,,,,,,,,,,-0.018,,0.181,,,,-0.044,,,,,,,,,,,,,,,,,,,,,,,,,,,,,,,,,,,,,,,,,,,,,,,,,,,,,,,,,,,,0.109,0.246,0.101,0.109,-0.012,0.007,0.097,0.0,0.013,0.0,0.017,0.013,-0.029,0.0,0.0,0.0,,,,,,,,,,0,,,,,657.24,,,,,,,,,,,,,,,,,,,,,,,,,,669.88,669.88,669.88,669.88,669.88,669.9,,,,,,,,,,,,,,,,,,,,,,,,,,,,,,,,,,,,,T1,,,,,,,
18509,,,,,,,,,,-0.01,,0.245,,,,0.049,,,,,,,,,,,,,,,,,,,,,,,,,,,,,,,,,,,,,,,,,,,,,,,,,,,,,,,,,,,,0.055,-0.136,0.037,0.055,0.098,-0.336,,,,,0.011,0.013,-0.029,0.0,0.0,0.0,,,,,,,,,,0,,,,,319.83,,,,,,,,,,,,,,,,,,,,,,,,,,321.34,321.34,321.35,,321.35,321.36,,,,,,,,,,,,,,,,,,,,,,,,,,,,,,,,,,,,,T1,,,,,,,
45670,-0.055,-0.014,,0.019,,-0.056,,,,,,,,,,,,,,,,,,,,,,,,,,,,,,,,,,,,,,,,,,,,,,,,,,,,,,,,,,,,,,,,,,,,,,-0.257,0.163,0.037,-0.257,,-0.125,,,,,0.011,0.013,-0.256,0.0,,0.0,,,,,,,,,,0,255.41,255.42,255.45,,,,,,,,,,,,,,,,,,,,,,,,,,,,256.22,256.22,256.22,,256.22,,,,,,,,,,,,,,,,,,,,,,,,,,,,,,,,,,,,,,,,,,,,,
21270,,,,,,,,,,,,,,,,,,,,,,,,,,,,,,,,,,,-0.007,-0.008,-0.044,,,-0.061,0.163,,,,,,,,,,,,,,,,,,,,,,,,,,,,,,0.064,-0.142,,,,-0.157,0.03,0.063,-0.157,-0.035,-0.151,-0.146,0.0,0.006,0.0,0.014,0.013,-0.029,0.0,,0.0,,,,,,,,,,0,,,,,,,,,,,,,,1042.45,1042.46,,,,,,,,,,,,,,1070.23,,1075.83,1075.83,1075.84,1075.84,1075.84,,,,,,,,,,,,,,,,,,,,,T1,,,,,,,,,,,,,,,,,T1,,,,,,,
33596,-0.016,-0.115,,0.019,0.336,,,,0.077,,,,,,,,,,,,,,,,,,,,,,,,,,,,,,,,,,,,,,,,,,,,,,,,,,,,,,,,,,,,,,,,,,,-0.031,-0.072,0.082,-0.031,-0.063,0.007,0.016,0.0,-0.003,0.0,0.008,0.013,0.062,0.0,0.0,0.0,,,,,,,,,,0,1392.15,1392.16,,1392.19,,,,,,,,,,,,,,,,,,,,,,,,,,,1393.25,1393.25,1393.26,1393.26,1393.26,1393.27,,,,,,,,,,,,,,,,,,,,,,,,,,,,,,,,,,,,,T1,,,,,,,
52902,-0.016,-0.179,0.0,,,,,,0.049,,,,,,,,,,,,,,,,,,,,,,,,,,,,,,,,,,,,,,,,,,,,,,,,,,,,,,,,,,,,,,,,,,,-0.132,0.017,0.104,-0.132,-0.071,-0.046,0.151,0.0,-0.005,0.0,0.014,0.013,-0.119,0.0,,0.0,,,,,,,,,,0,1592.09,,,1592.18,,,,,,,,,,,,,,,,,,,,,,,,,,,1594.19,1594.19,1594.2,1594.2,1594.2,,,,,,,,,,,,,,,,,,,,,,,,,,,,,,,,,,,,,,T1,,,,,,,
19317,,,,,,,,,,,,,,,,,,,,,,,,,,,0.04,-0.151,-0.164,,,-0.056,,0.201,,,,,,,,,,,,,,,,,,,,,,,,,,,,,,,,,,,,,-0.107,-0.042,,,,0.132,0.017,0.073,0.132,0.063,-0.02,,,,,0.001,0.013,-0.119,0.0,,0.0,,,,,,,,,,0,,,,,,,,,,,398.95,398.98,398.99,,,,,,,,,,,,,,,,436.44,,459.28,459.28,459.29,,459.29,,,,,,,,,,,,,,,,,,T1,,,,,,,,,,,,,,,,,,,,T1,,,,,,,
41865,-0.055,0.008,,-0.081,-0.164,,,,-0.03,,,,,,,,,,,,,,,,,,,,,,,,,,,,,,,,,,,,,,,,,,,,,,,,,,,,,,,,,,,,,,,,,,,-0.132,-0.009,0.082,-0.132,-0.063,0.112,0.016,0.0,-0.003,0.0,0.014,0.013,-0.029,0.0,0.0,0.0,,,,,,,,,,1,1357.37,1357.37,,1357.4,,,,,,,,,,,,,,,,,,,,,,,,,,,1361.56,1361.56,1361.56,1361.56,1361.56,1361.58,,,,,,,,,,,,,,,,,,,,,,,,,,,,,,,,,,,,,T1,,,,,,,
18834,,,,,,,,,,-0.006,-0.034,,-0.01,,,,-0.024,-0.161,,,,,,,,,,,,,,,,,,,,,,,,,,,,,,,,,,,,,,,,,,,,,,,,,,,,,,,,,,-0.055,-0.028,0.082,-0.055,0.004,-0.23,-0.119,0.0,-0.003,0.0,0.013,0.013,-0.119,0.0,0.0,0.0,,,,,,,,,,0,,,,,,,553.83,,,,,,,,,,,,,,,,,,,,,,,,555.21,555.21,555.22,555.22,555.22,555.23,,,,,,,,,,,,,,,,,,,,,,,,,,,,,,,,,,,,,T1,,,,,,,
41375,0.075,0.019,,-0.181,,-0.061,,,,,,,,,,,,,,,,,,,,,,,,,,,,,,,,,,,,,,,,,,,,,,,,,,,,,,,,,,,,,,,,,,,,,,-0.056,-0.072,0.082,-0.056,-0.008,0.059,-0.011,0.0,-0.012,0.0,0.012,0.013,0.153,0.0,0.0,0.0,,,,,,,,,,0,1365.29,1365.29,1365.33,,,,,,,,,,,,,,,,,,,,,,,,,,,,1367.51,1367.51,1367.51,1367.51,1367.51,1367.53,,,,,,,,,,,,,,,,,,,,,,,,,,,,,,,,,,,,,T1,,,,,,,
25157,-0.225,-0.04,0.0,,,0.053,,,,,,,,,,,,,,,,,,,,,,,,,,,,,,,,,,,,,,,,,,,,,,,,,,,,,,,,,,,,,,,,,,,,,,0.055,0.163,0.014,0.055,0.094,-0.151,,,,,0.012,0.013,0.062,0.0,0.0,0.0,,,,,,,,,,0,301.48,,301.5,,,,,,,,,,,,,,,,,,,,,,,,,,,,303.6,303.6,303.6,,303.6,303.62,,,,,,,,,,,,,,,,,,,,,,,,,,,,,,,,,,,,,T1,,,,,,,
26297,,,,,,,,,,0.01,,-0.173,-0.01,,,-0.09,,,,,,,,,,,,,,,,,,,,,,,,,,,,,,,,,,,,,,,,,,,,,,,,,,,,,,,,,,,,-0.081,-0.028,0.082,-0.081,-0.016,-0.072,0.043,0.0,-0.012,0.0,0.017,0.013,0.017,0.0,,0.0,,,,,,,,,,0,,,,,1341.13,,,,,,,,,,,,,,,,,,,,,,,,,,1350.08,1350.08,1350.08,1350.08,1350.08,,,,,,,,,,,,,,,,,,,,,,,,,,,,,,,,,,,,,,T1,,,,,,,
12280,-0.016,-0.078,0.0,,,,,,0.045,,,,,,,,,,,,,,,,,,,,,,,,,,,,,,,,,,,,,,,,,,,,,,,,,,,,,,,,,,,,,,,,,,,-0.21,0.011,0.015,-0.21,0.153,0.033,,,,,0.014,0.013,,,,0.0,,,,,,,,,,1,241.43,,,241.46,,,,,,,,,,,,,,,,,,,,,,,,,,,246.38,246.38,246.38,,246.38,,,,,,,,,,,,,,,,,,,,,,,,,,,,,,,,,,,,,,T1,,,,,,,
36458,0.082,0.013,,-0.081,0.336,-0.052,,,,,,,,,,,,,,,,,,,,,,,,,,,,,,,,,,,,,,,,,,,,,,,,,,,,,,,,,,,,,,,,,,,,,,0.067,0.227,-0.752,0.067,-0.047,0.059,,,,,0.012,0.013,-0.074,0.0,0.0,0.0,,,,,,,,,,0,169.35,169.36,169.38,,,,,,,,,,,,,,,,,,,,,,,,,,,,170.08,170.08,170.09,,170.09,170.1,,,,,,,,,,,,,,,,,,,,,,,,,,,,,,,,,,,,,,,,,,,,
14516,-0.036,0.136,,-0.081,0.336,-0.008,,,,,,,,,,,,,,,,,,,,,,,,,,,,,,,,,,,,,,,,,,,,,,,,,,,,,,,,,,,,,,,,,,,,,,-0.091,0.189,-0.029,-0.091,0.071,0.007,,,,,0.011,0.013,0.017,0.0,,0.0,,,,,,,,,,0,202.95,202.96,202.98,,,,,,,,,,,,,,,,,,,,,,,,,,,,203.79,203.79,203.8,,203.8,,,,,,,,,,,,,,,,,,,,,,,,,,,,,,,,,,,,,,T1,,,,,,,
7003,-0.062,-0.024,0.0,,,,,,0.086,,,,,,,,,,,,,,,,,,,,,,,,,,,,,,,,,,,,,,,,,,,,,,,,,,,,,,,,,,,,,,,,,,,0.205,-0.212,-0.725,0.205,0.078,-0.125,,,,,0.01,0.013,-0.074,0.0,0.001,0.0,,,,,,,,,,0,5.19,,,5.21,,,,,,,,,,,,,,,,,,,,,,,,,,,13.74,13.74,13.75,,13.75,13.77,,,,,,,,,,,,,,,,,,,,,,,,,,,,,,,,,,,,,T1,,,,,,,
9994,,,,,,,,,,-0.006,-0.034,,,,,,-0.033,-0.192,,,,,,,,,,,,,,,,,,,,,,,,,,,,,,,,,,,,,,,,,,,,,,,,,,,,,,,,,,0.281,0.106,-0.702,0.281,,-0.125,,,,,0.009,0.013,0.062,0.0,,0.0,,,,,,,,,,0,,,,,,,69.07,,,,,,,,,,,,,,,,,,,,,,,,71.21,71.21,71.21,,71.21,,,,,,,,,,,,,,,,,,,,,,,,,,,,,,,,,,,,,,T1,,,,,,,
20523,,,,,,,,,,-0.006,0.066,,,0.007,0.172,,,,,,,,,,,,,,,,,,,,,,,,,,,,,,,,,,,,,,,,,,,,,,,,,,,,,,,,,,,,,0.23,-0.009,-0.702,0.23,,0.243,,,,,0.01,0.013,-0.029,0.0,0.0,0.0,,,,,,,,,,0,,,,,,69.08,,,,,,,,,,,,,,,,,,,,,,,,,71.21,71.21,71.22,,71.22,71.28,,,,,,,,,,,,,,,,,,,,,,,,,,,,,,,,,,,,,,,,,,,,
29815,-0.088,-0.169,,0.019,-0.164,0.064,,,,,,,,,,,,,,,,,,,,,,,,,,,,,,,,,,,,,,,,,,,,,,,,,,,,,,,,,,,,,,,,,,,,,,-0.056,-0.085,0.104,-0.056,-0.008,0.033,-0.038,0.0,0.004,0.0,0.012,0.013,0.108,0.0,0.0,0.0,,,,,,,,,,0,1501.59,1501.6,1501.78,,,,,,,,,,,,,,,,,,,,,,,,,,,,1510.76,1510.76,1510.77,1510.77,1510.77,1510.78,,,,,,,,,,,,,,,,,,,,,,,,,,,,,,,,,,,,,,,,,,,,
41030,,,,,,,,,,-0.002,-0.034,,,-0.009,-0.022,,,,,,,,,,,,,,,,,,,,,,,,,,,,,,,,,,,,,,,,,,,,,,,,,,,,,,,,,,-0.035,,,-0.157,-0.047,0.063,-0.157,0.055,-0.02,-0.038,0.0,-0.012,0.0,0.011,0.013,-0.119,0.0,,0.0,,,,,,,,,,0,,,,,,1261.82,,,,,,,,,,,,,,,,,,,,,,,,,1266.36,1266.36,1266.36,1266.36,1266.36,,,,,,,,,,,,,,,,,,,,,,,,,,,,,,,,,,,,,,,,,,,,,
26411,,,,,,,,,,,,,,,,,,,,,,,,,,,,,,,,,,,0.188,-0.008,0.011,,0.089,,0.006,,,,,,,,,,,,,,,,,,,,,,,,,,,,,,0.004,-0.039,,,,0.084,0.081,0.057,0.084,-0.008,-0.02,0.043,0.0,-0.004,0.0,0.018,0.013,-0.119,0.0,0.0,0.0,,,,,,,,,,0,,,,,,,,,,,,,,797.0,797.01,797.01,,,,,,,,,,,,,805.09,,807.28,807.28,807.28,807.28,807.28,807.3,,,,,,,,,,,,,,,,,,,,T1,,,,,,,,,,,,,,,,,T1,,,,,,,
40561,0.023,0.2,0.0,,-0.164,,-0.007,-0.001,,,,,,,,,,,,,,,,,,,,,,,,,,,,,,,,,,,,,,,,,,,,,,,,,,,,,,,,,,,,,,,,,,,,-0.031,0.011,0.063,-0.031,-0.024,-0.151,-0.038,0.0,-0.013,0.0,0.011,0.013,0.062,0.0,0.0,0.0,,,,,,,,,,0,970.74,,,,,,,,,,,,,,,,,,,,,,,,,,,,,,972.78,972.78,972.79,972.79,972.79,972.81,,,,,,,,,,,,,,,,,,,,,,,,,,,,,,,,,,,,,T1,,,,,,,
30701,0.023,-0.083,0.0,,,,0.015,0.001,,,,,,,,,,,,,,,,,,,,,,,,,,,,,,,,,,,,,,,,,,,,,,,,,,,,,,,,,,,,,,,,,,,,0.131,0.182,0.037,0.131,0.09,-0.204,,,,,0.016,0.013,0.108,0.0,0.0,0.0,,,,,,,,,,0,320.63,,,,,,,,,,,,,,,,,,,,,,,,,,,,,,322.16,322.16,322.17,,322.17,322.19,,,,,,,,,,,,,,,,,,,,,,,,,,,,,,,,,,,,,,,,,,,,
26105,-0.016,0.083,,-0.081,,,,,-0.032,,,,,,,,,,,,,,,,,,,,,,,,,,,,,,,,,,,,,,,,,,,,,,,,,,,,,,,,,,,,,,,,,,,0.32,0.1,0.037,0.32,-0.012,0.059,,,,,0.012,0.013,0.017,0.0,,0.0,,,,,,,,,,0,365.44,365.44,,365.48,,,,,,,,,,,,,,,,,,,,,,,,,,,368.66,368.66,368.67,,368.67,,,,,,,,,,,,,,,,,,,,,,,,,,,,,,,,,,,,,,T1,,,,,,,
20402,,,,,,,,,,-0.018,,-0.303,-0.01,,,,-0.01,0.083,,,,,,,,,,,,,,,,,,,,,,,,,,,,,,,,,,,,,,,,,,,,,,,,,,,,,,,,,,0.092,-0.181,-0.702,0.092,0.082,0.138,,,,,0.009,0.013,0.108,0.0,0.0,0.0,,,,,,,,,,0,,,,,87.48,,87.51,,,,,,,,,,,,,,,,,,,,,,,,89.88,89.88,89.89,,89.89,89.91,,,,,,,,,,,,,,,,,,,,,,,,,,,,,,,,,,,,,,,,,,,,
32982,0.095,0.067,0.0,,,,0.105,0.004,,,,,,,,,,,,,,,,,,,,,,,,,,,,,,,,,,,,,,,,,,,,,,,,,,,,,,,,,,,,,,,,,,,,-0.056,-0.066,0.063,-0.056,0.043,-0.099,0.124,0.0,-0.014,0.0,0.014,0.013,0.017,0.0,,0.0,,,,,,,,,,0,1098.04,,,,,,,,,,,,,,,,,,,,,,,,,,,,,,1104.68,1104.68,1104.68,1104.68,1104.68,,,,,,,,,,,,,,,,,,,,,,,,,,,,,,,,,,,,,,T1,,,,,,,
27370,-0.01,0.029,,0.019,-0.164,,0.032,-0.003,,,,,,,,,,,,,,,,,,,,,,,,,,,,,,,,,,,,,,,,,,,,,,,,,,,,,,,,,,,,,,,,,,,,0.007,-0.072,0.082,0.007,0.027,-0.046,-0.011,0.0,-0.012,0.0,0.01,0.013,0.062,,,0.0,,,,,,,,,,0,560.8,560.81,,,,,,,,,,,,,,,,,,,,,,,,,,,,,567.02,567.02,567.02,567.02,567.02,,,,,,,,,,,,,,,,,,,,,,,,,,,,,,,,,,,,,,T1,,,,,,,
49952,,,,,,,,,,,,,,,,,,,,,,,,,,,,,,,,,,,,,,,,,,,,,,,,,,-0.228,,,,,,,,,,,,,,,-0.07,,0.014,-0.075,0.132,0.019,0.1,-0.056,,,,-0.207,-0.079,0.063,-0.207,0.059,0.007,-0.146,0.0,0.012,0.0,0.012,0.013,-0.119,0.0,,0.0,,,,,,,,,,0,,,,,,,,,,,,,,,,,,,,999.84,,,,,,1008.91,1008.91,1008.92,1028.56,,1041.12,1041.12,1041.12,1041.12,1041.12,,,,,,,,,,,,,,,,,,,,,,,,,,,,,,,,,,,,,,T1,,,,,,,
56681,-0.193,-0.051,0.0,,-0.164,,0.13,0.0,,,,,,,,,,,,,,,,,,,,,,,,,,,,,,,,,,,,,,,,,,,,,,,,,,,,,,,,,,,,,,,,,,,,0.08,0.03,0.037,0.08,0.149,0.007,,,,,0.016,0.013,0.108,0.0,,0.0,,,,,,,,,,0,301.64,,,,,,,,,,,,,,,,,,,,,,,,,,,,,,315.11,315.11,315.12,,315.12,,,,,,,,,,,,,,,,,,,,,,,,,,,,,,,,,,,,,,T1,,,,,,,
17387,,,,,,,,,,,,,,,,,,,,,,,,,,,,,,,,,,,0.02,,,-0.209,0.053,,-0.014,,,,,,,,,,,,,,,,,,,,,,,,,,,,,,,,-0.035,,,-0.017,0.081,0.057,-0.017,-0.039,0.243,-0.119,0.0,-0.004,0.0,0.016,0.013,-0.256,0.0,0.0,0.0,,,,,,,,,,0,,,,,,,,,,,,,,762.84,,762.85,,,,,,,,,,,,,,,779.99,779.99,780.0,780.0,780.0,780.02,,,,,,,,,,,,,,,,,,,,T1,,T1,,,,,,,,,,,,,,,,,,,,,,
47774,0.082,-0.03,0.0,,-0.164,,0.106,-0.001,,,,,,,,,,,,,,,,,,,,,,,,,,,,,,,,,,,,,,,,,,,,,,,,,,,,,,,,,,,,,,,,,,,,-0.182,-0.079,0.063,-0.182,-0.051,0.138,-0.065,0.0,-0.012,0.0,0.014,0.013,-0.21,0.0,,0.0,,,,,,,,,,0,1210.02,,,,,,,,,,,,,,,,,,,,,,,,,,,,,,1211.33,1211.33,1211.33,1211.33,1211.33,,,,,,,,,,,,,,,,,,,,,,,,,,,,,,,,,,,,,,,,,,,,,
5012,,,,,,,,,,0.026,,0.498,-0.01,,,-0.102,,,,,,,,,,,,,,,,,,,,,,,,,,,,,,,,,,,,,,,,,,,,,,,,,,,,,,,,,,,,0.057,0.061,0.082,0.057,0.027,0.007,,,,,0.016,0.013,0.017,0.0,,0.0,,,,,,,,,,0,,,,,475.51,,,,,,,,,,,,,,,,,,,,,,,,,,475.97,475.97,475.97,,475.97,,,,,,,,,,,,,,,,,,,,,,,,,,,,,,,,,,,,,,,,,,,,,
29462,-0.082,-0.276,,0.019,-0.164,,0.052,0.001,,,,,,,,,,,,,,,,,,,,,,,,,,,,,,,,,,,,,,,,,,,,,,,,,,,,,,,,,,,,,,,,,,,,-0.106,0.011,0.104,-0.106,-0.071,0.007,-0.011,0.0,-0.012,0.0,0.005,0.013,0.153,0.0,0.0,0.0,,,,,,,,,,0,1434.07,1434.07,,,,,,,,,,,,,,,,,,,,,,,,,,,,,1440.12,1440.12,1440.13,1440.13,1440.13,1440.15,,,,,,,,,,,,,,,,,,,,,,,,,,,,,,,,,,,,,T1,,,,,,,
7184,-0.023,-0.035,0.0,,,,,,-0.169,,,,,,,,,,,,,,,,,,,,,,,,,,,,,,,,,,,,,,,,,,,,,,,,,,,,,,,,,,,,,,,,,,,0.033,0.049,0.057,0.033,-0.016,-0.02,-0.038,0.0,-0.012,0.0,0.012,0.013,0.017,0.0,,0.0,,,,,,,,,,0,617.22,,,617.24,,,,,,,,,,,,,,,,,,,,,,,,,,,619.61,619.61,619.62,619.62,619.62,,,,,,,,,,,,,,,,,,,,,,,,,,,,,,,,,,,,,,T1,,,,,,,
6294,,,,,,,,,,0.002,,0.128,,,,,-0.017,-0.182,,,,,,,,,,,,,,,,,,,,,,,,,,,,,,,,,,,,,,,,,,,,,,,,,,,,,,,,,,-0.232,-0.079,0.037,-0.232,0.012,-0.257,,,,,0.013,0.013,-0.074,0.0,,0.0,,,,,,,,,,0,,,,,251.2,,251.22,,,,,,,,,,,,,,,,,,,,,,,,252.24,252.24,252.25,,252.25,,,,,,,,,,,,,,,,,,,,,,,,,,,,,,,,,,,,,,T1,,,,,,,
30154,0.003,0.088,0.0,,0.336,0.093,,,,,,,,,,,,,,,,,,,,,,,,,,,,,,,,,,,,,,,,,,,,,,,,,,,,,,,,,,,,,,,,,,,,,,,,,,,,,,,,,,,,,,0.0,0.0,-0.126,,-0.055,-0.079,0.0,,0.0,0,1396.31,,1396.34,,,,,,,,,,,,,,,,,,,,,,,,,,,,,,,,,,1396.81,,1396.86,1396.88,,,,,,,,,,,,,,,,,,,,,,,,,,,,,,,,,,,,,,,,
25208,0.043,-0.019,0.0,,0.336,,0.03,0.001,,,,,,,,,,,,,,,,,,,,,,,,,,,,,,,,,,,,,,,,,,,,,,,,,,,,,,,,,,,,,,,,,,,,0.041,0.259,-0.029,0.041,0.063,-0.125,,,,,0.013,0.013,-0.165,0.0,,0.0,,,,,,,,,,0,189.02,,,,,,,,,,,,,,,,,,,,,,,,,,,,,,189.9,189.9,189.9,,189.9,,,,,,,,,,,,,,,,,,,,,,,,,,,,,,,,,,,,,,T1,,,,,,,
47632,,,,,,,,,,-0.022,0.066,,,,,,0.067,0.032,,,,,,,,,,,,,,,,,,,,,,,,,,,,,,,,,,,,,,,,,,,,,,,,,,,,,,,,,,-0.031,-0.028,0.104,-0.031,-0.094,0.27,0.097,0.0,0.02,0.0,0.014,0.013,0.062,0.0,0.0,0.0,,,,,,,,,,0,,,,,,,1544.74,,,,,,,,,,,,,,,,,,,,,,,,1549.02,1549.02,1549.03,1549.03,1549.03,1549.11,,,,,,,,,,,,,,,,,,,,,,,,,,,,,,,,,,,,,T1,,,,,,,
27440,0.049,0.339,,0.019,,-0.071,,,,,,,,,,,,,,,,,,,,,,,,,,,,,,,,,,,,,,,,,,,,,,,,,,,,,,,,,,,,,,,,,,,,,,,,,,,,,,,,,,,,,,0.0,0.0,-0.023,,0.017,0.359,0.0,,0.0,0,575.09,575.1,575.12,,,,,,,,,,,,,,,,,,,,,,,,,,,,,,,,,,577.53,,577.55,577.55,,,,,,,,,,,,,,,,,,,,,,,,,,,,,,,,,,,,,,,,
16380,-0.003,-0.051,,0.019,,-0.045,,,,,,,,,,,,,,,,,,,,,,,,,,,,,,,,,,,,,,,,,,,,,,,,,,,,,,,,,,,,,,,,,,,,,,0.16,0.049,0.063,0.16,0.012,0.112,-0.065,0.0,0.033,0.0,0.014,0.013,0.108,0.0,0.002,0.0,,,,,,,,,,0,937.59,937.61,937.64,,,,,,,,,,,,,,,,,,,,,,,,,,,,942.35,942.35,942.35,942.35,942.35,942.37,,,,,,,,,,,,,,,,,,,,,,,,,,,,,,,,,,,,,T1,,,,,,,
29148,,,,,,,,,,0.018,,0.522,-0.01,,,,-0.002,-0.08,,,,,,,,,,,,,,,,,,,,,,,,,,,,,,,,,,,,,,,,,,,,,,,,,,,,,,,,,,-0.12,-0.009,0.082,-0.12,-0.004,-0.072,-0.011,0.0,-0.012,0.0,0.01,0.013,-0.119,0.0,,0.0,,,,,,,,,,0,,,,,565.87,,565.89,,,,,,,,,,,,,,,,,,,,,,,,568.02,568.02,568.03,568.03,568.03,,,,,,,,,,,,,,,,,,,,,,,,,,,,,,,,,,,,,,T1,,,,,,,
47909,-0.023,0.158,0.0,,,,,,0.077,,,,,,,,,,,,,,,,,,,,,,,,,,,,,,,,,,,,,,,,,,,,,,,,,,,,,,,,,,,,,,,,,,,0.041,0.1,-0.702,0.041,,-0.072,,,,,0.01,0.013,0.108,0.0,,0.0,,,,,,,,,,0,124.57,,,124.61,,,,,,,,,,,,,,,,,,,,,,,,,,,133.14,133.14,133.15,,133.15,,,,,,,,,,,,,,,,,,,,,,,,,,,,,,,,,,,,,,,,,,,,,
6081,,,,,,,,,,-0.01,0.066,,-0.01,,,,0.054,0.165,,,,,,,,,,,,,,,,,,,,,,,,,,,,,,,,,,,,,,,,,,,,,,,,,,,,,,,,,,0.02,-0.053,0.063,0.02,0.0,-0.099,-0.038,0.0,-0.013,0.0,0.016,0.013,0.062,0.0,,0.0,,,,,,,,,,0,,,,,,,979.23,,,,,,,,,,,,,,,,,,,,,,,,980.92,980.92,980.98,980.98,980.98,,,,,,,,,,,,,,,,,,,,,,,,,,,,,,,,,,,,,,,,,,,,,
54144,,,,,,,,,,-0.022,,0.048,,,,0.029,,,,,,,,,,,,,,,,,,,,,,,,,,,,,,,,,,,,,,,,,,,,,,,,,,,,,,,,,-0.035,,,0.033,0.023,0.063,0.033,0.059,0.059,0.07,0.0,0.012,0.0,0.011,0.013,-0.029,0.0,0.0,0.0,,,,,,,,,,0,,,,,935.18,,,,,,,,,,,,,,,,,,,,,,,,,,940.41,940.41,940.42,940.42,940.42,940.44,,,,,,,,,,,,,,,,,,,,,,,,,,,,,,,,,,,,,,,,,,,,
29441,-0.108,-0.153,,0.019,0.336,,,,0.036,,,,,,,,,,,,,,,,,,,,,,,,,,,,,,,,,,,,,,,,,,,,,,,,,,,,,,,,,,,,,,,,,,,-0.261,0.017,0.015,-0.261,0.133,-0.02,,,,,0.008,0.013,0.017,0.0,,0.0,,,,,,,,,,0,235.68,235.68,,235.72,,,,,,,,,,,,,,,,,,,,,,,,,,,237.31,237.31,237.37,,237.37,,,,,,,,,,,,,,,,,,,,,,,,,,,,,,,,,,,,,,T1,,,,,,,
1707,,,,,,,,,,,,,,,,,,,-0.075,0.146,-0.014,0.113,,-0.026,,-0.224,,,,,,,,,,,,,,,,,,,,,,,,,,,,,,,,,,,,,,,,,,,,,,,-0.035,,,-0.031,-0.149,0.063,-0.031,-0.051,0.059,-0.092,0.0,-0.005,0.0,0.014,0.013,0.062,0.0,0.0,0.0,,,,,,,,,,0,,,,,,,,1039.79,1039.81,,,,,,,,,,,,,,,,,,,,,,1071.88,1071.88,1071.88,1071.88,1071.88,1071.91,,,,,,,,,,,,T1,,,T3,,,,,,,,,,,,,,,,,,,,,,T1,,,,,,,
16932,-0.023,0.099,0.0,,,0.02,,,,,,,,,,,,,,,,,,,,,,,,,,,,,,,,,,,,,,,,,,,,,,,,,,,,,,,,,,,,,,,,,,,,,,0.109,-0.053,0.101,0.109,0.149,-0.204,-0.038,0.0,-0.012,0.0,0.009,0.013,-0.029,0.0,0.0,0.0,,,,,,,,,,0,609.6,,609.66,,,,,,,,,,,,,,,,,,,,,,,,,,,,611.55,611.55,611.55,611.55,611.55,611.57,,,,,,,,,,,,,,,,,,,,,,,,,,,,,,,,,,,,,T1,,,,,,,
6754,,,,,,,,,,,,,,,,,,,,,,,,,,,,,,,,,,,0.025,,,0.098,,0.02,0.045,,,,,,,,,,,,,,,,,,,,,,,,,,,,,,,,-0.035,,,-0.005,-0.181,0.063,-0.005,-0.02,0.112,-0.011,0.0,0.012,0.0,0.012,0.013,0.017,0.0,,0.0,,,,,,,,,,0,,,,,,,,,,,,,,979.97,,,,,,,,,,,,,,,,,997.14,997.14,997.14,997.14,997.14,,,,,,,,,,,,,,,,,,,,,T1,,T1,,,,,,,,,,,,,,,T1,,,,,,,
30081,,,,,,,,,,0.014,-0.034,,,,,,0.034,-0.151,,,,,,,,,,,,,,,,,,,,,,,,,,,,,,,,,,,,,,,,,,,,,,,,,,,,,,,,,,-0.03,-0.047,0.082,-0.03,0.075,0.138,-0.038,0.0,-0.003,0.0,0.017,0.013,0.108,0.0,0.0,0.0,,,,,,,,,,0,,,,,,,556.06,,,,,,,,,,,,,,,,,,,,,,,,557.68,557.68,557.68,557.68,557.68,557.7,,,,,,,,,,,,,,,,,,,,,,,,,,,,,,,,,,,,,,,,,,,,
12678,-0.14,-0.062,,-0.081,,,0.043,0.0,,,,,,,,,,,,,,,,,,,,,,,,,,,,,,,,,,,,,,,,,,,,,,,,,,,,,,,,,,,,,,,,,,,,-0.066,-0.155,-0.029,-0.066,0.125,-0.02,,,,,0.011,0.013,0.062,0.0,,0.0,,,,,,,,,,0,203.61,203.61,,,,,,,,,,,,,,,,,,,,,,,,,,,,,204.51,204.51,204.52,,204.52,,,,,,,,,,,,,,,,,,,,,,,,,,,,,,,,,,,,,,T1,,,,,,,
10110,-0.016,-0.201,0.0,,0.336,0.038,,,,,,,,,,,,,,,,,,,,,,,,,,,,,,,,,,,,,,,,,,,,,,,,,,,,,,,,,,,,,,,,,,,-0.035,,,0.02,0.049,0.104,0.02,-0.082,0.059,0.07,0.0,-0.004,0.0,0.012,0.013,0.108,0.0,,0.0,,,,,,,,,,0,1593.14,,1593.16,,,,,,,,,,,,,,,,,,,,,,,,,,,,1595.39,1595.39,1595.39,1595.39,1595.39,,,,,,,,,,,,,,,,,,,,,,,,,,,,,,,,,,,,,,T1,,,,,,,
54457,,,,,,,,,,,,,,,,,,,,,,,,,,,,,,,,,,,0.07,-0.008,0.185,,0.007,,0.108,,,,,,,,,,,,,,,,,,,,,,,,,,,,,,,,-0.035,,,0.13,0.042,0.082,0.13,0.008,-0.125,,,,,0.013,0.013,0.017,0.0,0.0,0.0,,,,,,,,,,0,,,,,,,,,,,,,,392.12,392.19,392.2,,,,,,,,,,,,,,,448.68,448.68,448.68,,448.68,448.7,,,,,,,,,,,,,,,,,,,,T1,,,,,,,,,,,,,,,,,T1,,,,,,,
43822,,,,,,,,,,0.006,,0.533,,,,,0.003,-0.253,,,,,,,,,,,,,,,,,,,,,,,,,,,,,,,,,,,,,,,,,,,,,,,,,,,,,,,,,,0.103,-0.117,0.082,0.103,0.0,-0.072,-0.011,0.0,-0.012,0.0,0.012,0.013,-0.119,0.0,,0.0,,,,,,,,,,0,,,,,585.08,,585.1,,,,,,,,,,,,,,,,,,,,,,,,589.07,589.07,589.07,589.07,589.07,,,,,,,,,,,,,,,,,,,,,,,,,,,,,,,,,,,,,,T1,,,,,,,
20881,-0.075,0.008,,-0.081,,0.087,,,,,,,,,,,,,,,,,,,,,,,,,,,,,,,,,,,,,,,,,,,,,,,,,,,,,,,,,,,,,,,,,,,,,,-0.271,0.163,0.082,-0.271,0.016,0.059,0.016,0.0,-0.012,0.0,0.012,0.013,-0.029,0.0,,0.0,,,,,,,,,,0,567.58,567.58,567.6,,,,,,,,,,,,,,,,,,,,,,,,,,,,569.21,569.21,569.21,569.21,569.21,,,,,,,,,,,,,,,,,,,,,,,,,,,,,,,,,,,,,,T1,,,,,,,
39241,,,,,,,,,,-0.006,0.066,,-0.01,0.077,0.26,,,,,,,,,,,,,,,,,,,,,,,,,,,,,,,,,,,,,,,,,,,,,,,,,,,,,,,,,,,,,-0.212,-0.212,0.037,-0.212,0.086,-0.02,,,,,0.012,0.013,-0.074,0.0,0.0,0.0,,,,,,,,,,0,,,,,,389.99,,,,,,,,,,,,,,,,,,,,,,,,,391.68,391.68,391.68,,391.68,391.69,,,,,,,,,,,,,,,,,,,,,,,,,,,,,,,,,,,,,,,,,,,,
35317,,,,,,,,,,0.002,-0.034,,0.24,,,0.051,,,,,,,,,,,,,,,,,,,,,,,,,,,,,,,,,,,,,,,,,,,,,,,,,,,,,,,,,,,,-0.132,0.023,0.104,-0.132,-0.106,0.27,0.097,0.0,-0.013,0.0,0.013,0.013,-0.165,0.0,,0.0,,,,,,,,,,0,,,,,,,,,,,,,,,,,,,,,,,,,,,,,,,1636.93,1636.93,1636.94,1636.94,1636.94,,,,,,,,,,,,,,,,,,,,,,,,,,,,,,,,,,,,,,T1,,,,,,,
50643,,,,,,,,,,0.006,,0.038,-0.01,-0.05,-0.143,,,,,,,,,,,,,,,,,,,,,,,,,,,,,,,,,,,,,,,,,,,,,,,,,,,,,,,,,,,,,-0.206,0.233,0.037,-0.206,,0.112,,,,,0.011,0.013,0.108,0.0,0.0,0.0,,,,,,,,,,0,,,,,246.58,246.61,,,,,,,,,,,,,,,,,,,,,,,,,247.67,247.67,247.68,,247.68,247.7,,,,,,,,,,,,,,,,,,,,,,,,,,,,,,,,,,,,,T1,,,,,,,
58150,-0.016,0.072,,0.019,-0.164,,0.056,-0.001,,,,,,,,,,,,,,,,,,,,,,,,,,,,,,,,,,,,,,,,,,,,,,,,,,,,,,,,,,,,,,,,,,,,-0.034,0.055,-0.702,-0.034,0.176,-0.151,,,,,0.008,0.013,0.017,0.0,0.0,0.0,,,,,,,,,,0,98.86,98.86,,,,,,,,,,,,,,,,,,,,,,,,,,,,,99.52,99.52,99.52,,99.52,99.54,,,,,,,,,,,,,,,,,,,,,,,,,,,,,,,,,,,,,,,,,,,,
11714,0.213,-0.121,,0.019,,-0.01,,,,,,,,,,,,,,,,,,,,,,,,,,,,,,,,,,,,,,,,,,,,,,,,,,,,,,,,,,,,,,,,,,,,,,-0.106,-0.053,0.104,-0.106,-0.094,0.217,0.151,0.0,-0.013,0.0,0.012,0.013,-0.119,0.0,0.0,0.0,,,,,,,,,,0,1631.38,1631.39,1631.41,,,,,,,,,,,,,,,,,,,,,,,,,,,,1633.43,1633.43,1633.44,1633.44,1633.44,1633.46,,,,,,,,,,,,,,,,,,,,,,,,,,,,,,,,,,,,,T1,,,,,,,
19999,-0.023,-0.067,0.0,,,,,,-0.046,,,,,,,,,,,,,,,,,,,,,,,,,,,,,,,,,,,,,,,,,,,,,,,,,,,,,,,,,,,,,,,,,,,0.084,0.042,0.057,0.084,-0.012,0.059,0.097,0.0,-0.013,0.0,0.013,0.013,-0.029,0.0,0.0,0.0,,,,,,,,,,0,910.14,,,910.19,,,,,,,,,,,,,,,,,,,,,,,,,,,913.71,913.71,913.71,913.71,913.71,913.73,,,,,,,,,,,,,,,,,,,,,,,,,,,,,,,,,,,,,T1,,,,,,,
22625,,,,,,,,,,,,,,,,,,,,,,,,,,,,,,,,,,,,,,,,,,0.12,-0.001,0.003,,-0.019,,-0.056,,,,,,,,,,,,,,,,,,,,,,,-0.116,0.167,,,,-0.031,0.036,0.063,-0.031,-0.047,-0.046,-0.038,0.0,-0.012,0.0,0.017,0.013,0.017,0.0,,0.0,,,,,,,,,,0,,,,,,,,,,,,,,,,,1176.17,,,,,,,,,,,,1194.17,,1196.76,1196.76,1196.76,1196.76,1196.76,,,,,,,,,,,,,,,,,,,,,,,,,,,,,,,,,,,,,,T1,,,,,,,
17639,,,,,,,,,,0.03,,-0.244,,,,,-0.035,-0.304,,,,,,,,,,,,,,,,,,,,,,,,,,,,,,,,,,,,,,,,,,,,,,,,,,,,,,,-0.035,,,-0.031,-0.028,0.063,-0.031,-0.075,0.059,-0.011,0.0,-0.012,0.0,0.017,0.013,-0.029,0.0,0.0,0.0,,,,,,,,,,0,,,,,1259.72,,1259.74,,,,,,,,,,,,,,,,,,,,,,,,1261.89,1261.89,1261.89,1261.89,1261.89,1261.91,,,,,,,,,,,,,,,,,,,,,,,,,,,,,,,,,,,,,T1,,,,,,,
13114,-0.121,-0.024,,0.019,-0.164,-0.118,,,,,,,,,,,,,,,,,,,,,,,,,,,,,,,,,,,,,,,,,,,,,,,,,,,,,,,,,,,,,,,,,,,,,,-0.081,0.042,0.104,-0.081,-0.078,0.164,0.07,0.0,-0.003,0.0,0.013,0.013,0.29,0.0,0.0,0.0,,,,,,,,,,0,1457.21,1457.22,1457.25,,,,,,,,,,,,,,,,,,,,,,,,,,,,1457.75,1457.75,1457.75,1457.75,1457.75,1457.77,,,,,,,,,,,,,,,,,,,,,,,,,,,,,,,,,,,,,T1,,,,,,,
31453,-0.062,-0.078,,-0.081,-0.164,-0.01,,,,,,,,,,,,,,,,,,,,,,,,,,,,,,,,,,,,,,,,,,,,,,,,,,,,,,,,,,,,,,,,,,,,,,0.058,-0.034,0.101,0.058,-0.008,-0.151,-0.092,0.0,-0.012,0.0,0.013,0.013,-0.165,0.0,0.0,0.0,,,,,,,,,,0,594.17,594.18,594.2,,,,,,,,,,,,,,,,,,,,,,,,,,,,603.75,603.75,603.75,603.75,603.75,603.78,,,,,,,,,,,,,,,,,,,,,,,,,,,,,,,,,,,,,T1,,,,,,,
41660,-0.101,0.051,0.0,,,,0.075,0.0,,,,,,,,,,,,,,,,,,,,,,,,,,,,,,,,,,,,,,,,,,,,,,,,,,,,,,,,,,,,,,,,,,,,-0.005,-0.117,0.104,-0.005,-0.082,0.086,0.205,0.0,0.021,0.0,0.011,0.013,-0.074,0.0,0.0,0.0,,,,,,,,,,0,1518.09,,,,,,,,,,,,,,,,,,,,,,,,,,,,,,1525.82,1525.82,1525.82,1525.82,1525.82,1525.84,,,,,,,,,,,,,,,,,,,,,,,,,,,,,,,,,,,,,,,,,,,,
16946,,,,,,,,,,,,,,,,,,,,,,,,,,,,,,,,,,,-0.027,-0.008,-0.07,,-0.056,,-0.007,,,,,,,,,,,,,,,,,,,,,,,,,,,,,,0.121,-0.173,,,,0.058,0.068,0.057,0.058,0.043,-0.257,-0.146,0.0,-0.004,0.0,0.017,0.013,-0.029,0.0,0.0,0.0,,,,,,,,,,0,,,,,,,,,,,,,,676.79,676.8,676.8,,,,,,,,,,,,,716.89,,719.43,719.43,719.44,719.44,719.44,719.46,,,,,,,,,,,,,,,,,,,,T1,,,,,,,,,,,,,,,,,,,,,,,,
47433,,,,,,,,,,0.006,-0.034,,,,,,0.003,0.104,,,,,,,,,,,,,,,,,,,,,,,,,,,,,,,,,,,,,,,,,,,,,,,,,,,,,,,,,,0.109,-0.212,0.101,0.109,-0.008,-0.178,-0.092,0.0,-0.012,0.0,0.012,0.013,-0.029,0.0,0.0,0.0,,,,,,,,,,0,,,,,,,687.29,,,,,,,,,,,,,,,,,,,,,,,,689.56,689.56,689.56,689.56,689.56,689.58,,,,,,,,,,,,,,,,,,,,,,,,,,,,,,,,,,,,,T1,,,,,,,
24783,0.082,0.083,0.0,,-0.164,0.091,,,,,,,,,,,,,,,,,,,,,,,,,,,,,,,,,,,,,,,,,,,,,,,,,,,,,,,,,,,,,,,,,,,,,,0.16,-0.015,0.082,0.16,0.039,-0.178,,,,,0.014,0.013,0.017,0.0,,0.0,,,,,,,,,,0,520.14,,520.16,,,,,,,,,,,,,,,,,,,,,,,,,,,,521.0,521.0,521.01,,521.01,,,,,,,,,,,,,,,,,,,,,,,,,,,,,,,,,,,,,,T1,,,,,,,
55173,,,,,,,,,,,,,,,,,,,,,,,,,,,,,,,,,,,,,,,,,,,,,,,,,,,,,,,,,,,,,,,,,,,,,,,-0.199,-0.002,,,,0.184,-0.066,0.082,0.184,0.094,-0.099,,,,,0.002,0.013,,,,0.0,,,,,,,,,,0,,,,,,,,,,,,,,,,,,,,,,,,,,,,,436.48,,474.75,474.75,474.75,,474.75,,,,,,,,,,,,,,,,,,,,,,,,,,,,,,,,,,,,,,T1,,,,,,,
52573,0.036,0.051,,-0.081,,,,,0.02,,,,,,,,,,,,,,,,,,,,,,,,,,,,,,,,,,,,,,,,,,,,,,,,,,,,,,,,,,,,,,,,,,,-0.156,0.081,0.037,-0.156,0.071,-0.099,,,,,0.011,0.013,0.062,0.0,0.0,0.0,,,,,,,,,,0,248.66,248.66,,248.68,,,,,,,,,,,,,,,,,,,,,,,,,,,250.36,250.36,250.37,,250.37,250.39,,,,,,,,,,,,,,,,,,,,,,,,,,,,,,,,,,,,,,,,,,,,
39239,,,,,,,,,,-0.006,,-0.088,,,,,-0.026,-0.121,,,,,,,,,,,,,,,,,,,,,,,,,,,,,,,,,,,,,,,,,,,,,,,,,,,,,,,,,,-0.229,-0.225,-0.029,-0.229,0.055,0.033,,,,,0.01,0.013,0.017,0.0,0.0,0.0,,,,,,,,,,0,,,,,200.74,,200.75,,,,,,,,,,,,,,,,,,,,,,,,201.75,201.75,201.76,,201.76,201.78,,,,,,,,,,,,,,,,,,,,,,,,,,,,,,,,,,,,,,,,,,,,
6175,-0.075,0.035,0.0,,,-0.079,,,,,,,,,,,,,,,,,,,,,,,,,,,,,,,,,,,,,,,,,,,,,,,,,,,,,,,,,,,,,,,,,,,,,,-0.157,-0.021,0.082,-0.157,-0.071,0.164,0.124,0.0,-0.012,0.0,-0.969,-0.987,0.108,0.0,,0.0,,,,,,,,,,0,1331.15,,1331.18,,,,,,,,,,,,,,,,,,,,,,,,,,,,1339.35,1339.35,1339.41,1339.41,1339.41,,,,,,,,,,,,,,,,,,,,,,,,,,,,,,,,,,,,,,,,,,,,,
43243,0.036,-0.014,0.0,,-0.164,,,,0.017,,,,,,,,,,,,,,,,,,,,,,,,,,,,,,,,,,,,,,,,,,,,,,,,,,,,,,,,,,,,,,,,,,,0.181,0.253,0.037,0.181,0.075,-0.125,,,,,0.016,0.013,0.199,0.0,,0.0,,,,,,,,,,0,336.48,,,336.51,,,,,,,,,,,,,,,,,,,,,,,,,,,338.22,338.22,338.23,,338.23,,,,,,,,,,,,,,,,,,,,,,,,,,,,,,,,,,,,,,T1,,,,,,,
22879,-0.082,0.067,,-0.081,,,0.055,-0.001,,,,,,,,,,,,,,,,,,,,,,,,,,,,,,,,,,,,,,,,,,,,,,,,,,,,,,,,,,,,,,,,,,,,-0.004,-0.034,0.082,-0.004,0.157,-0.099,-0.038,0.0,-0.012,0.0,0.01,0.013,0.062,0.0,,0.0,,,,,,,,,,0,559.01,559.02,,,,,,,,,,,,,,,,,,,,,,,,,,,,,560.84,560.84,560.85,560.85,560.85,,,,,,,,,,,,,,,,,,,,,,,,,,,,,,,,,,,,,,T1,,,,,,,
47765,,,,,,,,,,,,,,,,,,,,,,,,,,,,,,,,,,,-0.119,,,-0.109,,0.148,-0.167,,,,,,,,,,,,,,,,,,,,,,,,,,,,,,,,,,,0.109,0.112,0.057,0.109,0.0,0.007,-0.038,0.0,-0.013,0.0,0.012,0.013,-0.119,0.0,0.0,0.0,,,,,,,,,,1,,,,,,,,,,,,,,803.92,,,,,,,,,,,,,,,,,808.49,808.49,808.5,808.5,808.5,808.52,,,,,,,,,,,,,,,,,,,,T1,,T1,,,,,,,,,,,,,,,T1,,,,,,,
50608,-0.108,-0.11,0.0,,-0.164,,-0.035,0.0,,,,,,,,,,,,,,,,,,,,,,,,,,,,,,,,,,,,,,,,,,,,,,,,,,,,,,,,,,,,,,,,,,,,-0.011,0.176,0.037,-0.011,-0.024,-0.072,,,,,0.012,0.013,0.108,0.0,0.0,0.0,,,,,,,,,,0,347.04,,,,,,,,,,,,,,,,,,,,,,,,,,,,,,349.41,349.41,349.41,,349.41,349.44,,,,,,,,,,,,,,,,,,,,,,,,,,,,,,,,,,,,,,,,,,,,
1350,0.069,-0.067,0.0,,-0.164,,,,-0.139,,,,,,,,,,,,,,,,,,,,,,,,,,,,,,,,,,,,,,,,,,,,,,,,,,,,,,,,,,,,,,0.023,0.048,,,,0.008,0.023,0.101,0.008,0.102,-0.046,0.016,0.0,0.021,0.0,0.011,0.013,-0.074,0.0,,0.0,,,,,,,,,,1,640.2,,,640.23,,,,,,,,,,,,,,,,,,,,,,,,,642.81,,653.47,653.47,653.48,653.48,653.48,,,,,,,,,,,,,,,,,,,,,,,,,,,,,,,,,,,,,,T1,,,,,,,
8917,0.082,0.115,,0.019,,,-0.055,-0.003,,,,,,,,,,,,,,,,,,,,,,,,,,,,,,,,,,,,,,,,,,,,,,,,,,,,,,,,,,,,,,,,,,,,-0.031,0.023,0.063,-0.031,-0.027,-0.125,-0.092,0.0,-0.011,0.0,0.009,0.013,0.108,0.0,0.0,0.0,,,,,,,,,,0,975.52,975.52,,,,,,,,,,,,,,,,,,,,,,,,,,,,,978.1,978.1,978.11,978.11,978.11,978.12,,,,,,,,,,,,,,,,,,,,,,,,,,,,,,,,,,,,,T1,,,,,,,
39229,0.043,0.104,0.0,,0.336,,,,0.065,,,,,,,,,,,,,,,,,,,,,,,,,,,,,,,,,,,,,,,,,,,,,,,,,,,,,,,,,,,,,,,,-0.035,,,-0.031,-0.079,0.063,-0.031,-0.059,0.164,-0.011,0.0,0.022,0.0,0.012,0.013,-0.119,0.0,0.0,0.0,,,,,,,,,,0,1247.57,,,1247.6,,,,,,,,,,,,,,,,,,,,,,,,,,,1259.25,1259.25,1259.25,1259.25,1259.25,1259.27,,,,,,,,,,,,,,,,,,,,,,,,,,,,,,,,,,,,,T1,,,,,,,
50752,0.115,-0.126,0.0,,,0.061,,,,,,,,,,,,,,,,,,,,,,,,,,,,,,,,,,,,,,,,,,,,,,,,,,,,,,,,,,,,,,,,,,,,,,-0.081,-0.079,0.096,-0.081,0.047,0.007,0.016,0.0,-0.014,0.0,0.011,0.013,-0.029,0.0,0.0,0.0,,,,,,,,,,0,1713.68,,1713.71,,,,,,,,,,,,,,,,,,,,,,,,,,,,1718.41,1718.41,1718.41,1718.41,1718.41,1718.44,,,,,,,,,,,,,,,,,,,,,,,,,,,,,,,,,,,,,T1,,,,,,,
23542,0.088,0.024,,-0.081,-0.164,,-0.239,0.0,,,,,,,,,,,,,,,,,,,,,,,,,,,,,,,,,,,,,,,,,,,,,,,,,,,,,,,,,,,,,,,,,,,,-0.005,-0.021,0.104,-0.005,-0.043,-0.046,0.016,0.0,0.012,0.0,0.013,0.013,0.199,0.0,0.0,0.0,,,,,,,,,,0,1647.4,1647.41,,,,,,,,,,,,,,,,,,,,,,,,,,,,,1649.88,1649.88,1649.88,1649.88,1649.88,1649.89,,,,,,,,,,,,,,,,,,,,,,,,,,,,,,,,,,,,,T1,,,,,,,
26200,,,,,,,,,,,,,,,,,,,,,,,,,,,,,,,,,,,0.098,,,0.428,-0.111,,-0.018,,,,,,,,,,,,,,,,,,,,,,,,,,,,,,-0.167,-0.05,,,,0.07,-0.028,0.063,0.07,-0.035,-0.046,0.016,0.0,-0.003,0.0,0.011,0.013,0.062,0.0,0.0,0.0,,,,,,,,,,0,,,,,,,,,,,,,,1174.86,,1174.89,,,,,,,,,,,,,1179.6,,1188.08,1188.08,1188.08,1188.08,1188.08,1188.11,,,,,,,,,,,,,,,,,,,,T1,,T1,,,,,,,,,,,,,,,,,,,,,,
28615,,,,,,,,,,-0.018,,0.045,,-0.022,0.148,,,,,,,,,,,,,,,,,,,,,,,,,,,,,,,,,,,,,,,,,,,,,,,,,,,,,,,,,,,,,0.168,0.1,-0.029,0.168,0.016,0.086,,,,,0.005,0.013,-0.029,0.0,0.0,0.0,,,,,,,,,,0,,,,,183.59,183.62,,,,,,,,,,,,,,,,,,,,,,,,,185.66,185.66,185.67,,185.67,185.69,,,,,,,,,,,,,,,,,,,,,,,,,,,,,,,,,,,,,T1,,,,,,,
15292,,,,,,,,,,,,,,,,,,,,,,,,,,,,,,,,,,,-0.059,-0.008,-0.057,,-0.111,,-0.034,,,,,,,,,,,,,,,,,,,,,,,,,,,,,,-0.165,-0.076,,,,-0.081,0.004,0.063,-0.081,-0.043,0.059,0.097,0.0,0.022,0.0,0.014,0.013,0.062,0.0,0.0,0.0,,,,,,,,,,0,,,,,,,,,,,,,,1175.46,1175.46,1175.47,,,,,,,,,,,,,1190.35,,1193.89,1193.89,1193.89,1193.89,1193.89,1193.91,,,,,,,,,,,,,,,,,,,,T1,,,,,,,,,,,,,,,,,T1,,,,,,,
55535,-0.003,0.072,,0.019,-0.164,,-0.001,0.002,,,,,,,,,,,,,,,,,,,,,,,,,,,,,,,,,,,,,,,,,,,,,,,,,,,,,,,,,,,,,,,,,,,,0.131,-0.193,0.037,0.131,0.137,-0.125,,,,,0.011,0.013,0.244,0.0,0.0,0.0,,,,,,,,,,0,324.61,324.62,,,,,,,,,,,,,,,,,,,,,,,,,,,,,333.6,333.6,333.6,,333.6,333.62,,,,,,,,,,,,,,,,,,,,,,,,,,,,,,,,,,,,,T1,,,,,,,
5840,,,,,,,,,,,,,,,,,,,0.068,-0.067,0.012,-0.051,,,0.012,-0.082,,,,,,,,,,,,,,,,,,,,,,,,,,,,,,,,,,,,,,,,,,,,,-0.024,0.077,,,,0.084,0.093,0.057,0.084,-0.027,0.059,-0.065,0.0,-0.012,0.0,0.012,0.013,0.062,0.0,,0.0,,,,,,,,,,0,,,,,,,,804.09,804.09,804.09,,,,,,,,,,,,,,,,,,,808.05,,811.61,811.61,811.61,811.61,811.61,,,,,,,,,,,,,T1,,,T3,,,,,,,,,,,,,,,,,,,,,,T1,,,,,,,
21140,-0.095,-0.051,,0.019,-0.164,0.039,,,,,,,,,,,,,,,,,,,,,,,,,,,,,,,,,,,,,,,,,,,,,,,,,,,,,,,,,,,,,,,,,,,,,,0.07,-0.028,0.082,0.07,0.0,0.007,,,,,0.014,0.013,0.062,0.0,0.0,0.0,,,,,,,,,,0,490.03,490.04,490.07,,,,,,,,,,,,,,,,,,,,,,,,,,,,491.25,491.25,491.25,,491.25,491.28,,,,,,,,,,,,,,,,,,,,,,,,,,,,,,,,,,,,,,,,,,,,
59770,-0.049,-0.142,,0.119,-0.164,,,,-0.016,,,,,,,,,,,,,,,,,,,,,,,,,,,,,,,,,,,,,,,,,,,,,,,,,,,,,,,,,,,,,,,,,,,0.045,-0.034,0.063,0.045,-0.047,0.059,-0.065,0.0,-0.004,0.0,0.012,0.013,0.108,0.0,0.0,0.0,,,,,,,,,,0,1153.44,1153.44,,1153.48,,,,,,,,,,,,,,,,,,,,,,,,,,,1154.33,1154.33,1154.33,1154.33,1154.33,1154.35,,,,,,,,,,,,,,,,,,,,,,,,,,,,,,,,,,,,,T1,,,,,,,
22024,0.108,-0.11,0.0,,-0.164,,-0.092,0.001,,,,,,,,,,,,,,,,,,,,,,,,,,,0.117,-0.064,-0.039,,-0.129,,0.169,,,,,,,,,,,,,,,,,,,,,,,,,,,,,,,,,,,-0.106,0.042,0.104,-0.106,-0.094,0.086,0.097,0.0,-0.013,0.0,0.013,0.013,0.062,0.0,0.0,0.0,,,,,,,,,,0,1650.96,,,,,,,,,,,,,1651.44,1651.44,1651.45,,,,,,,,,,,,,,,1658.98,1658.98,1658.99,1658.99,1658.99,1659.01,,,,,,,,,,,,,,,,,,,,T1,,,,,,,,,,,,,,,,,T1,,,,,,,
32823,,,,,,,,,,0.018,-0.034,,-0.01,,,-0.087,,,,,,,,,,,,,,,,,,,,,,,,,,,,,,,,,,,,,,,,,,,,,,,,,,,,,,,,,,,,0.045,-0.142,0.082,0.045,-0.047,0.296,0.016,0.0,-0.012,0.0,0.01,0.013,0.153,0.0,,0.0,,,,,,,,,,0,,,,,,,,,,,,,,,,,,,,,,,,,,,,,,,1425.25,1425.25,1425.26,1425.26,1425.26,,,,,,,,,,,,,,,,,,,,,,,,,,,,,,,,,,,,,,,,,,,,,
24520,-0.01,0.158,,0.019,,,,,-0.019,,,,,,,,,,,,,,,,,,,,,,,,,,,,,,,,,,,,,,,,,,,,,,,,,,,,,,,,,,,,,,,,,,,-0.056,-0.06,0.063,-0.056,0.004,0.138,-0.011,0.0,-0.013,0.0,0.016,0.013,0.108,0.0,,0.0,,,,,,,,,,0,972.16,972.17,,972.19,,,,,,,,,,,,,,,,,,,,,,,,,,,974.03,974.03,974.03,974.03,974.03,,,,,,,,,,,,,,,,,,,,,,,,,,,,,,,,,,,,,,T1,,,,,,,
36970,0.062,-0.046,,0.019,-0.164,,-0.033,0.001,,,,,,,,,,,,,,,,,,,,,,,,,,,,,,,,,,,,,,,,,,,,,,,,,,,,,,,,,,,,,,,,,,,,-0.081,0.004,0.104,-0.081,-0.078,0.033,0.043,0.0,0.029,0.0,0.011,0.013,0.153,0.0,,0.0,,,,,,,,,,0,1594.98,1594.99,,,,,,,,,,,,,,,,,,,,,,,,,,,,,1598.89,1598.89,1598.9,1598.9,1598.9,,,,,,,,,,,,,,,,,,,,,,,,,,,,,,,,,,,,,,,,,,,,,
25320,0.043,0.061,0.0,,-0.164,0.018,,,,,,,,,,,,,,,,,,,,,,,,,,,,,,,,,,,,,,,,,,,,,,,,,,,,,,,,,,,,,,,,,,,,,,-0.182,-0.015,0.063,-0.182,-0.043,-0.046,0.016,0.0,-0.012,0.0,0.013,0.013,-0.21,0.0,,0.0,,,,,,,,,,0,1227.2,,1227.23,,,,,,,,,,,,,,,,,,,,,,,,,,,,1238.91,1238.91,1238.91,1238.91,1238.91,,,,,,,,,,,,,,,,,,,,,,,,,,,,,,,,,,,,,,,,,,,,,
13492,,,,,,,,,,,,,,,,,,,,,,,,,,,,,,,,,,,0.149,-0.008,0.346,,0.053,,0.219,,,,,,,,,,,,,,,,,,,,,,,,,,,,,,-0.186,-0.137,,,,0.104,0.011,0.037,0.104,0.098,-0.125,,,,,0.018,0.013,0.017,0.0,0.0,0.0,,,,,,,,,,0,,,,,,,,,,,,,,373.2,373.21,373.21,,,,,,,,,,,,,416.25,,421.37,421.37,421.37,,421.37,421.39,,,,,,,,,,,,,,,,,,,,T1,,,,,,,,,,,,,,,,,T1,,,,,,,
9781,0.01,-0.056,0.0,,,0.021,,,,,,,,,,,,,,,,,,,,,,,,,,,,,,,,,,,,,,,,,,,,,,,,,,,,,,,,,,,,,,,,,,,,,,0.045,-0.168,0.082,0.045,0.043,-0.02,0.097,0.0,-0.012,0.0,0.01,0.013,,,,0.0,,,,,,,,,,0,1291.51,,1291.54,,,,,,,,,,,,,,,,,,,,,,,,,,,,1294.76,1294.76,1294.77,1294.77,1294.77,,,,,,,,,,,,,,,,,,,,,,,,,,,,,,,,,,,,,,,,,,,,,
16153,,,,,,,,,,0.002,,0.109,-0.01,0.041,0.173,,,,,,,,,,,,,,,,,,,,,,,,,,,,,,,,,,,,,,,,,,,,,,,,,,,,,,,,,,,,,-0.033,-0.066,0.037,-0.033,-0.031,-0.204,,,,,0.012,0.013,0.017,0.0,,0.0,,,,,,,,,,0,,,,,381.84,381.86,,,,,,,,,,,,,,,,,,,,,,,,,389.88,389.88,389.88,,389.88,,,,,,,,,,,,,,,,,,,,,,,,,,,,,,,,,,,,,,T1,,,,,,,
27124,,,,,,,,,,,,,,,,,,,,,,,,,,,,,,,,,,,0.098,,,0.049,0.171,,0.054,,,,,,,,,,,,,,,,,,,,,,,,,,,,,,0.365,-0.035,,,,0.109,0.03,0.057,0.109,-0.031,0.059,-0.254,0.0,0.004,0.0,0.011,0.013,0.108,0.0,0.0,0.0,,,,,,,,,,0,,,,,,,,,,,,,,775.47,,775.48,,,,,,,,,,,,,785.34,,790.26,790.26,790.27,790.27,790.27,790.28,,,,,,,,,,,,,,,,,,,,T1,,T1,,,,,,,,,,,,,,,T1,,,,,,,
37049,,,,,,,,,,,,,,,,,,,,,,,,,,,,,,,,,,,,,,,,,,,,,,,,,0.001,,,,,,,,,0.009,-0.007,,0.283,,0.098,,,,,,,,-0.349,0.05,,,,0.02,-0.072,0.063,0.02,-0.051,0.112,-0.065,0.0,-0.012,0.0,0.013,0.013,-0.119,0.0,0.0,0.0,,,,,,,,,,0,,,,,,,,,,,,,,,,,,,,,,,1162.83,,1162.84,,,,1179.45,,1183.1,1183.1,1183.11,1183.11,1183.11,1183.12,,,,,,,,,,,,,,,,,,,,,,,,,,,,,,,,,,,,,T1,,,,,,,
11577,,,,,,,,,,,,,,,,,,,,,,,,,,,,,,,,,,,0.044,-0.008,-0.087,,-0.084,,0.056,,,,,,,,,,,,,,,,,,,,,,,,,,,,,,0.092,0.042,,,,0.033,-0.04,0.057,0.033,-0.02,-0.046,-0.092,0.0,0.021,0.0,0.017,0.013,-0.119,0.0,,0.0,,,,,,,,,,0,,,,,,,,,,,,,,724.81,724.82,724.82,,,,,,,,,,,,,757.8,,760.3,760.3,760.31,760.31,760.31,,,,,,,,,,,,,,,,,,,,,T1,,,,,,,,,,,,,,,,,T1,,,,,,,
29599,,,,,,,,,,-0.01,,-0.201,,-0.095,-0.251,,,,,,,,,,,,,,,,,,,,,,,,,,,,,,,,,,,,,,,,,,,,,,,,,,,,,,,,0.035,-0.041,,,,0.045,-0.047,0.063,0.045,0.039,0.086,-0.2,0.0,-0.001,0.0,0.018,0.013,0.244,0.0,,0.0,,,,,,,,,,0,,,,,1128.51,1128.54,,,,,,,,,,,,,,,,,,,,,,,1128.61,,1140.15,1140.15,1140.15,1140.15,1140.15,,,,,,,,,,,,,,,,,,,,,,,,,,,,,,,,,,,,,,T1,,,,,,,
7391,0.108,0.2,0.0,,-0.164,,-0.012,0.0,,,,,,,,,,,,,,,,,,,,,,,,,,,,,,,,,,,,,,,,,,,,,,,,,,,,,,,,,,,,,,,,,-0.035,,,0.084,0.119,0.063,0.084,-0.059,0.007,-0.038,0.0,-0.013,0.0,0.014,0.013,0.017,0.0,0.0,0.0,,,,,,,,,,0,925.05,,,,,,,,,,,,,,,,,,,,,,,,,,,,,,930.1,930.1,930.1,930.1,930.1,930.12,,,,,,,,,,,,,,,,,,,,,,,,,,,,,,,,,,,,,T1,,,,,,,
9978,,,,,,,,,,,,,,,,,,,,,,,,,,,,,,,,,,,,,,,,,,0.025,0.0,0.002,,-0.015,,-0.087,,,,,,,,,,,,,,,,,,,,,,,0.015,-0.045,,,,0.045,-0.009,0.063,0.045,-0.063,-0.151,0.124,0.0,-0.003,0.0,0.016,0.013,0.199,0.0,,0.0,,,,,,,,,,0,,,,,,,,,,,,,,,,,1180.64,,,,,,,,,,,,1198.76,,1209.07,1209.07,1209.07,1209.07,1209.07,,,,,,,,,,,,,,,,,,,,,,,,,,,,,,,,,,,,,,T1,,,,,,,
35798,-0.088,-0.158,0.0,,0.336,,0.005,0.0,,,,,,,,,,,,,,,,,,,,,,,,,,,,,,,,,,,,,,,,,,,,,,,,,,,,,,,,,,,,,,,,,,,,-0.056,0.023,0.104,-0.056,-0.086,0.217,0.178,0.0,-0.004,0.0,0.011,0.013,-0.074,0.0,,0.0,,,,,,,,,,0,1584.52,,,,,,,,,,,,,,,,,,,,,,,,,,,,,,1591.62,1591.62,1591.62,1591.62,1591.62,,,,,,,,,,,,,,,,,,,,,,,,,,,,,,,,,,,,,,T1,,,,,,,
27610,0.121,0.061,0.0,,-0.164,,-0.099,0.001,,,,,,,,,,,,,,,,,,,,,,,,,,,,,,,,,,,,,,,,,,,,,,,,,,,,,,,,,,,,,,,,,,,,0.045,0.074,0.063,0.045,-0.031,-0.046,0.043,0.0,0.021,0.0,0.014,0.013,0.153,0.0,0.0,0.0,,,,,,,,,,0,1148.25,,,,,,,,,,,,,,,,,,,,,,,,,,,,,,1148.9,1148.9,1148.9,1148.9,1148.9,1148.93,,,,,,,,,,,,,,,,,,,,,,,,,,,,,,,,,,,,,T1,,,,,,,
975,-0.075,0.013,,0.019,,,-0.01,0.0,,,,,,,,,,,,,,,,,,,,,,,,,,,,,,,,,,,,,,,,,,,,,,,,,,,,,,,,,,,,,,,,,,,,-0.106,-0.015,0.104,-0.106,-0.078,0.112,0.07,0.0,-0.005,0.0,0.012,0.013,-0.119,0.0,,0.0,,,,,,,,,,0,1566.11,1566.11,,,,,,,,,,,,,,,,,,,,,,,,,,,,,1568.23,1568.23,1568.23,1568.23,1568.23,,,,,,,,,,,,,,,,,,,,,,,,,,,,,,,,,,,,,,T1,,,,,,,
37857,-0.01,-0.137,0.0,,-0.164,0.285,,,,,,,,,,,,,,,,,,,,,,,,,,,,,,,,,,,,,,,,,,,,,,,,,,,,,,,,,,,,,,,,,0.092,0.153,,,,0.065,0.049,0.037,0.065,0.075,-0.204,,,,,0.011,0.013,0.199,0.0,0.0,0.0,,,,,,,,,,0,343.19,,343.22,,,,,,,,,,,,,,,,,,,,,,,,,,343.44,,348.61,348.61,348.62,,348.62,348.63,,,,,,,,,,,,,,,,,,,,,,,,,,,,,,,,,,,,,T1,,,,,,,
28137,-0.029,0.051,,0.019,,-0.021,,,,,,,,,,,,,,,,,,,,,,,,,,,,,,,,,,,,,,,,,,,,,,,,,,,,,,,,,,,,,,,,,,,,,,0.02,-0.123,0.063,0.02,-0.039,-0.125,0.07,0.0,0.024,0.0,0.013,0.013,0.153,0.0,0.0,0.0,,,,,,,,,,0,1125.84,1125.84,1125.87,,,,,,,,,,,,,,,,,,,,,,,,,,,,1127.4,1127.4,1127.41,1127.41,1127.41,1127.42,,,,,,,,,,,,,,,,,,,,,,,,,,,,,,,,,,,,,T1,,,,,,,
9623,0.082,0.142,0.0,,,,,,0.083,,,,,,,,,,,,,,,,,,,,,,,,,,,,,,,,,,,,,,,,,,,,,,,,,,,,,,,,,,,,,,,,,,,-0.009,0.1,-0.702,-0.009,0.106,0.086,,,,,0.01,0.013,-0.029,0.0,0.0,0.0,,,,,,,,,,0,139.62,,,139.66,,,,,,,,,,,,,,,,,,,,,,,,,,,140.16,140.16,140.17,,140.17,140.2,,,,,,,,,,,,,,,,,,,,,,,,,,,,,,,,,,,,,T1,,,,,,,
59572,-0.055,0.099,,0.019,-0.164,,0.039,0.001,,,,,,,,,,,,,,,,,,,,,,,,,,,,,,,,,,,,,,,,,,,,,,,,,,,,,,,,,,,,,,,,,-0.035,,,-0.106,-0.021,0.063,-0.106,-0.02,0.033,0.07,0.0,0.012,0.0,0.013,0.013,-0.119,0.0,0.0,0.0,,,,,,,,,,0,959.97,959.97,,,,,,,,,,,,,,,,,,,,,,,,,,,,,962.93,962.93,962.94,962.94,962.94,962.98,,,,,,,,,,,,,,,,,,,,,,,,,,,,,,,,,,,,,T1,,,,,,,
34190,-0.095,-0.024,0.0,,-0.164,0.027,,,,,,,,,,,,,,,,,,,,,,,,,,,,,,,,,,,,,,,,,,,,,,,,,,,,,,,,,,,,,,,,,,,,,,-0.07,0.163,0.082,-0.07,0.039,-0.099,-0.038,0.0,0.013,0.0,0.013,0.013,-0.029,0.0,0.0,0.0,,,,,,,,,,0,571.06,,571.09,,,,,,,,,,,,,,,,,,,,,,,,,,,,572.76,572.76,572.77,572.77,572.77,572.78,,,,,,,,,,,,,,,,,,,,,,,,,,,,,,,,,,,,,T1,,,,,,,
49650,,,,,,,,,,,,,,,,,,,,,,,,,,,,,,,,,,,-0.203,-0.008,0.006,,,0.02,-0.081,,,,,,,,,,,,,,,,,,,,,,,,,,,,,,0.074,-0.173,,,,,,,,,-0.02,0.124,0.0,-0.012,0.0,0.014,0.013,-0.119,0.0,,0.0,,,,,,,,,,0,,,,,,,,,,,,,,1213.83,1213.94,,,,,,,,,,,,,,1221.95,,,,1226.23,1226.23,1226.23,,,,,,,,,,,,,,,,,,,,,T1,,,,,,,,,,,,,,,,,,,,,,,,
2724,,,,,,,,,,0.026,-0.034,,,,,,0.001,0.012,,,,,,,,,,,,,,,,,,,,,,,,,,,,,,,,,,,,,,,,,,,,,,,,,,,,,,,-0.035,,,-0.031,0.023,0.063,-0.031,-0.067,0.086,-0.065,0.0,-0.012,0.0,0.016,0.013,0.153,0.0,,0.0,,,,,,,,,,0,,,,,,,1259.79,,,,,,,,,,,,,,,,,,,,,,,,1262.05,1262.05,1262.05,1262.05,1262.05,,,,,,,,,,,,,,,,,,,,,,,,,,,,,,,,,,,,,,,,,,,,,
7114,-0.042,0.035,,-0.081,,,,,-0.022,,,,,,,,,,,,,,,,,,,,,,,,,,,,,,,,,,,,,,,,,,,,,,,,,,,,,,,,,,,,,,,,,,,-0.08,0.004,0.082,-0.08,0.106,-0.125,0.016,0.0,0.013,0.0,0.012,0.013,-0.029,0.0,0.0,0.0,,,,,,,,,,0,558.5,558.51,,558.53,,,,,,,,,,,,,,,,,,,,,,,,,,,560.43,560.43,560.43,560.43,560.43,560.44,,,,,,,,,,,,,,,,,,,,,,,,,,,,,,,,,,,,,T1,,,,,,,
46645,0.036,0.12,0.0,,,,0.056,0.0,,,,,,,,,,,,,,,,,,,,,,,,,,,,,,,,,,,,,,,,,,,,,,,,,,,,,,,,,,,,,,,,,,,,0.205,0.011,-0.725,0.205,,0.033,,,,,0.009,0.013,0.153,0.0,,0.0,,,,,,,,,,0,2.31,,,,,,,,,,,,,,,,,,,,,,,,,,,,,,4.22,4.22,4.23,,4.23,,,,,,,,,,,,,,,,,,,,,,,,,,,,,,,,,,,,,,T1,,,,,,,
36045,-0.16,0.04,0.0,,0.336,-0.053,,,,,,,,,,,,,,,,,,,,,,,,,,,,,,,,,,,,,,,,,,,,,,,,,,,,,,,,,,,,,,,,,,,,,,-0.04,0.036,-0.029,-0.04,,0.086,,,,,0.007,0.013,0.108,0.0,0.0,0.0,,,,,,,,,,0,203.63,,203.65,,,,,,,,,,,,,,,,,,,,,,,,,,,,204.46,204.46,204.46,,204.46,204.49,,,,,,,,,,,,,,,,,,,,,,,,,,,,,,,,,,,,,T1,,,,,,,
41118,,,,,,,,,,-0.014,-0.034,,,0.081,0.168,,,,,,,,,,,,,,,,,,,,,,,,,,,,,,,,,,,,,,,,,,,,,,,,,,,,,,,,,,,,,-0.085,0.144,-0.702,-0.085,0.09,-0.072,,,,,0.011,0.013,-0.029,0.0,,0.0,,,,,,,,,,0,,,,,,122.15,,,,,,,,,,,,,,,,,,,,,,,,,130.8,130.8,130.8,,130.8,,,,,,,,,,,,,,,,,,,,,,,,,,,,,,,,,,,,,,T1,,,,,,,
29808,0.043,0.131,0.0,,-0.164,,,,-0.053,,,,,,,,,,,,,,,,,,,,,,,,,,,,,,,,,,,,,,,,,,,,,,,,,,,,,,,,,,,,,,,,,,,0.109,0.03,0.063,0.109,0.078,0.059,-0.038,0.0,0.008,0.0,0.013,0.013,0.062,0.0,0.0,0.0,,,,,,,,,,0,939.29,,,939.32,,,,,,,,,,,,,,,,,,,,,,,,,,,943.97,943.97,943.98,943.98,943.98,944.0,,,,,,,,,,,,,,,,,,,,,,,,,,,,,,,,,,,,,,,,,,,,
16575,-0.049,0.072,0.0,,0.336,,,,0.058,,,,,,,,,,,,,,,,,,,,,,,,,,,,,,,,,,,,,,,,,,,,,,,,,,,,,,,,,,,,,,,,,,,0.016,0.074,-0.702,0.016,-0.451,0.033,,,,,0.012,0.013,-0.029,0.0,,0.0,,,,,,,,,,0,78.68,,,78.71,,,,,,,,,,,,,,,,,,,,,,,,,,,85.03,85.03,85.04,,85.04,,,,,,,,,,,,,,,,,,,,,,,,,,,,,,,,,,,,,,T1,,,,,,,
56524,,,,,,,,,,0.026,0.066,,,,,,-0.021,-0.08,,,,,,,,,,,,,,,,,,,,,,,,,,,,,,,,,,,,,,,,,,,,,,,,,,,,,,,-0.035,,,-0.056,-0.117,0.063,-0.056,-0.067,0.007,-0.038,0.0,-0.012,0.0,0.011,0.013,0.017,0.0,0.0,0.0,,,,,,,,,,0,,,,,,,1260.65,,,,,,,,,,,,,,,,,,,,,,,,1263.93,1263.93,1263.93,1263.93,1263.93,1263.95,,,,,,,,,,,,,,,,,,,,,,,,,,,,,,,,,,,,,,,,,,,,
59584,,,,,,,,,,-0.01,,0.39,-0.01,,,,-0.033,-0.07,,,,,,,,,,,,,,,,,,,,,,,,,,,,,,,,,,,,,,,,,,,,,,,,,,,,,,,,,,0.08,-0.053,0.014,0.08,0.078,-0.099,,,,,0.014,0.013,0.017,0.0,,0.0,,,,,,,,,,0,,,,,301.47,,301.49,,,,,,,,,,,,,,,,,,,,,,,,303.63,303.63,303.64,,303.64,,,,,,,,,,,,,,,,,,,,,,,,,,,,,,,,,,,,,,T1,,,,,,,
56907,,,,,,,,,,0.01,-0.034,,,,,,-0.023,0.012,,,,,,,,,,,,,,,,,,,,,,,,,,,,,,,,,,,,,,,,,,,,,,,,,,,,,-0.262,0.023,,,,,,,,,,,,,,,,,,,,0.0,0.0,-0.213,-0.033,,-0.139,0.0,,0.0,1,,,,,,,1400.61,,,,,,,,,,,,,,,,,,,,,,1405.89,,,,,,,,1408.42,,1408.44,1408.47,,,,,,,,,,,,,,,,,,,,,,,,,,,,,,,,,,,,,,,,
54096,-0.049,0.184,,0.019,-0.164,0.049,,,,,,,,,,,,,,,,,,,,,,,,,,,,,,,,,,,,,,,,,,,,,,,,,,,,,,,,,,,,,,,,,,,,,,-0.132,-0.028,0.104,-0.132,-0.024,0.033,0.151,0.0,0.021,0.0,0.011,0.013,-0.029,0.0,0.0,0.0,,,,,,,,,,0,1560.26,1560.27,1560.29,,,,,,,,,,,,,,,,,,,,,,,,,,,,1564.0,1564.0,1564.01,1564.01,1564.01,1564.03,,,,,,,,,,,,,,,,,,,,,,,,,,,,,,,,,,,,,,,,,,,,
4308,-0.101,0.174,,0.019,,0.002,,,,,,,,,,,,,,,,,,,,,,,,,,,,,,,,,,,,,,,,,,,,,,,,,,,,,,,,,,,,,,,,,,,,,,-0.132,-0.047,0.063,-0.132,-0.016,0.138,-0.038,0.0,0.012,0.0,0.012,0.013,-0.119,0.0,,0.0,,,,,,,,,,0,961.64,961.64,961.67,,,,,,,,,,,,,,,,,,,,,,,,,,,,963.71,963.71,963.71,963.71,963.71,,,,,,,,,,,,,,,,,,,,,,,,,,,,,,,,,,,,,,T1,,,,,,,
48550,,,,,,,,,,0.006,,0.244,,,,,0.021,0.043,,,,,,,,,,,,,,,,,,,,,,,,,,,,,,,,,,,,,,,,,,,,,,,,,,,,,,,,,,-0.122,-0.034,0.037,-0.122,0.18,-0.125,,,,,0.013,0.013,0.153,0.0,0.0,0.0,,,,,,,,,,0,,,,,291.78,,291.8,,,,,,,,,,,,,,,,,,,,,,,,298.23,298.23,298.23,,298.23,298.25,,,,,,,,,,,,,,,,,,,,,,,,,,,,,,,,,,,,,T1,,,,,,,
3430,,,,,,,,,,0.018,0.066,,,,,0.027,,,,,,,,,,,,,,,,,,,,,,,,,,,,,,,,,,,,,,,,,,,,,,,,,,,,,,,-0.162,0.149,,,,-0.031,0.061,0.104,-0.031,-0.067,0.086,-0.038,0.0,-0.004,0.0,0.013,0.013,0.017,0.0,,0.0,,,,,,,,,,0,,,,,,,,,,,,,,,,,,,,,,,,,,,,,1464.62,,1467.19,1467.19,1467.19,1467.19,1467.19,,,,,,,,,,,,,,,,,,,,,,,,,,,,,,,,,,,,,,T1,,,,,,,
21061,0.023,0.008,,0.019,,,-0.089,0.0,,,,,,,,,,,,,,,,,,,,,,,,,,,,,,,,,,,,,,,,,,,,,,,,,,,,,,,,,,,,,,,,,,,,0.003,0.093,0.037,0.003,0.051,-0.151,,,,,0.009,0.013,-0.119,0.0,,0.0,,,,,,,,,,0,353.32,353.32,,,,,,,,,,,,,,,,,,,,,,,,,,,,,354.29,354.29,354.29,,354.29,,,,,,,,,,,,,,,,,,,,,,,,,,,,,,,,,,,,,,T1,,,,,,,
29493,,,,,,,,,,,,,,,,,,,,,,,,,,,-0.039,-0.11,0.229,,,,0.074,0.035,,,,,,,,,,,,,,,,,,,,,,,,,,,,,,,,,,,,,-0.171,0.077,,,,-0.043,0.144,0.057,-0.043,-0.039,0.059,-0.146,0.0,-0.004,0.0,0.018,0.013,-0.074,0.0,,0.0,,,,,,,,,,0,,,,,,,,,,,737.44,737.44,,,,,,,,,,,,,,,,,759.82,,762.3,762.3,762.3,762.3,762.3,,,,,,,,,,,,,,,,,,T1,,,,,,,,,,,,,,,,,,,,T1,,,,,,,
27750,-0.016,0.147,,0.019,0.336,,-0.056,0.0,,,,,,,,,,,,,,,,,,,,,,,,,,,,,,,,,,,,,,,,,,,,,,,,,,,,,,,,,,,,,,,,,,,,-0.181,0.227,0.037,-0.181,0.125,0.059,,,,,0.013,0.013,0.062,0.0,0.0,0.0,,,,,,,,,,0,248.27,248.27,,,,,,,,,,,,,,,,,,,,,,,,,,,,,249.35,249.35,249.35,,249.35,249.37,,,,,,,,,,,,,,,,,,,,,,,,,,,,,,,,,,,,,T1,,,,,,,
7213,-0.049,-0.03,,0.019,-0.164,,,,0.108,,,,,,,,,,,,,,,,,,,,,,,,,,,,,,,,,,,,,,,,,,,,,,,,,,,,,,,,,,,,,,,,,,,-0.374,0.049,0.082,-0.374,0.016,-0.02,0.043,0.0,-0.012,0.0,0.007,0.013,0.062,0.0,0.0,0.0,,,,,,,,,,0,575.25,575.25,,575.28,,,,,,,,,,,,,,,,,,,,,,,,,,,577.91,577.91,577.91,577.91,577.91,577.93,,,,,,,,,,,,,,,,,,,,,,,,,,,,,,,,,,,,,T1,,,,,,,
17472,-0.016,-0.072,0.0,,-0.164,0.032,,,,,,,,,,,,,,,,,,,,,,,,,,,,,,,,,,,,,,,,,,,,,,,,,,,,,,,,,,,,,,,,,,,,,,-0.07,0.106,0.082,-0.07,0.016,0.007,-0.038,0.0,-0.012,0.0,0.012,0.013,0.062,0.0,,0.0,,,,,,,,,,0,569.6,,569.64,,,,,,,,,,,,,,,,,,,,,,,,,,,,571.86,571.86,571.86,571.86,571.86,,,,,,,,,,,,,,,,,,,,,,,,,,,,,,,,,,,,,,T1,,,,,,,
57950,0.056,0.275,,0.119,-0.164,,,,0.03,,,,,,,,,,,,,,,,,,,,,,,,,,,,,,,,,,,,,,,,,,,,,,,,,,,,,,,,,,,,,,,,,,,0.134,0.004,0.057,0.134,-0.024,0.007,-0.038,0.0,0.012,0.0,0.012,0.013,0.062,0.0,,0.0,,,,,,,,,,0,821.56,821.56,,821.59,,,,,,,,,,,,,,,,,,,,,,,,,,,824.51,824.51,824.51,824.51,824.51,,,,,,,,,,,,,,,,,,,,,,,,,,,,,,,,,,,,,,T1,,,,,,,
40364,,,,,,,,,,-0.006,-0.034,,-0.01,-0.048,-0.121,,,,,,,,,,,,,,,,,,,,,,,,,,,,,,,,,,,,,,,,,,,,,,,,,,,,,,,,,,,,,-0.132,-0.021,0.104,-0.132,-0.094,0.191,0.097,0.0,-0.014,0.0,0.013,0.013,0.017,0.0,,0.0,,,,,,,,,,0,,,,,,1661.94,,,,,,,,,,,,,,,,,,,,,,,,,1662.02,1662.02,1662.03,1662.03,1662.03,,,,,,,,,,,,,,,,,,,,,,,,,,,,,,,,,,,,,,T1,,,,,,,
38110,0.147,-0.046,0.0,,-0.164,,,,-0.149,,,,,,,,,,,,,,,,,,,,,,,,,,,,,,,,,,,,,,,,,,,,,,,,,,,,,,,,,,,,,,,,,,,0.109,0.259,0.101,0.109,0.122,-0.125,-0.119,0.0,-0.004,0.0,0.012,0.013,0.017,0.0,,0.0,,,,,,,,,,0,641.5,,,641.55,,,,,,,,,,,,,,,,,,,,,,,,,,,653.63,653.63,653.63,653.63,653.63,,,,,,,,,,,,,,,,,,,,,,,,,,,,,,,,,,,,,,T1,,,,,,,
45597,,,,,,,,,,,,,,,,,,,,,,,,,,,,,,,,,,,-0.173,-0.008,-0.049,,-0.165,,0.04,,,,,,,,,,,,,,,,,,,,,,,,,,,,,,-0.1,-0.012,,,,0.084,0.106,0.057,0.084,-0.016,0.138,0.043,0.0,-0.004,0.0,0.013,0.013,,,0.0,0.0,,,,,,,,,,1,,,,,,,,,,,,,,722.93,722.94,722.99,,,,,,,,,,,,,755.68,,759.82,759.82,759.83,759.83,759.83,759.87,,,,,,,,,,,,,,,,,,,,T1,,,,,,,,,,,,,,,,,,,,,,,,
60000,-0.01,-0.115,,0.019,-0.164,,-0.016,-0.003,,,,,,,,,,,,,,,,,,,,,,,,,,,,,,,,,,,,,,,,,,,,,,,,,,,,,,,,,,,,,,,,,,,,0.106,0.074,0.037,0.106,0.075,-0.099,,,,,0.01,0.013,0.062,0.0,,0.0,,,,,,,,,,0,273.18,273.19,,,,,,,,,,,,,,,,,,,,,,,,,,,,,274.34,274.34,274.35,,274.35,,,,,,,,,,,,,,,,,,,,,,,,,,,,,,,,,,,,,,T1,,,,,,,
7708,0.101,0.115,0.0,,,,,,-0.027,,,,,,,,,,,,,,,,,,,,,,,,,,,,,,,,,,,,,,,,,,,,,,,,,,,,,,,,,,,,,,,,,,,-0.056,0.036,0.063,-0.056,-0.031,-0.072,-0.038,0.0,0.003,0.0,0.016,0.013,-0.029,0.0,,0.0,,,,,,,,,,0,1095.62,,,1095.64,,,,,,,,,,,,,,,,,,,,,,,,,,,1096.33,1096.33,1096.33,1096.33,1096.33,,,,,,,,,,,,,,,,,,,,,,,,,,,,,,,,,,,,,,T1,,,,,,,
4496,,,,,,,,,,,,,,,,,,,,,,,,,,,-0.034,-0.136,-0.37,,,0.047,,-0.11,,,,,,,,,,,,,,,,,,,,,,,,,,,,,,,,,,,,,0.239,-0.176,,,,0.13,0.272,0.037,0.13,-0.012,-0.072,,,,,0.016,0.013,0.062,0.0,0.0,0.0,,,,,,,,,,0,,,,,,,,,,,381.45,381.47,381.48,,,,,,,,,,,,,,,,408.8,,427.26,427.26,427.26,,427.26,427.27,,,,,,,,,,,,,,,,,T1,,,,,,,,,,,,,,,,,,,,T1,,,,,,,
50587,-0.023,-0.115,,0.119,-0.164,,0.068,-0.001,,,,,,,,,,,,,,,,,,,,,,,,,,,,,,,,,,,,,,,,,,,,,,,,,,,,,,,,,,,,,,,,,,,,0.134,-0.072,0.082,0.134,0.075,-0.125,-0.119,0.0,-0.003,0.0,0.013,0.013,-0.029,0.0,0.0,0.0,,,,,,,,,,0,523.55,523.56,,,,,,,,,,,,,,,,,,,,,,,,,,,,,525.54,525.54,525.54,525.54,525.54,525.55,,,,,,,,,,,,,,,,,,,,,,,,,,,,,,,,,,,,,T1,,,,,,,
55975,,,,,,,,,,-0.018,,-0.224,-0.01,,,,-0.009,-0.1,,,,,,,,,,,,,,,,,,,,,,,,,,,,,,,,,,,,,,,,,,,,,,,,,,,,,,,,,,0.029,-0.034,0.037,0.029,0.004,0.007,,,,,0.014,0.013,-0.029,0.0,,0.0,,,,,,,,,,0,,,,,351.03,,351.06,,,,,,,,,,,,,,,,,,,,,,,,351.8,351.8,351.81,,351.81,,,,,,,,,,,,,,,,,,,,,,,,,,,,,,,,,,,,,,T1,,,,,,,
3752,0.069,0.035,0.0,,0.336,,-0.019,0.0,,,,,,,,,,,,,,,,,,,,,,,,,,,,,,,,,,,,,,,,,,,,,,,,,,,,,,,,,,,,,,,,,,,,-0.132,0.004,0.063,-0.132,-0.075,0.007,0.043,0.0,-0.003,0.0,0.016,0.013,-0.029,0.0,,0.0,,,,,,,,,,0,1159.46,,,,,,,,,,,,,,,,,,,,,,,,,,,,,,1160.59,1160.59,1160.6,1160.6,1160.6,,,,,,,,,,,,,,,,,,,,,,,,,,,,,,,,,,,,,,T1,,,,,,,
46580,,,,,,,,,,,,,,,,,,,,,,,,,,,,,,,,,,,,,,,,,,0.078,-0.001,-0.001,,,0.094,0.059,,,,,,,,,,,,,,,,,,,,,,,-0.137,-0.035,,,,,,,,,,,,,,,,,,,,0.0,0.0,-0.158,,-0.007,0.066,0.0,,0.0,0,,,,,,,,,,,,,,,,,678.99,,679.11,,,,,,,,,,685.61,,,,,,,,724.58,,724.6,724.61,,,,,,,,,,,,,,,,,,,,,,,,,,,,,,,,,,,,,,,,
21780,0.095,0.008,,-0.081,,,,,0.092,,,,,,,,,,,,,,,,,,,,,,,,,,,,,,,,,,,,,,,,,,,,,,,,,,,,,,,,,,,,,,,,,,,0.067,0.291,-0.752,0.067,-0.055,0.112,,,,,0.011,0.013,0.153,0.0,,0.0,,,,,,,,,,0,169.34,169.35,,169.37,,,,,,,,,,,,,,,,,,,,,,,,,,,170.09,170.09,170.09,,170.09,,,,,,,,,,,,,,,,,,,,,,,,,,,,,,,,,,,,,,T1,,,,,,,
5919,0.03,0.158,,0.019,,,,,-0.083,,,,,,,,,,,,,,,,,,,,,,,,,,,,,,,,,,,,,,,,,,,,,,,,,,,,,,,,,,,,,,,,,,,0.008,-0.015,0.063,0.008,-0.004,-0.02,-0.038,0.0,0.003,0.0,0.017,0.013,-0.074,0.0,0.0,0.0,,,,,,,,,,1,922.2,922.2,,922.24,,,,,,,,,,,,,,,,,,,,,,,,,,,925.56,925.56,925.56,925.56,925.56,925.59,,,,,,,,,,,,,,,,,,,,,,,,,,,,,,,,,,,,,T1,,,,,,,
27172,,,,,,,,,,,,,,,,,,,,,,,,,,,,,,,,,,,,,,,,,,,,,,,,,,,0.0,-0.001,,,0.036,-0.286,,,,,,,,,,,,,,,-0.124,0.108,,,,0.084,0.093,0.057,0.084,-0.027,-0.309,0.043,0.0,-0.013,0.0,0.014,0.013,-0.119,0.0,,0.0,,,,,,,,,,0,,,,,,,,,,,,,,,,,,,,,680.85,680.85,,,,,,,736.63,,740.29,740.29,740.29,740.29,740.29,,,,,,,,,,,,,,,,,,,,,,,,,,,,,,,,,,,,,,T1,,,,,,,
25931,,,,,,,,,,0.006,,0.043,,,,0.016,,,,,,,,,,,,,,,,,,,,,,,,,,,,,,,,,,,,,,,,,,,,,,,,,,,,,,,,,,,,0.118,0.03,0.015,0.118,,0.086,,,,,0.01,0.013,0.153,0.0,0.0,0.0,,,,,,,,,,0,,,,,222.22,,,,,,,,,,,,,,,,,,,,,,,,,,223.1,223.1,223.1,,223.1,223.12,,,,,,,,,,,,,,,,,,,,,,,,,,,,,,,,,,,,,T1,,,,,,,
16999,,,,,,,,,,0.01,,-0.231,-0.01,-0.03,0.014,,,,,,,,,,,,,,,,,,,,,,,,,,,,,,,,,,,,,,,,,,,,,,,,,,,,,,,,-0.12,0.124,,,,,,,,,,,,,,,,,,,,0.0,0.0,-0.078,-0.021,,0.033,0.0,0.269,0.0,0,,,,,1400.59,1400.62,,,,,,,,,,,,,,,,,,,,,,,1405.66,,,,,,,,1408.44,,1408.47,1408.48,,,,,,,,,,,,,,,,,,,,,,,,,,,,,,,,,,,,,,,,
17891,,,,,,,,,,0.014,,0.294,,0.054,0.002,,,,,,,,,,,,,,,,,,,,,,,,,,,,,,,,,,,,,,,,,,,,,,,,,,,,,,,,,,,,,,,,,,,,,,,,,,,,,0.0,0.0,-0.047,,-0.049,0.156,0.0,0.069,0.0,0,,,,,1424.56,1424.59,,,,,,,,,,,,,,,,,,,,,,,,,,,,,,,1425.77,,1425.79,1425.79,,,,,,,,,,,,,,,,,,,,,,,,,,,,,,,,,,,,,,,,
30899,,,,,,,,,,0.002,,0.2,,,,,0.01,-0.131,,,,,,,,,,,,,,,,,,,,,,,,,,,,,,,,,,,,,,,,,,,,,,,,,,,,,,,,,,0.079,0.24,0.037,0.079,0.106,-0.125,,,,,0.013,0.013,-0.029,0.0,,0.0,,,,,,,,,,0,,,,,281.99,,282.01,,,,,,,,,,,,,,,,,,,,,,,,288.41,288.41,288.41,,288.41,,,,,,,,,,,,,,,,,,,,,,,,,,,,,,,,,,,,,,,,,,,,,
38642,0.03,0.184,0.0,,,,,,-0.086,,,,,,,,,,,,,,,,,,,,,,,,,,,,,,,,,,,,,,,,,,,,,,,,,,,,,,,,,,,,,,,,,,,0.117,0.221,-0.702,0.117,0.098,0.112,,,,,0.012,0.013,0.199,0.0,,0.0,,,,,,,,,,0,80.47,,,80.5,,,,,,,,,,,,,,,,,,,,,,,,,,,82.25,82.25,82.25,,82.25,,,,,,,,,,,,,,,,,,,,,,,,,,,,,,,,,,,,,,T1,,,,,,,
52417,0.095,0.088,,0.019,,,,,-0.02,,,,,,,,,,,,,,,,,,,,,,,,,,,,,,,,,,,,,,,,,,,,,,,,,,,,,,,,,,,,,,,,-0.035,,,-0.132,0.017,0.063,-0.132,-0.098,0.138,-0.038,0.0,-0.012,0.0,0.014,0.013,-0.029,0.0,,0.0,,,,,,,,,,0,1258.36,1258.36,,1258.39,,,,,,,,,,,,,,,,,,,,,,,,,,,1261.7,1261.7,1261.71,1261.71,1261.71,,,,,,,,,,,,,,,,,,,,,,,,,,,,,,,,,,,,,,T1,,,,,,,
40997,,,,,,,,,,,,,,,,,,,,,,,,,,,,,,,,,,,0.012,,,0.006,-0.029,,-0.025,,,,,,,,,,,,,,,,,,,,,,,,,,,,,,0.074,0.024,,,,0.109,0.03,0.057,0.109,-0.027,-0.125,0.016,0.0,-0.004,0.0,0.014,0.013,0.017,0.0,0.0,0.0,,,,,,,,,,0,,,,,,,,,,,,,,763.39,,763.39,,,,,,,,,,,,,776.24,,779.17,779.17,779.18,779.18,779.18,779.19,,,,,,,,,,,,,,,,,,,,T1,,T1,,,,,,,,,,,,,,,T1,,,,,,,
51055,-0.029,0.077,0.0,,0.336,-0.037,,,,,,,,,,,,,,,,,,,,,,,,,,,,,,,,,,,,,,,,,,,,,,,,,,,,,,,,,,,,,,,,,,,,,,-0.056,-0.047,0.063,-0.056,-0.063,0.059,-0.038,0.0,0.022,0.0,0.014,0.013,-0.029,0.0,0.0,0.0,,,,,,,,,,0,1249.17,,1249.21,,,,,,,,,,,,,,,,,,,,,,,,,,,,1260.06,1260.06,1260.07,1260.07,1260.07,1260.08,,,,,,,,,,,,,,,,,,,,,,,,,,,,,,,,,,,,,T1,,,,,,,
11907,-0.088,-0.153,,0.019,,0.175,,,,,,,,,,,,,,,,,,,,,,,,,,,,,,,,,,,,,,,,,,,,,,,,,,,,,,,,,,,,,,,,,,,,,,-0.005,0.068,0.104,-0.005,-0.063,0.033,0.016,0.0,-0.004,0.0,0.016,0.013,0.062,0.0,,0.0,,,,,,,,,,0,1591.21,1591.23,1591.28,,,,,,,,,,,,,,,,,,,,,,,,,,,,1592.65,1592.65,1592.65,1592.65,1592.65,,,,,,,,,,,,,,,,,,,,,,,,,,,,,,,,,,,,,,T1,,,,,,,
23604,0.18,-0.04,,0.019,0.336,,-0.072,-0.001,,,,,,,,,,,,,,,,,,,,,,,,,,,,,,,,,,,,,,,,,,,,,,,,,,,,,,,,,,,,,,,,,,,,-0.056,0.017,0.104,-0.056,-0.016,-0.072,0.07,0.0,0.012,0.0,0.007,0.013,0.017,0.0,,0.0,,,,,,,,,,0,1645.57,1645.58,,,,,,,,,,,,,,,,,,,,,,,,,,,,,1647.01,1647.01,1647.01,1647.01,1647.01,,,,,,,,,,,,,,,,,,,,,,,,,,,,,,,,,,,,,,T1,,,,,,,
11227,0.023,0.147,,-0.181,-0.164,,0.008,-0.002,,,,,,,,,,,,,,,,,,,,,,,,,,,,,,,,,,,,,,,,,,,,,,,,,,,,,,,,,,,,,,,,,-0.035,,,-0.005,-0.066,0.082,-0.005,0.055,-0.02,0.016,0.0,-0.003,0.0,0.012,0.013,0.108,0.0,,0.0,,,,,,,,,,0,1363.92,1363.93,,,,,,,,,,,,,,,,,,,,,,,,,,,,,1366.2,1366.2,1366.21,1366.21,1366.21,,,,,,,,,,,,,,,,,,,,,,,,,,,,,,,,,,,,,,T1,,,,,,,
56556,0.003,0.115,,-0.081,-0.164,,-0.031,-0.001,,,,,,,,,,,,,,,,,,,,,,,,,,,,,,,,,,,,,,,,,,,,,,,,,,,,,,,,,,,,,,,,,,,,,,,,,,,,,,,,,,,,0.0,0.0,-0.07,-0.086,,0.043,0.0,,0.0,0,1426.86,1426.86,,,,,,,,,,,,,,,,,,,,,,,,,,,,,,,,,,,1427.86,,1427.88,1427.89,,,,,,,,,,,,,,,,,,,,,,,,,,,,,,,,,,,,,,,,
1502,,,,,,,,,,0.01,,0.492,,0.051,0.054,,,,,,,,,,,,,,,,,,,,,,,,,,,,,,,,,,,,,,,,,,,,,,,,,,,,,,,,,,,,,,,,,,,,,,,,,,,,,0.0,0.0,-0.039,0.014,,-0.175,0.0,0.069,0.0,0,,,,,1392.44,1392.47,,,,,,,,,,,,,,,,,,,,,,,,,,,,,,,1394.22,,1394.24,1394.24,,,,,,,,,,,,,,,,,,,,,,,,,,,,,,,,,,,,,,,,
30917,0.01,-0.099,0.0,,-0.164,,,,0.058,,,,,,,,,,,,,,,,,,,,,,,,,,,,,,,,,,,,,,,,,,,,,,,,,,,,,,,,,,,,,,,,,,,0.269,-0.028,0.037,0.269,0.086,-0.072,,,,,0.013,0.013,0.108,0.0,0.0,0.0,,,,,,,,,,0,365.05,,,365.09,,,,,,,,,,,,,,,,,,,,,,,,,,,367.14,367.14,367.14,,367.14,367.16,,,,,,,,,,,,,,,,,,,,,,,,,,,,,,,,,,,,,,,,,,,,
31231,,,,,,,,,,-0.006,,0.273,,,,,-0.043,-0.161,,,,,,,,,,,,,,,,,,,,,,,,,,,,,,,,,,,,,,,,,,,,,,,,,,,,,,,,,,,,,,,,,,,,,,,,,,0.0,0.0,-0.118,,-0.058,0.2,0.0,0.069,0.0,0,,,,,1396.54,,1396.57,,,,,,,,,,,,,,,,,,,,,,,,,,,,,,1396.95,,1396.98,1396.99,,,,,,,,,,,,,,,,,,,,,,,,,,,,,,,,,,,,,,,,
47871,0.049,0.093,,-0.081,,,0.002,0.0,,,,,,,,,,,,,,,,,,,,,,,,,,,,,,,,,,,,,,,,,,,,,,,,,,,,,,,,,,,,,,,,,,,,0.02,0.004,0.082,0.02,0.027,0.007,0.016,0.0,-0.003,0.0,0.012,0.013,-0.165,0.0,0.0,0.0,,,,,,,,,,0,1394.93,1394.94,,,,,,,,,,,,,,,,,,,,,,,,,,,,,1395.47,1395.47,1395.47,1395.47,1395.47,1395.5,,,,,,,,,,,,,,,,,,,,,,,,,,,,,,,,,,,,,T1,,,,,,,
5480,,,,,,,,,,0.022,0.066,,,,,,-0.004,-0.09,,,,,,,,,,,,,,,,,,,,,,,,,,,,,,,,,,,,,,,,,,,,,,,,,,,,,,,,,,-0.3,-0.04,0.082,-0.3,0.078,-0.072,-0.038,0.0,-0.012,0.0,0.011,0.013,-0.165,0.0,,0.0,,,,,,,,,,0,,,,,,,582.62,,,,,,,,,,,,,,,,,,,,,,,,586.31,586.31,586.32,586.32,586.32,,,,,,,,,,,,,,,,,,,,,,,,,,,,,,,,,,,,,,,,,,,,,
28767,,,,,,,,,,-0.022,,0.244,-0.01,0.013,0.225,,,,,,,,,,,,,,,,,,,,,,,,,,,,,,,,,,,,,,,,,,,,,,,,,,,,,,,,,,-0.035,,,0.058,0.017,0.063,0.058,0.059,0.138,-0.038,0.0,-0.013,0.0,0.017,0.013,-0.029,0.0,0.0,0.0,,,,,,,,,,0,,,,,935.4,935.42,,,,,,,,,,,,,,,,,,,,,,,,,940.67,940.67,940.67,940.67,940.67,940.7,,,,,,,,,,,,,,,,,,,,,,,,,,,,,,,,,,,,,,,,,,,,
38605,-0.023,0.115,,0.019,-0.164,,-0.017,-0.002,,,,,,,,,,,,,,,,,,,,,,,,,,,,,,,,,,,,,,,,,,,,,,,,,,,,,,,,,,,,,,,,,,,,,,,,,,,,,,,,,,,,0.0,0.0,-0.11,,-0.052,-0.003,0.0,,0.0,0,1397.07,1397.08,,,,,,,,,,,,,,,,,,,,,,,,,,,,,,,,,,,1397.33,,1397.34,1397.36,,,,,,,,,,,,,,,,,,,,,,,,,,,,,,,,,,,,,,,,
55001,-0.003,0.104,,0.019,,-0.004,,,,,,,,,,,,,,,,,,,,,,,,,,,,,,,,,,,,,,,,,,,,,,,,,,,,,,,,,,,,,,,,,,,,,,0.067,0.042,-0.702,0.067,,0.243,,,,,0.008,0.013,0.062,0.0,0.0,0.0,,,,,,,,,,0,113.91,113.92,113.95,,,,,,,,,,,,,,,,,,,,,,,,,,,,115.89,115.89,115.9,,115.9,115.91,,,,,,,,,,,,,,,,,,,,,,,,,,,,,,,,,,,,,,,,,,,,
14232,,,,,,,,,,,,,,,,,,,,,,,,,,,,,,,,,,,0.012,,,0.162,,0.013,0.076,,,,,,,,,,,,,,,,,,,,,,,,,,,,,,0.078,0.038,,,,0.058,-0.034,0.057,0.058,0.035,-0.02,-0.092,0.0,0.004,0.0,0.01,0.013,-0.074,0.0,0.0,0.0,,,,,,,,,,0,,,,,,,,,,,,,,668.27,,,,,,,,,,,,,,,705.19,,708.68,708.68,708.69,708.69,708.69,708.71,,,,,,,,,,,,,,,,,,,,T1,,T1,,,,,,,,,,,,,,,T1,,,,,,,
32637,0.134,0.163,,0.019,,,,,-0.287,,,,,,,,,,,,,,,,,,,,,,,,,,,,,,,,,,,,,,,,,,,,,,,,,,,,,,,,,,,,,,,,,,,0.02,0.023,0.063,0.02,-0.078,0.112,0.016,0.0,-0.003,0.0,0.013,0.013,-0.074,0.0,0.0,0.0,,,,,,,,,,0,1159.49,1159.49,,1159.52,,,,,,,,,,,,,,,,,,,,,,,,,,,1160.57,1160.57,1160.57,1160.57,1160.57,1160.6,,,,,,,,,,,,,,,,,,,,,,,,,,,,,,,,,,,,,,,,,,,,
5138,,,,,,,,,,0.01,0.066,,-0.01,,,,-0.006,-0.008,,,,,,,,,,,,,,,,,,,,,,,,,,,,,,,,,,,,,,,,,,,,,,,,,,,,,,,,,,0.07,-0.028,0.082,0.07,-0.071,0.059,-0.011,0.0,0.013,0.0,0.011,0.013,0.108,0.0,,0.0,,,,,,,,,,0,,,,,,,1408.73,,,,,,,,,,,,,,,,,,,,,,,,1409.99,1409.99,1410.0,1410.0,1410.0,,,,,,,,,,,,,,,,,,,,,,,,,,,,,,,,,,,,,,T1,,,,,,,
35577,-0.147,0.093,,-0.081,,0.077,,,,,,,,,,,,,,,,,,,,,,,,,,,,,,,,,,,,,,,,,,,,,,,,,,,,,,,,,,,,,,,,,,,,,,,,,,,,,,,,,,,,,,0.0,0.0,0.08,0.059,,0.064,0.0,0.069,0.0,0,525.07,525.07,525.09,,,,,,,,,,,,,,,,,,,,,,,,,,,,,,,,,,532.74,,532.82,532.85,,,,,,,,,,,,,,,,,,,,,,,,,,,,,,,,,,,,,,,,
53839,0.036,0.136,,0.019,,,-0.028,0.002,,,,,,,,,,,,,,,,,,,,,,,,,,,,,,,,,,,,,,,,,,,,,,,,,,,,,,,,,,,,,,,,,,,,-0.005,0.03,0.063,-0.005,-0.039,0.007,-0.065,0.0,-0.001,0.0,0.014,0.013,0.153,0.0,,0.0,,,,,,,,,,0,1125.78,1125.79,,,,,,,,,,,,,,,,,,,,,,,,,,,,,1127.43,1127.43,1127.44,1127.44,1127.44,,,,,,,,,,,,,,,,,,,,,,,,,,,,,,,,,,,,,,T1,,,,,,,
12812,-0.023,0.008,0.0,,,-0.062,,,,,,,,,,,,,,,,,,,,,,,,,,,,,,,,,,,,,,,,,,,,,,,,,,,,,,,,,,,,,,,,,,,,,,0.084,-0.009,0.063,0.084,0.051,0.059,0.016,0.0,-0.013,0.0,0.012,0.013,-0.029,0.0,,0.0,,,,,,,,,,1,922.77,,922.8,,,,,,,,,,,,,,,,,,,,,,,,,,,,927.02,927.02,927.02,927.02,927.02,,,,,,,,,,,,,,,,,,,,,,,,,,,,,,,,,,,,,,,,,,,,,
13896,,,,,,,,,,0.022,,0.188,,,,,-0.005,0.216,,,,,,,,,,,,,,,,,,,,,,,,,,,,,,,,,,,,,,,,,,,,,,,,,,,,,,,,,,-0.031,-0.06,0.082,-0.031,-0.059,0.296,-0.038,0.0,0.013,0.0,0.013,0.013,0.017,0.0,,0.0,,,,,,,,,,0,,,,,1289.38,,1289.4,,,,,,,,,,,,,,,,,,,,,,,,1291.01,1291.01,1291.02,1291.02,1291.02,,,,,,,,,,,,,,,,,,,,,,,,,,,,,,,,,,,,,,T1,,,,,,,
54988,-0.055,-0.03,0.0,,0.336,,,,0.027,,,,,,,,,,,,,,,,,,,,,,,,,,,,,,,,,,,,,,,,,,,,,,,,,,,,,,,,,,,,,,,,,,,-0.106,-0.034,0.063,-0.106,-0.027,0.138,0.124,0.0,-0.012,0.0,0.013,0.013,-0.029,0.0,,0.0,,,,,,,,,,0,1222.47,,,1222.5,,,,,,,,,,,,,,,,,,,,,,,,,,,1223.03,1223.03,1223.04,1223.04,1223.04,,,,,,,,,,,,,,,,,,,,,,,,,,,,,,,,,,,,,,T1,,,,,,,
57750,,,,,,,,,,0.002,-0.034,,,,,-0.045,,,,,,,,,,,,,,,,,,,,,,,,,,,,,,,,,,,,,,,,,,,,,,,,,,,,,,,,,,,,-0.106,-0.079,0.082,-0.106,-0.016,0.059,0.016,0.0,0.013,0.0,0.01,0.013,-0.119,0.0,,0.0,,,,,,,,,,0,,,,,,,,,,,,,,,,,,,,,,,,,,,,,,,1342.66,1342.66,1342.66,1342.66,1342.66,,,,,,,,,,,,,,,,,,,,,,,,,,,,,,,,,,,,,,T1,,,,,,,
35249,,,,,,,,,,0.018,-0.034,,-0.01,,,0.025,,,,,,,,,,,,,,,,,,,,,,,,,,,,,,,,,,,,,,,,,,,,,,,,,,,,,,,,,,,,-0.132,0.03,0.104,-0.132,-0.039,-0.046,0.178,0.0,-0.013,0.0,0.009,0.013,-0.165,0.0,0.0,0.0,,,,,,,,,,1,,,,,,,,,,,,,,,,,,,,,,,,,,,,,,,1609.71,1609.71,1609.71,1609.71,1609.71,1609.74,,,,,,,,,,,,,,,,,,,,,,,,,,,,,,,,,,,,,T1,,,,,,,
28305,0.095,0.216,0.0,,-0.164,,,,-0.085,,,,,,,,,,,,,,,,,,,,,,,,,,,,,,,,,,,,,,,,,,,,,,,,,,,,,,,,,,,,,,,,,,,-0.17,-0.066,0.082,-0.17,0.012,-0.099,-0.065,0.0,0.013,0.0,0.013,0.013,0.108,0.0,0.0,0.0,,,,,,,,,,0,560.43,,,560.46,,,,,,,,,,,,,,,,,,,,,,,,,,,566.47,566.47,566.48,566.48,566.48,566.49,,,,,,,,,,,,,,,,,,,,,,,,,,,,,,,,,,,,,,,,,,,,
41866,0.075,-0.094,0.0,,-0.164,,-0.02,0.001,,,,,,,,,,,,,,,,,,,,,,,,,,,,,,,,,,,,,,,,,,,,,,,,,,,,,,,,,,,,,,,,,,,,-0.182,-0.009,0.104,-0.182,-0.09,-0.046,0.151,0.0,0.012,0.0,0.014,0.013,-0.21,0.0,0.0,0.0,,,,,,,,,,0,1594.91,,,,,,,,,,,,,,,,,,,,,,,,,,,,,,1596.98,1596.98,1596.99,1596.99,1596.99,1597.0,,,,,,,,,,,,,,,,,,,,,,,,,,,,,,,,,,,,,T1,,,,,,,
54200,-0.029,-0.11,0.0,,,,,,-0.046,,,,,,,,,,,,,,,,,,,,,,,,,,,,,,,,,,,,,,,,,,,,,,,,,,,,,,,,,,,,,,,,,,,-0.005,0.017,0.104,-0.005,-0.086,-0.046,0.043,0.0,-0.004,0.0,0.017,0.013,0.199,0.0,,0.0,,,,,,,,,,0,1460.68,,,1460.7,,,,,,,,,,,,,,,,,,,,,,,,,,,1462.49,1462.49,1462.49,1462.49,1462.49,,,,,,,,,,,,,,,,,,,,,,,,,,,,,,,,,,,,,,,,,,,,,
38932,0.043,0.2,0.0,,,,,,0.035,,,,,,,,,,,,,,,,,,,,,,,,,,,,,,,,,,,,,,,,,,,,,,,,,,,,,,,,,,,,,,,,,,,0.008,0.004,0.057,0.008,-0.031,0.007,0.097,0.0,-0.013,0.0,0.019,0.013,-0.165,0.0,,0.0,,,,,,,,,,1,820.3,,,820.48,,,,,,,,,,,,,,,,,,,,,,,,,,,823.46,823.46,823.47,823.47,823.47,,,,,,,,,,,,,,,,,,,,,,,,,,,,,,,,,,,,,,T1,,,,,,,
16461,-0.114,0.088,,0.019,,0.019,,,,,,,,,,,,,,,,,,,,,,,,,,,,,,,,,,,,,,,,,,,,,,,,,,,,,,,,,,,,,,,,,,,,,,0.045,-0.04,0.104,0.045,-0.09,0.086,-0.038,0.0,0.021,0.0,0.016,0.013,0.199,0.0,0.0,0.0,,,,,,,,,,0,1514.06,1514.07,1514.1,,,,,,,,,,,,,,,,,,,,,,,,,,,,1516.21,1516.21,1516.21,1516.21,1516.21,1516.22,,,,,,,,,,,,,,,,,,,,,,,,,,,,,,,,,,,,,T1,,,,,,,
7036,,,,,,,,,,,,,,,,,,,,,,,,,,,,,,,,,,,0.128,-0.008,-0.06,,,0.006,-0.035,,,,,,,,,,,,,,,,,,,,,,,,,,,,,,0.135,0.202,,,,0.045,0.011,0.063,0.045,-0.039,0.086,0.016,0.0,-0.012,0.0,0.009,0.013,0.108,0.0,,0.0,,,,,,,,,,0,,,,,,,,,,,,,,1172.79,1172.8,,,,,,,,,,,,,,1179.17,,1189.13,1189.13,1189.14,1189.14,1189.14,,,,,,,,,,,,,,,,,,,,,T1,,,,,,,,,,,,,,,,,T1,,,,,,,
57793,,,,,,,,,,-0.006,,-0.107,,,,0.035,,,,,,,,,,,,,,,,,,,,,,,,,,,,,,,,,,,,,,,,,,,,,,,,,,,,,,,,,,,,-0.132,-0.009,0.063,-0.132,-0.067,-0.02,-0.011,0.0,0.024,0.0,0.014,0.013,-0.029,0.0,0.0,0.0,,,,,,,,,,0,,,,,1123.9,,,,,,,,,,,,,,,,,,,,,,,,,,1125.28,1125.28,1125.28,1125.28,1125.28,1125.3,,,,,,,,,,,,,,,,,,,,,,,,,,,,,,,,,,,,,T1,,,,,,,
35489,-0.134,0.051,,0.019,-0.164,,,,-0.001,,,,,,,,,,,,,,,,,,,,,,,,,,,,,,,,,,,,,,,,,,,,,,,,,,,,,,,,,,,,,,,,,,,-0.081,-0.079,0.104,-0.081,-0.09,0.033,-0.065,0.0,-0.004,0.0,0.011,0.013,-0.165,0.0,,0.0,,,,,,,,,,0,1513.68,1513.68,,1513.71,,,,,,,,,,,,,,,,,,,,,,,,,,,1514.3,1514.3,1514.31,1514.31,1514.31,,,,,,,,,,,,,,,,,,,,,,,,,,,,,,,,,,,,,,,,,,,,,
24284,-0.101,-0.078,0.0,,,-0.004,,,,,,,,,,,,,,,,,,,,,,,,,,,,,,,,,,,,,,,,,,,,,,,,,,,,,,,,,,,,,,,,,,,,,,-0.132,0.055,0.063,-0.132,-0.035,0.059,-0.038,0.0,-0.013,0.0,0.012,0.013,-0.074,0.0,0.0,0.0,,,,,,,,,,0,968.91,,968.93,,,,,,,,,,,,,,,,,,,,,,,,,,,,971.0,971.0,971.01,971.01,971.01,971.06,,,,,,,,,,,,,,,,,,,,,,,,,,,,,,,,,,,,,T1,,,,,,,
49376,,,,,,,,,,-0.01,,0.064,-0.01,,,,0.012,-0.294,,,,,,,,,,,,,,,,,,,,,,,,,,,,,,,,,,,,,,,,,,,,,,,,,,,,,,,,,,-0.034,-0.212,-0.702,-0.034,0.082,-0.099,,,,,0.011,0.013,-0.029,0.0,0.0,0.0,,,,,,,,,,0,,,,,131.25,,131.27,,,,,,,,,,,,,,,,,,,,,,,,135.71,135.71,135.71,,135.71,135.76,,,,,,,,,,,,,,,,,,,,,,,,,,,,,,,,,,,,,,,,,,,,
3387,0.056,-0.088,,-0.081,,-0.049,,,,,,,,,,,,,,,,,,,,,,,,,,,,,,,,,,,,,,,,,,,,,,,,,,,,,,,,,,,,,,,,,,,,,,,,,,,,,,,,,,,,,,0.0,0.0,0.096,,0.021,0.012,0.0,0.069,0.0,0,113.42,113.43,113.49,,,,,,,,,,,,,,,,,,,,,,,,,,,,,,,,,,114.65,,114.67,114.69,,,,,,,,,,,,,,,,,,,,,,,,,,,,,,,,,,,,,,,,
5716,0.062,0.179,,0.019,0.336,,,,0.032,,,,,,,,,,,,,,,,,,,,,,,,,,,,,,,,,,,,,,,,,,,,,,,,,,,,,,,,,,,,,,,,,,,0.155,-0.002,-0.702,0.155,0.114,-0.072,,,,,0.014,0.013,-0.074,0.0,,0.0,,,,,,,,,,0,64.26,64.27,,64.29,,,,,,,,,,,,,,,,,,,,,,,,,,,67.2,67.2,67.21,,67.21,,,,,,,,,,,,,,,,,,,,,,,,,,,,,,,,,,,,,,,,,,,,,
28130,0.141,0.227,,0.019,0.336,,,,-0.012,,,,,,,,,,,,,,,,,,,,,,,,,,,,,,,,,,,,,,,,,,,,,,,,,,,,,,,,,,,,,,,,,,,-0.081,-0.015,0.063,-0.081,-0.031,-0.125,-0.092,0.0,-0.014,0.0,0.012,0.013,-0.029,0.0,,0.0,,,,,,,,,,0,1106.01,1106.02,,1106.04,,,,,,,,,,,,,,,,,,,,,,,,,,,1107.77,1107.77,1107.78,1107.78,1107.78,,,,,,,,,,,,,,,,,,,,,,,,,,,,,,,,,,,,,,T1,,,,,,,
35713,,,,,,,,,,,,,,,,,,,,,,,,,,,,,,,,,,,,,,,,,,,,,,,,,,,,,,,,,,,,,,,,0.067,-0.12,0.003,,,-0.246,0.016,-0.049,-0.16,,,,-0.106,0.03,0.063,-0.106,-0.043,-0.072,-0.065,0.0,0.021,0.0,0.012,0.013,0.017,0.0,0.0,0.0,,,,,,,,,,0,,,,,,,,,,,,,,,,,,,,,,,,,,1146.12,,1146.14,1165.41,,1172.74,1172.74,1172.74,1172.74,1172.74,1172.76,,,,,,,,,,,,,,,,,,,,,,,,,,,,,,,,,,,,,,,,,,,,
24153,,,,,,,,,,0.014,,-0.02,,,,-0.057,,,,,,,,,,,,,,,,,,,,,,,,,,,,,,,,,,,,,,,,,,,,,,,,,,,,,,,,,,,,0.07,0.023,0.082,0.07,-0.078,0.164,0.043,0.0,-0.012,0.0,0.011,0.013,0.108,0.0,,0.0,,,,,,,,,,0,,,,,1345.95,,,,,,,,,,,,,,,,,,,,,,,,,,1357.9,1357.9,1357.9,1357.9,1357.9,,,,,,,,,,,,,,,,,,,,,,,,,,,,,,,,,,,,,,T1,,,,,,,
34930,,,,,,,,,,-0.006,,-0.357,,0.022,0.045,,,,,,,,,,,,,,,,,,,,,,,,,,,,,,,,,,,,,,,,,,,,,,,,,,,,,,,,,,,,,-0.121,-0.085,0.082,-0.121,0.067,0.086,0.07,0.0,-0.012,0.0,0.013,0.013,-0.029,0.0,0.0,0.0,,,,,,,,,,0,,,,,572.05,572.07,,,,,,,,,,,,,,,,,,,,,,,,,573.17,573.17,573.18,573.18,573.18,573.2,,,,,,,,,,,,,,,,,,,,,,,,,,,,,,,,,,,,,,,,,,,,
6271,,,,,,,,,,0.002,,0.463,,,,,0.08,0.196,,,,,,,,,,,,,,,,,,,,,,,,,,,,,,,,,,,,,,,,,,,,,,,,,,,,,,,,,,0.016,-0.149,-0.702,0.016,-0.02,0.033,,,,,0.011,0.013,0.062,0.0,0.0,0.0,,,,,,,,,,0,,,,,154.84,,154.86,,,,,,,,,,,,,,,,,,,,,,,,155.34,155.34,155.35,,155.35,155.36,,,,,,,,,,,,,,,,,,,,,,,,,,,,,,,,,,,,,T1,,,,,,,
25373,,,,,,,,,,0.018,-0.034,,-0.01,,,0.024,,,,,,,,,,,,,,,,,,,,,,,,,,,,,,,,,,,,,,,,,,,,,,,,,,,,,,,,,,,,0.118,0.157,0.015,0.118,-0.055,-0.046,,,,,0.014,0.013,0.062,0.0,,0.0,,,,,,,,,,1,,,,,,,,,,,,,,,,,,,,,,,,,,,,,,,221.63,221.63,221.63,,221.63,,,,,,,,,,,,,,,,,,,,,,,,,,,,,,,,,,,,,,T1,,,,,,,
35778,-0.134,-0.211,0.0,,,0.061,,,,,,,,,,,,,,,,,,,,,,,,,,,,,,,,,,,,,,,,,,,,,,,,,,,,,,,,,,,,,,,,,,,,,,0.18,-0.136,-0.68,0.18,,0.243,,,,,0.011,0.013,0.108,0.0,,0.0,,,,,,,,,,0,21.83,,21.86,,,,,,,,,,,,,,,,,,,,,,,,,,,,34.33,34.33,34.33,,34.33,,,,,,,,,,,,,,,,,,,,,,,,,,,,,,,,,,,,,,T1,,,,,,,
45865,,,,,,,,,,,,,,,,,,,,,,,,,,,,,,,,,,,,,,,,,,-0.159,0.001,-0.001,,,-0.096,-0.051,,,,,,,,,,,,,,,,,,,,,,,0.018,-0.016,,,,-0.132,0.03,0.063,-0.132,-0.063,0.059,-0.092,0.0,-0.003,0.0,0.014,0.013,-0.119,0.0,0.0,0.0,,,,,,,,,,0,,,,,,,,,,,,,,,,,1048.78,,1048.9,,,,,,,,,,1078.66,,1081.54,1081.54,1081.54,1081.54,1081.54,1081.55,,,,,,,,,,,,,,,,,,,,,,,,,,,,,,,,,,,,,T1,,,,,,,
48021,0.01,-0.153,,-0.081,-0.164,,0.051,-0.001,,,,,,,,,,,,,,,,,,,,,,,,,,,,,,,,,,,,,,,,,,,,,,,,,,,,,,,,,,,,,,,,,,,,0.247,-0.015,0.082,0.247,0.102,0.059,,,,,0.012,0.013,-0.029,0.0,,0.0,,,,,,,,,,0,518.53,518.54,,,,,,,,,,,,,,,,,,,,,,,,,,,,,520.0,520.0,520.0,,520.0,,,,,,,,,,,,,,,,,,,,,,,,,,,,,,,,,,,,,,,,,,,,,
37396,0.03,0.029,0.0,,,,-0.028,0.002,,,,,,,,,,,,,,,,,,,,,,,,,,,,,,,,,,,,,,,,,,,,,,,,,,,,,,,,,,,,,,,,,-0.035,,,0.058,0.055,0.057,0.058,0.0,-0.02,-0.038,0.0,0.003,0.0,0.016,0.013,-0.074,0.0,,0.0,,,,,,,,,,0,897.08,,,,,,,,,,,,,,,,,,,,,,,,,,,,,,904.01,904.01,904.02,904.02,904.02,,,,,,,,,,,,,,,,,,,,,,,,,,,,,,,,,,,,,,T1,,,,,,,
22715,0.003,0.029,0.0,,0.336,-0.089,,,,,,,,,,,,,,,,,,,,,,,,,,,,,,,,,,,,,,,,,,,,,,,,,,,,,,,,,,,,,,,,,,,,,,-0.157,-0.002,0.082,-0.157,-0.031,-0.151,0.097,0.0,-0.012,0.0,0.014,0.013,-0.165,0.0,0.0,0.0,,,,,,,,,,0,1342.99,,1343.03,,,,,,,,,,,,,,,,,,,,,,,,,,,,1350.77,1350.77,1350.78,1350.78,1350.78,1350.8,,,,,,,,,,,,,,,,,,,,,,,,,,,,,,,,,,,,,T1,,,,,,,
41513,0.056,-0.014,,0.119,,,,,0.0,,,,,,,,,,,,,,,,,,,,,,,,,,,,,,,,,,,,,,,,,,,,,,,,,,,,,,,,,,,,,,0.09,-0.044,,,,0.134,0.03,0.057,0.134,0.0,0.138,-0.011,0.0,-0.013,0.0,0.017,0.013,0.108,0.0,,0.0,,,,,,,,,,0,837.99,837.99,,838.01,,,,,,,,,,,,,,,,,,,,,,,,,838.5,,876.81,876.81,876.81,876.81,876.81,,,,,,,,,,,,,,,,,,,,,,,,,,,,,,,,,,,,,,T1,,,,,,,
31356,,,,,,,,,,,,,,,,,,,,,,,,,,,,,,,,,,,,,,,,,,,,,,,,,,,,,,,,,0.321,,,,,,,,-0.07,,-0.01,0.121,0.124,0.025,-0.119,-0.012,,,,-0.081,0.042,0.063,-0.081,0.031,0.059,0.016,0.0,-0.012,0.0,0.017,0.013,0.017,0.0,,0.0,,,,,,,,,,0,,,,,,,,,,,,,,,,,,,,,,,,,,1016.4,1016.4,1016.41,1041.91,,1045.81,1045.81,1045.82,1045.82,1045.82,,,,,,,,,,,,,,,,,,,,,,,,,,,,,,,,,,,,,,T1,,,,,,,
9958,,,,,,,,,,0.006,,0.329,-0.01,,,0.023,,,,,,,,,,,,,,,,,,,,,,,,,,,,,,,,,,,,,,,,,,,,,,,,,,,,,,,,,,,,0.093,0.023,0.015,0.093,,0.033,,,,,0.009,0.013,0.017,0.0,0.0,0.0,,,,,,,,,,0,,,,,222.43,,,,,,,,,,,,,,,,,,,,,,,,,,223.29,223.29,223.29,,223.29,223.3,,,,,,,,,,,,,,,,,,,,,,,,,,,,,,,,,,,,,T1,,,,,,,
29770,-0.193,0.029,,-0.081,,,,,-0.007,,,,,,,,,,,,,,,,,,,,,,,,,,,,,,,,,,,,,,,,,,,,,,,,,,,,,,,,,,,,,,,,,,,-0.005,-0.117,0.082,-0.005,-0.043,0.059,0.07,0.0,-0.012,0.0,0.01,0.013,0.153,0.0,,0.0,,,,,,,,,,0,1382.99,1383.0,,1383.03,,,,,,,,,,,,,,,,,,,,,,,,,,,1384.05,1384.05,1384.05,1384.05,1384.05,,,,,,,,,,,,,,,,,,,,,,,,,,,,,,,,,,,,,,,,,,,,,
12775,,,,,,,,,,,,,,,,,,,,,,,,,,,,,,,,,,,,,,,,,,-0.057,,,-0.062,,-0.009,-0.16,,,,,,,,,,,,,,,,,,,,,,,0.046,-0.101,,,,-0.106,-0.034,0.063,-0.106,-0.035,0.086,-0.173,0.0,-0.006,0.0,0.013,0.013,-0.165,0.0,,0.0,,,,,,,,,,0,,,,,,,,,,,,,,,,,1053.93,1054.05,1054.05,,,,,,,,,,1079.64,,1081.91,1081.91,1081.91,1081.91,1081.91,,,,,,,,,,,,,,,,,,,,,,,,,,,,,,,,,,,,,,,,,,,,,
21814,,,,,,,,,,,,,,,,,,,,,,,,,,,0.007,-0.241,-0.315,,,,-0.091,-0.304,,,,,,,,,,,,,,,,,,,,,,,,,,,,,,,,,,,,,-0.053,-0.226,,,,0.205,0.125,0.037,0.205,-0.173,-0.125,,,,,0.014,0.013,0.108,0.0,,0.0,,,,,,,,,,0,,,,,,,,,,,383.29,383.3,,,,,,,,,,,,,,,,,409.34,,426.02,426.02,426.03,,426.03,,,,,,,,,,,,,,,,,,T1,,,,,,,,,,,,,,,,,,,,T1,,,,,,,
35155,-0.049,0.061,,-0.081,-0.164,,0.15,0.002,,,,,,,,,,,,,,,,,,,,,,,,,,,,,,,,,,,,,,,,,,,,,,,,,,,,,,,,,,,,,,,,,,,,,,,,,,,,,,,,,,,,0.004,0.0,0.104,0.059,,-0.233,0.0,,0.0,0,508.37,508.38,,,,,,,,,,,,,,,,,,,,,,,,,,,,,,,,,,,510.08,,510.09,510.1,,,,,,,,,,,,,,,,,,,,,,,,,,,,,,,,,,,,,,,,
45453,-0.127,0.013,0.0,,,,,,-0.07,,,,,,,,,,,,,,,,,,,,,,,,,,,,,,,,,,,,,,,,,,,,,,,,,,,,,,,,,,,,,,,,,,,-0.005,-0.002,0.104,-0.005,-0.067,0.138,0.26,0.0,0.021,0.0,0.014,0.013,0.153,0.0,,0.0,,,,,,,,,,0,1514.0,,,1514.03,,,,,,,,,,,,,,,,,,,,,,,,,,,1515.93,1515.93,1515.93,1515.93,1515.93,,,,,,,,,,,,,,,,,,,,,,,,,,,,,,,,,,,,,,T1,,,,,,,
4362,,,,,,,,,,-0.006,,-0.363,,,,-0.142,,,,,,,,,,,,,,,,,,,,,,,,,,,,,,,,,,,,,,,,,,,,,,,,,,,,,,,,,,,,0.084,-0.047,0.057,0.084,0.035,-0.178,-0.065,0.0,-0.004,0.0,0.018,0.013,0.017,0.0,0.0,0.0,,,,,,,,,,0,,,,,693.52,,,,,,,,,,,,,,,,,,,,,,,,,,701.27,701.27,701.27,701.27,701.27,701.3,,,,,,,,,,,,,,,,,,,,,,,,,,,,,,,,,,,,,T1,,,,,,,
46168,0.01,0.131,,0.019,,,,,0.028,,,,,,,,,,,,,,,,,,,,,,,,,,,,,,,,,,,,,,,,,,,,,,,,,,,,,,,,,,,,,,,,,,,-0.031,-0.06,0.104,-0.031,-0.086,0.112,-0.011,0.0,-0.003,0.0,0.016,0.013,-0.029,0.0,0.0,0.0,,,,,,,,,,0,1441.69,1441.69,,1441.72,,,,,,,,,,,,,,,,,,,,,,,,,,,1443.62,1443.62,1443.63,1443.63,1443.63,1443.64,,,,,,,,,,,,,,,,,,,,,,,,,,,,,,,,,,,,,T1,,,,,,,
51834,,,,,,,,,,-0.006,,0.408,,,,,-0.018,-0.08,,,,,,,,,,,,,,,,,,,,,,,,,,,,,,,,,,,,,,,,,,,,,,,,,,,,,,,,,,-0.03,0.106,0.082,-0.03,0.098,-0.099,-0.011,0.0,0.022,0.0,0.016,0.013,0.062,0.0,,0.0,,,,,,,,,,0,,,,,553.84,,553.9,,,,,,,,,,,,,,,,,,,,,,,,555.23,555.23,555.24,555.24,555.24,,,,,,,,,,,,,,,,,,,,,,,,,,,,,,,,,,,,,,T1,,,,,,,
51039,,,,,,,,,,-0.01,-0.034,,,,,0.034,,,,,,,,,,,,,,,,,,,,,,,,,,,,,,,,,,,,,,,,,,,,,,,,,,,,,,,,,,,,-0.25,0.074,-0.752,-0.25,-0.051,0.007,,,,,0.012,0.013,-0.029,0.0,,0.0,,,,,,,,,,0,,,,,,,,,,,,,,,,,,,,,,,,,,,,,,,174.7,174.7,174.71,,174.71,,,,,,,,,,,,,,,,,,,,,,,,,,,,,,,,,,,,,,T1,,,,,,,
40519,0.069,-0.185,0.0,,-0.164,,,,0.018,,,,,,,,,,,,,,,,,,,,,,,,,,,,,,,,,,,,,,,,,,,,,,,,,,,,,,,,,,,,,,,,,,,-0.132,-0.009,0.104,-0.132,0.004,0.033,0.07,0.0,-0.014,0.0,0.014,0.013,-0.074,0.0,,0.0,,,,,,,,,,0,1660.45,,,1660.48,,,,,,,,,,,,,,,,,,,,,,,,,,,1661.81,1661.81,1661.82,1661.82,1661.82,,,,,,,,,,,,,,,,,,,,,,,,,,,,,,,,,,,,,,T1,,,,,,,
53927,0.01,0.174,0.0,,-0.164,,-0.072,-0.001,,,,,,,,,,,,,,,,,,,,,,,,,,,,,,,,,,,,,,,,,,,,,,,,,,,,,,,,,,,,,,,,,,,,,,,,,,,,,,,,,,,,0.0,0.0,0.065,,-0.042,-0.18,0.0,,0.0,0,1426.66,,,,,,,,,,,,,,,,,,,,,,,,,,,,,,,,,,,,1427.77,,1427.79,1427.79,,,,,,,,,,,,,,,,,,,,,,,,,,,,,,,,,,,,,,,,
30196,,,,,,,,,,,,,,,,,,,,,,,,,,,,,,,,,,,,,,,,,,,,,,,,,,0.022,,,,,,,,0.034,,-0.3,,-0.021,0.036,,,,,,,,,,-0.035,,,-0.132,-0.155,0.063,-0.132,-0.035,-0.072,0.016,0.0,-0.013,0.0,0.014,0.013,-0.029,0.0,0.0,0.0,,,,,,,,,,0,,,,,,,,,,,,,,,,,,,,1018.52,,,1023.62,1023.63,1023.64,,,,,,1057.34,1057.34,1057.35,1057.35,1057.35,1057.36,,,,,,,,,,,,,,,,,,,,,,,,,,,,,,T1,,,,,,,T1,,,,,,,
58559,-0.055,0.152,,0.019,-0.164,,-0.079,0.002,,,,,,,,,,,,,,,,,,,,,,,,,,,,,,,,,,,,,,,,,,,,,,,,,,,,,,,,,,,,,,,,,,,,-0.106,-0.072,0.063,-0.106,0.016,-0.125,0.151,0.0,0.013,0.0,0.01,0.013,0.062,0.0,,0.0,,,,,,,,,,0,1225.56,1225.57,,,,,,,,,,,,,,,,,,,,,,,,,,,,,1226.79,1226.79,1226.8,1226.8,1226.8,,,,,,,,,,,,,,,,,,,,,,,,,,,,,,,,,,,,,,,,,,,,,
13015,-0.121,0.067,,0.019,0.336,,0.229,0.002,,,,,,,,,,,,,,,,,,,,,,,,,,,,,,,,,,,,,,,,,,,,,,,,,,,,,,,,,,,,,,,-0.047,-0.139,,,,0.155,0.195,-0.725,0.155,0.086,-0.125,,,,,0.011,0.013,-0.074,0.0,,0.001,,,,,,,,,,0,5.06,5.06,,,,,,,,,,,,,,,,,,,,,,,,,,,5.38,,13.5,13.5,13.51,,13.51,,,,,,,,,,,,,,,,,,,,,,,,,,,,,,,,,,,,,,T1,,,,,,,
25552,0.049,0.179,,0.019,,,,,-0.126,,,,,,,,,,,,,,,,,,,,,,,,,,,,,,,,,,,,,,,,,,,,,,,,,,,,,,,,,,,,,,,,,,,-0.056,-0.021,0.063,-0.056,-0.055,0.112,-0.038,0.0,0.019,0.0,0.013,0.013,0.062,0.0,,0.0,,,,,,,,,,0,1091.92,1091.93,,1091.96,,,,,,,,,,,,,,,,,,,,,,,,,,,1093.16,1093.16,1093.16,1093.16,1093.16,,,,,,,,,,,,,,,,,,,,,,,,,,,,,,,,,,,,,,,,,,,,,
44800,,,,,,,,,,,,,,,,,,,,,,,,,,,0.107,0.267,-0.248,,,,0.065,-0.215,,,,,,,,,,,,,,,,,,,,,,,,,,,,,,,,,,,,,0.007,0.0,,,,0.084,-0.072,0.057,0.084,-0.012,0.007,-0.065,0.0,-0.013,0.0,0.019,0.013,-0.029,0.0,,0.0,,,,,,,,,,0,,,,,,,,,,,786.67,786.68,,,,,,,,,,,,,,,,,790.36,,795.38,795.38,795.39,795.39,795.39,,,,,,,,,,,,,,,,,,T1,,,,,,,,,,,,,,,,,,,,T1,,,,,,,
1230,,,,,,,,,,0.022,,0.054,,,,0.035,,,,,,,,,,,,,,,,,,,,,,,,,,,,,,,,,,,,,,,,,,,,,,,,,,,,,,,,,-0.035,,,-0.081,-0.034,0.063,-0.081,-0.039,0.033,-0.011,0.0,-0.012,0.0,0.012,0.013,0.017,0.0,,0.0,,,,,,,,,,0,,,,,1262.11,,,,,,,,,,,,,,,,,,,,,,,,,,1266.83,1266.83,1266.84,1266.84,1266.84,,,,,,,,,,,,,,,,,,,,,,,,,,,,,,,,,,,,,,T1,,,,,,,
23846,,,,,,,,,,0.014,-0.034,,-0.01,-0.05,0.067,,,,,,,,,,,,,,,,,,,,,,,,,,,,,,,,,,,,,,,,,,,,,,,,,,,,,,,,,,,,,-0.246,-0.034,0.082,-0.246,0.11,-0.072,-0.011,0.0,0.013,0.0,0.014,0.013,-0.119,0.0,,0.0,,,,,,,,,,0,,,,,,567.87,,,,,,,,,,,,,,,,,,,,,,,,,569.72,569.72,569.78,569.78,569.78,,,,,,,,,,,,,,,,,,,,,,,,,,,,,,,,,,,,,,T1,,,,,,,
49887,-0.042,-0.163,,0.019,-0.164,0.241,,,,,,,,,,,,,,,,,,,,,,,,,,,,,,,,,,,,,,,,,,,,,,,,,,,,,,,,,,,,,,,,,,,,,,-0.198,0.081,0.037,-0.198,0.118,-0.125,,,,,0.012,0.013,-0.165,0.0,,0.0,,,,,,,,,,0,392.46,392.46,392.5,,,,,,,,,,,,,,,,,,,,,,,,,,,,401.33,401.33,401.34,,401.34,,,,,,,,,,,,,,,,,,,,,,,,,,,,,,,,,,,,,,,,,,,,,
35613,,,,,,,,,,,,,,,,,,,,,,,,,,,,,,,,,,,-0.117,,,-0.106,,0.033,-0.012,,,,,,,,,,,,,,,,,,,,,,,,,,,,,,,,-0.035,,,0.16,0.004,0.057,0.16,-0.016,0.059,-0.011,0.0,-0.013,0.0,0.014,0.013,-0.119,0.0,,0.0,,,,,,,,,,0,,,,,,,,,,,,,,803.92,,,,,,,,,,,,,,,,,808.5,808.5,808.5,808.5,808.5,,,,,,,,,,,,,,,,,,,,,T1,,T1,,,,,,,,,,,,,,,T1,,,,,,,
10289,0.03,-0.099,0.0,,,,-0.004,-0.002,,,,,,,,,,,,,,,,,,,,,,,,,,,,,,,,,,,,,,,,,,,,,,,,,,,,,,,,,,,,,,,-0.191,0.082,,,,0.131,-0.009,0.037,0.131,0.078,-0.178,,,,,0.013,0.013,0.062,0.0,0.0,0.0,,,,,,,,,,0,340.42,,,,,,,,,,,,,,,,,,,,,,,,,,,,340.47,,342.14,342.14,342.14,,342.14,342.16,,,,,,,,,,,,,,,,,,,,,,,,,,,,,,,,,,,,,T1,,,,,,,
56301,0.003,0.045,0.0,,,,,,0.1,,,,,,,,,,,,,,,,,,,,,,,,,,,,,,,,,,,,,,,,,,,,,,,,,,,,,,,,,,,,,,,,,,,0.2,0.303,-0.029,0.2,,0.164,,,,,0.008,0.013,-0.119,0.0,,0.0,,,,,,,,,,0,192.15,,,192.17,,,,,,,,,,,,,,,,,,,,,,,,,,,197.45,197.45,197.46,,197.46,,,,,,,,,,,,,,,,,,,,,,,,,,,,,,,,,,,,,,T1,,,,,,,
44323,,,,,,,,,,-0.002,,-0.316,,,,,0.015,0.053,,,,,,,,,,,,,,,,,,,,,,,,,,,,,,,,,,,,,,,,,,,,,,,,,,,,,,,,,,-0.06,-0.117,-0.702,-0.06,,0.007,,,,,-0.969,-0.987,0.017,0.0,0.0,0.0,,,,,,,,,,0,,,,,107.74,,107.77,,,,,,,,,,,,,,,,,,,,,,,,113.53,113.53,113.56,,113.56,113.58,,,,,,,,,,,,,,,,,,,,,,,,,,,,,,,,,,,,,T1,,,,,,,
47675,0.062,0.115,,0.019,0.336,0.008,,,,,,,,,,,,,,,,,,,,,,,,,,,,,,,,,,,,,,,,,,,,,,,,,,,,,,,,,,,,,,,,,,,,,,-0.132,0.023,0.104,-0.132,-0.09,0.138,-0.011,0.0,-0.004,0.0,0.014,0.013,-0.119,0.0,0.0,0.0,,,,,,,,,,0,1467.85,1467.86,1467.88,,,,,,,,,,,,,,,,,,,,,,,,,,,,1477.35,1477.35,1477.36,1477.36,1477.36,1477.38,,,,,,,,,,,,,,,,,,,,,,,,,,,,,,,,,,,,,T1,,,,,,,
45227,,,,,,,,,,,,,,,,,,,-0.032,0.146,0.003,-0.071,,,0.011,0.033,,,,,,,,,,,,,,,,,,,,,,,,,,,,,,,,,,,,,,,,,,,,,,,-0.035,,,-0.005,-0.028,0.063,-0.005,-0.039,-0.099,-0.092,0.0,-0.005,0.0,0.018,0.013,0.199,0.0,,0.0,,,,,,,,,,0,,,,,,,,1037.21,1037.22,1037.23,,,,,,,,,,,,,,,,,,,,,1071.85,1071.85,1071.85,1071.85,1071.85,,,,,,,,,,,,,T1,,,T3,,,,,,,,,,,,,,,,,,,,,,T1,,,,,,,
39399,-0.062,0.115,,0.019,,0.078,,,,,,,,,,,,,,,,,,,,,,,,,,,,,,,,,,,,,,,,,,,,,,,,,,,,,,,,,,,,,,,,,,,,,,-0.005,0.017,0.104,-0.005,-0.094,0.059,-0.038,0.0,-0.004,0.0,0.013,0.013,0.062,0.0,,0.0,,,,,,,,,,0,1560.16,1560.17,1560.2,,,,,,,,,,,,,,,,,,,,,,,,,,,,1563.98,1563.98,1563.99,1563.99,1563.99,,,,,,,,,,,,,,,,,,,,,,,,,,,,,,,,,,,,,,,,,,,,,
51248,,,,,,,,,,,,,,,,,,,,,,,,,,,,,,,,,,,-0.07,-0.008,0.141,,0.007,,0.069,,,,,,,,,,,,,,,,,,,,,,,,,,,,,,,,,,,0.197,-0.091,0.082,0.197,0.004,-0.178,,,,,0.013,0.013,0.29,0.0,0.0,0.0,,,,,,,,,,1,,,,,,,,,,,,,,449.3,449.32,449.32,,,,,,,,,,,,,,,493.6,493.6,493.61,,493.61,493.63,,,,,,,,,,,,,,,,,,,,T1,,,,,,,,,,,,,,,,,,,,,,,,
21873,,,,,,,,,,0.014,-0.034,,-0.01,,,,-0.011,0.134,,,,,,,,,,,,,,,,,,,,,,,,,,,,,,,,,,,,,,,,,,,,,,,,,,,,,,,,,,-0.132,-0.085,0.082,-0.132,0.031,0.007,0.124,0.0,0.022,0.0,0.009,0.013,-0.21,0.0,0.0,0.0,,,,,,,,,,0,,,,,,,1309.99,,,,,,,,,,,,,,,,,,,,,,,,1314.27,1314.27,1314.28,1314.28,1314.28,1314.3,,,,,,,,,,,,,,,,,,,,,,,,,,,,,,,,,,,,,,,,,,,,
46029,,,,,,,,,,0.006,-0.034,,-0.01,-0.076,0.001,,,,,,,,,,,,,,,,,,,,,,,,,,,,,,,,,,,,,,,,,,,,,,,,,,,,,,,,,,,,,0.084,-0.117,0.101,0.084,-0.016,-0.072,-0.038,0.0,-0.012,0.0,0.01,0.013,0.017,0.0,0.0,0.0,,,,,,,,,,0,,,,,,687.0,,,,,,,,,,,,,,,,,,,,,,,,,689.2,689.2,689.2,689.2,689.2,689.22,,,,,,,,,,,,,,,,,,,,,,,,,,,,,,,,,,,,,T1,,,,,,,
22820,-0.042,0.029,,0.019,-0.164,,-0.088,-0.004,,,,,,,,,,,,,,,,,,,,,,,,,,,,,,,,,,,,,,,,,,,,,,,,,,,,,,,,,,,,,,,,,,,,-0.173,0.151,0.037,-0.173,0.082,-0.178,,,,,0.021,0.013,-0.21,0.0,0.0,0.0,,,,,,,,,,0,402.34,402.34,,,,,,,,,,,,,,,,,,,,,,,,,,,,,404.25,404.25,404.25,,404.25,404.26,,,,,,,,,,,,,,,,,,,,,,,,,,,,,,,,,,,,,,,,,,,,
34370,,,,,,,,,,0.006,0.066,,-0.01,-0.027,-0.013,,,,,,,,,,,,,,,,,,,,,,,,,,,,,,,,,,,,,,,,,,,,,,,,,,,,,,,,,,,,,0.155,-0.072,-0.702,0.155,0.078,-0.046,,,,,0.013,0.013,0.062,0.0,,0.0,,,,,,,,,,0,,,,,,46.63,,,,,,,,,,,,,,,,,,,,,,,,,54.49,54.49,54.49,,54.49,,,,,,,,,,,,,,,,,,,,,,,,,,,,,,,,,,,,,,T1,,,,,,,
35630,0.01,0.099,0.0,,-0.164,,,,0.011,,,,,,,,,,,,,,,,,,,,,,,,,,,,,,,,,,,,,,,,,,,,,,,,,,,,,,,,,,,,,,-0.172,0.001,,,,0.008,-0.015,0.063,0.008,-0.016,-0.099,0.016,0.0,0.004,0.0,0.014,0.013,-0.119,0.0,,0.0,,,,,,,,,,0,947.54,,,947.56,,,,,,,,,,,,,,,,,,,,,,,,,951.86,,957.16,957.16,957.17,957.17,957.17,,,,,,,,,,,,,,,,,,,,,,,,,,,,,,,,,,,,,,T1,,,,,,,
16754,-0.062,-0.169,,0.019,,0.001,,,,,,,,,,,,,,,,,,,,,,,,,,,,,,,,,,,,,,,,,,,,,,,,,,,,,,,,,,,,,,,,,,,,,,-0.157,-0.168,0.082,-0.157,-0.071,0.086,-0.038,0.0,0.013,0.0,0.01,0.013,-0.029,0.0,0.0,0.0,,,,,,,,,,0,1291.51,1291.51,1291.54,,,,,,,,,,,,,,,,,,,,,,,,,,,,1294.76,1294.76,1294.76,1294.76,1294.76,1294.77,,,,,,,,,,,,,,,,,,,,,,,,,,,,,,,,,,,,,T1,,,,,,,
45942,,,,,,,,,,-0.018,-0.034,,,,,0.077,,,,,,,,,,,,,,,,,,,,,,,,,,,,,,,,,,,,,,,,,,,,,,,,,,,,,,,,,,,,0.116,0.004,0.037,0.116,-0.031,-0.283,,,,,0.009,0.013,0.017,0.0,0.0,0.0,,,,,,,,,,0,,,,,,,,,,,,,,,,,,,,,,,,,,,,,,,350.99,350.99,350.99,,350.99,351.01,,,,,,,,,,,,,,,,,,,,,,,,,,,,,,,,,,,,,T1,,,,,,,
49277,,,,,,,,,,-0.01,,0.305,,,,0.058,,,,,,,,,,,,,,,,,,,,,,,,,,,,,,,,,,,,,,,,,,,,,,,,,,,,,,,,,,,,0.041,-0.072,-0.702,0.041,0.059,0.059,,,,,0.012,0.013,0.153,0.0,0.0,0.0,,,,,,,,,,0,,,,,149.48,,,,,,,,,,,,,,,,,,,,,,,,,,151.97,151.97,151.97,,151.97,151.99,,,,,,,,,,,,,,,,,,,,,,,,,,,,,,,,,,,,,,,,,,,,
25765,,,,,,,,,,,,,,,,,,,,,,,,,,,,,,,,,,,,,,,,,,,,,,,,,,,,,,,,,,,,,,,,,,,,,,,,,,,,0.205,0.081,-0.725,0.205,,-0.099,,,,,0.012,0.013,0.017,0.0,,0.0,,,,,,,,,,0,,,,,,,,,,,,,,,,,,,,,,,,,,,,,,,1.11,1.11,1.12,,1.12,,,,,,,,,,,,,,,,,,,,,,,,,,,,,,,,,,,,,,,,,,,,,
50063,,,,,,,,,,-0.006,0.066,,-0.01,,,,-0.037,-0.151,,,,,,,,,,,,,,,,,,,,,,,,,,,,,,,,,,,,,,,,,,,,,,,,,,,,,,,,,,-0.056,-0.104,0.063,-0.056,0.051,-0.204,-0.011,0.0,-0.005,0.0,0.018,0.013,0.017,0.0,0.0,0.0,,,,,,,,,,0,,,,,,,1089.44,,,,,,,,,,,,,,,,,,,,,,,,1090.75,1090.75,1090.75,1090.75,1090.75,1090.77,,,,,,,,,,,,,,,,,,,,,,,,,,,,,,,,,,,,,T1,,,,,,,
59539,0.134,0.174,0.0,,0.336,,-0.059,0.0,,,,,,,,,,,,,,,,,,,,,,,,,,,,,,,,,,,,,,,,,,,,,,,,,,,,,,,,,,,,,,,,,,,,0.096,-0.028,0.063,0.096,-0.051,0.138,0.07,0.0,0.021,0.0,0.014,0.013,0.199,0.0,,0.0,,,,,,,,,,0,1144.01,,,,,,,,,,,,,,,,,,,,,,,,,,,,,,1145.44,1145.44,1145.44,1145.44,1145.44,,,,,,,,,,,,,,,,,,,,,,,,,,,,,,,,,,,,,,T1,,,,,,,
3399,0.134,0.04,0.0,,-0.164,0.016,,,,,,,,,,,,,,,,,,,,,,,,,,,,,,,,,,,,,,,,,,,,,,,,,,,,,,,,,,,,,,,,,,,,,,-0.043,-0.015,0.101,-0.043,0.11,-0.125,0.043,0.0,0.006,0.0,0.01,0.013,-0.21,0.0,0.0,0.0,,,,,,,,,,0,653.84,,653.86,,,,,,,,,,,,,,,,,,,,,,,,,,,,655.43,655.43,655.43,655.43,655.43,655.44,,,,,,,,,,,,,,,,,,,,,,,,,,,,,,,,,,,,,,,,,,,,
46465,0.082,-0.003,0.0,,,,,,0.035,,,,,,,,,,,,,,,,,,,,,,,,,,,,,,,,,,,,,,,,,,,,,,,,,,,,,,,,,,,,,,,,,,,-0.031,-0.104,0.063,-0.031,-0.031,0.007,0.016,0.0,-0.014,0.0,0.009,0.013,0.153,0.0,,0.0,,,,,,,,,,0,1098.24,,,1098.29,,,,,,,,,,,,,,,,,,,,,,,,,,,1104.63,1104.63,1104.63,1104.63,1104.63,,,,,,,,,,,,,,,,,,,,,,,,,,,,,,,,,,,,,,T1,,,,,,,
35320,,,,,,,,,,,,,,,,,,,,,,,,,,,,,,,,,,,,,,,,,,,,,,,,,,,,,,,,,,0.087,,-0.188,,-0.041,0.153,,,,,,,,,,-0.035,,,-0.132,-0.161,0.063,-0.132,-0.031,0.112,-0.011,0.0,-0.013,0.0,0.019,0.013,-0.029,0.0,0.0,0.0,,,,,,,,,,0,,,,,,,,,,,,,,,,,,,,,,,1023.62,1023.63,1023.64,,,,,,1057.33,1057.33,1057.35,1057.35,1057.35,1057.36,,,,,,,,,,,,,,,,,,,,,,,,,,,,,,T1,,,,,,,T1,,,,,,,
54093,,,,,,,,,,,,,,,,,,,,,,,,,,,,,,,,,,,,,,,,,,0.023,-0.002,-0.001,,-0.007,,0.212,,,,,,,,,,,,,,,,,,,,,,,,,0.889,,,-0.081,-0.06,0.063,-0.081,-0.027,-0.046,0.232,0.0,-0.013,0.0,0.014,0.013,-0.029,0.0,,0.0,,,,,,,,,,0,,,,,,,,,,,,,,,,,947.66,,,,,,,,,,,,,,992.07,992.07,992.08,992.08,992.08,,,,,,,,,,,,,,,,,,,,,,,,,,,,,,,,,,,,,,T1,,,,,,,
16170,,,,,,,,,,,,,,,,,,,,,,,,,,,,,,,,,,,0.035,0.047,-0.081,,0.098,,0.12,,,,,,,,,,,,,,,,,,,,,,,,,,,,,,-0.171,0.037,,,,-0.017,0.023,0.057,-0.017,-0.016,0.112,-0.011,0.0,0.021,0.0,0.018,0.013,-0.256,0.0,,0.0,,,,,,,,,,0,,,,,,,,,,,,,,744.27,744.29,744.29,,,,,,,,,,,,,768.65,,771.92,771.92,771.93,771.93,771.93,,,,,,,,,,,,,,,,,,,,,T1,,,,,,,,,,,,,,,,,T1,,,,,,,
7181,,,,,,,,,,,,,,,,,,,,,,,,,,,,,,,,,,,,,,,,,,,,,,,,,,,,,,,,,,,,,,,,,,,0.064,-0.026,0.215,0.09,,,0.897,,,-0.006,-0.091,0.082,-0.006,-0.004,0.086,,,,,0.013,0.013,-0.119,0.0,,0.0,,,,,,,,,,0,,,,,,,,,,,,,,,,,,,,,,,,,,,420.55,420.55,,,472.55,472.55,472.55,,472.55,,,,,,,,,,,,,,,,,,,,,,,,,,,,,,,,,,,,,,T1,,,,,,,
58087,0.03,-0.046,,0.019,-0.164,-0.021,,,,,,,,,,,,,,,,,,,,,,,,,,,,,,,,,,,,,,,,,,,,,,,,,,,,,,,,,,,,,,,,,,,-0.035,,,0.084,0.023,0.057,0.084,-0.02,-0.099,-0.011,0.0,-0.013,0.0,0.011,0.013,-0.074,0.0,0.0,0.0,,,,,,,,,,0,838.16,838.17,838.19,,,,,,,,,,,,,,,,,,,,,,,,,,,,879.36,879.36,879.37,879.37,879.37,879.39,,,,,,,,,,,,,,,,,,,,,,,,,,,,,,,,,,,,,T1,,,,,,,
23912,0.056,0.136,0.0,,-0.164,0.093,,,,,,,,,,,,,,,,,,,,,,,,,,,,,,,,,,,,,,,,,,,,,,,,,,,,,,,,,,,,,,,,,0.339,0.055,,,,0.008,0.017,0.057,0.008,-0.008,0.033,-0.119,0.0,-0.013,0.0,0.011,0.013,-0.119,0.0,0.0,0.0,,,,,,,,,,0,885.82,,885.85,,,,,,,,,,,,,,,,,,,,,,,,,,886.49,,888.95,888.95,888.96,888.96,888.96,888.98,,,,,,,,,,,,,,,,,,,,,,,,,,,,,,,,,,,,,T1,,,,,,,
32498,,,,,,,,,,,,,,,,,,,,,,,,,,,,,,,,,,,,,,,,,,0.051,0.001,0.0,,,-0.021,-0.031,,,,,,,,,,,,,,,,,,,,,,,-0.147,-0.048,,,,-0.25,0.042,0.037,-0.25,0.075,-0.125,,,,,0.009,0.013,0.108,0.0,,0.0,,,,,,,,,,0,,,,,,,,,,,,,,,,,364.02,,364.13,,,,,,,,,,405.11,,416.66,416.66,416.66,,416.66,,,,,,,,,,,,,,,,,,,,,,,,,,,,,,,,,,,,,,T1,,,,,,,
13035,0.01,0.067,,0.019,,,,,-0.001,,,,,,,,,,,,,,,,,,,,,,,,,,,,,,,,,,,,,,,,,,,,,,,,,,,,,,,,,,,,,,,,-0.035,,,0.134,0.061,0.057,0.134,0.012,-0.046,-0.119,0.0,-0.013,0.0,0.013,0.013,0.062,0.0,,0.0,,,,,,,,,,0,838.76,838.76,,838.78,,,,,,,,,,,,,,,,,,,,,,,,,,,879.78,879.78,879.78,879.78,879.78,,,,,,,,,,,,,,,,,,,,,,,,,,,,,,,,,,,,,,T1,,,,,,,
33752,,,,,,,,,,0.014,0.066,,-0.01,0.033,0.013,,,,,,,,,,,,,,,,,,,,,,,,,,,,,,,,,,,,,,,,,,,,,,,,,,,,,,,,,,,,,-0.132,-0.053,0.063,-0.132,-0.027,-0.125,0.07,0.0,0.022,0.0,0.01,0.013,-0.029,0.0,,0.0,,,,,,,,,,0,,,,,,1163.85,,,,,,,,,,,,,,,,,,,,,,,,,1166.06,1166.06,1166.06,1166.06,1166.06,,,,,,,,,,,,,,,,,,,,,,,,,,,,,,,,,,,,,,T1,,,,,,,
59366,-0.082,-0.126,,0.019,-0.164,,,,0.032,,,,,,,,,,,,,,,,,,,,,,,,,,,,,,,,,,,,,,,,,,,,,,,,,,,,,,,,,,,,,,,,,,,,,,,,,,,,,,,,,,,0.0,0.0,0.017,-0.038,,-0.291,0.0,,0.0,1,1431.42,1431.43,,1431.45,,,,,,,,,,,,,,,,,,,,,,,,,,,,,,,,,1432.57,,1432.59,1432.59,,,,,,,,,,,,,,,,,,,,,,,,,,,,,,,,,,,,,,,,
5065,-0.042,-0.003,,0.019,,,-0.029,0.004,,,,,,,,,,,,,,,,,,,,,,,,,,,,,,,,,,,,,,,,,,,,,,,,,,,,,,,,,,,,,,,,,,,,-0.056,-0.015,0.063,-0.056,-0.043,0.138,0.016,0.0,-0.001,0.0,0.014,0.013,0.062,0.0,0.0,0.0,,,,,,,,,,0,1114.94,1114.95,,,,,,,,,,,,,,,,,,,,,,,,,,,,,1121.8,1121.8,1121.81,1121.81,1121.81,1121.82,,,,,,,,,,,,,,,,,,,,,,,,,,,,,,,,,,,,,,,,,,,,
50604,-0.042,-0.121,,0.019,,-0.047,,,,,,,,,,,,,,,,,,,,,,,,,,,,,,,,,,,,,,,,,,,,,,,,,,,,,,,,,,,,,,,,,,,,,,-0.232,-0.136,0.037,-0.232,0.075,-0.046,,,,,0.012,0.013,0.017,0.0,,0.0,,,,,,,,,,0,252.78,252.78,252.81,,,,,,,,,,,,,,,,,,,,,,,,,,,,253.78,253.78,253.78,,253.78,,,,,,,,,,,,,,,,,,,,,,,,,,,,,,,,,,,,,,T1,,,,,,,
17375,,,,,,,,,,,,,,,,,,,,,,,,,,,,,,,,,,,-0.151,-0.008,0.058,,,0.101,-0.024,,,,,,,,,,,,,,,,,,,,,,,,,,,,,,,,-0.035,,,0.109,-0.06,0.057,0.109,0.035,-0.02,0.07,0.0,-0.004,0.0,0.011,0.013,-0.029,0.0,0.0,0.0,,,,,,,,,,0,,,,,,,,,,,,,,677.48,677.5,,,,,,,,,,,,,,,,723.8,723.8,723.8,723.8,723.8,723.82,,,,,,,,,,,,,,,,,,,,T1,,,,,,,,,,,,,,,,,T1,,,,,,,
39189,0.121,0.072,,0.019,,,-0.038,0.001,,,,,,,,,,,,,,,,,,,,,,,,,,,,,,,,,,,,,,,,,,,,,,,,,,,,,,,,,,,,,,,,,,,,0.045,-0.028,0.063,0.045,-0.016,0.138,-0.092,0.0,0.021,0.0,0.016,0.013,0.108,0.0,0.0,0.0,,,,,,,,,,0,1144.46,1144.46,,,,,,,,,,,,,,,,,,,,,,,,,,,,,1145.96,1145.96,1145.96,1145.96,1145.96,1146.04,,,,,,,,,,,,,,,,,,,,,,,,,,,,,,,,,,,,,T1,,,,,,,
50047,,,,,,,,,,0.002,,0.223,,-0.108,-0.177,,,,,,,,,,,,,,,,,,,,,,,,,,,,,,,,,,,,,,,,,,,,,,,,,,,,,,,,,,,,,-0.009,-0.111,-0.769,-0.009,-0.008,-0.125,,,,,0.009,0.013,0.062,0.0,0.0,0.0,,,,,,,,,,0,,,,,155.75,155.78,,,,,,,,,,,,,,,,,,,,,,,,,165.3,165.3,165.3,,165.3,165.33,,,,,,,,,,,,,,,,,,,,,,,,,,,,,,,,,,,,,T1,,,,,,,
17525,,,,,,,,,,,,,,,,,,,,,,,,,,,,,,,,,,,-0.113,-0.008,0.189,,0.107,,0.093,,,,,,,,,,,,,,,,,,,,,,,,,,,,,,,,,,,0.02,-0.072,0.082,0.02,0.031,-0.125,,,,,0.011,0.013,0.017,0.0,,0.0,,,,,,,,,,0,,,,,,,,,,,,,,469.07,469.08,469.09,,,,,,,,,,,,,,,505.84,505.84,505.84,,505.84,,,,,,,,,,,,,,,,,,,,,T1,,,,,,,,,,,,,,,,,,,,,,,,
58600,0.043,0.024,,0.119,-0.164,-0.068,,,,,,,,,,,,,,,,,,,,,,,,,,,,,,,,,,,,,,,,,,,,,,,,,,,,,,,,,,,,,,,,,,,-0.035,,,0.058,0.036,0.057,0.058,-0.004,-0.02,-0.011,0.0,0.003,0.0,0.016,0.013,-0.074,0.0,0.0,0.0,,,,,,,,,,0,894.71,894.72,894.74,,,,,,,,,,,,,,,,,,,,,,,,,,,,897.86,897.86,897.87,897.87,897.87,897.89,,,,,,,,,,,,,,,,,,,,,,,,,,,,,,,,,,,,,T1,,,,,,,
20849,-0.049,-0.244,0.0,,,,,,-0.213,,,,,,,,,,,,,,,,,,,,,,,,,,,,,,,,,,,,,,,,,,,,,,,,,,,,,,,,,,,,,,,,,,,0.067,-0.174,-0.702,0.067,,-0.099,,,,,0.01,0.013,0.017,0.0,,0.0,,,,,,,,,,0,116.61,,,116.65,,,,,,,,,,,,,,,,,,,,,,,,,,,118.53,118.53,118.53,,118.53,,,,,,,,,,,,,,,,,,,,,,,,,,,,,,,,,,,,,,T1,,,,,,,
32138,,,,,,,,,,,,,,,,,,,,,,,,,,,,,,,,,,,,,,,,,,,,,,,,,,,0.0,0.011,,-0.012,,0.018,,,,,,,,,,,,,,,0.282,0.055,,,,0.185,-0.015,0.057,0.185,-0.047,0.138,-0.011,0.0,0.012,0.0,0.012,0.013,-0.029,0.0,0.0,0.0,,,,,,,,,,0,,,,,,,,,,,,,,,,,,,,,647.15,,,,,,,,735.97,,740.49,740.49,740.49,740.49,740.49,740.52,,,,,,,,,,,,,,,,,,,,,,,,,,,,,,,,,,,,,T1,,,,,,,
35089,-0.068,-0.078,,-0.081,,,,,-0.042,,,,,,,,,,,,,,,,,,,,,,,,,,,,,,,,,,,,,,,,,,,,,,,,,,,,,,,,,,,,,,,,,,,-0.081,-0.072,0.082,-0.081,-0.047,0.033,0.043,0.0,-0.003,0.0,0.012,0.013,0.062,0.0,0.0,0.0,,,,,,,,,,0,1360.72,1360.73,,1360.76,,,,,,,,,,,,,,,,,,,,,,,,,,,1362.35,1362.35,1362.35,1362.35,1362.35,1362.37,,,,,,,,,,,,,,,,,,,,,,,,,,,,,,,,,,,,,T1,,,,,,,
7851,,,,,,,,,,,,,,,,,,,,,,,,,,,,,,,,,,,0.068,0.047,0.007,,-0.029,,0.071,,,,,,,,,,,,,,,,,,,,,,,,,,,,,,,,-0.035,,,0.008,0.017,0.057,0.008,-0.012,0.033,-0.092,0.0,0.004,0.0,0.014,0.013,-0.21,0.0,,0.0,,,,,,,,,,0,,,,,,,,,,,,,,712.1,712.11,712.11,,,,,,,,,,,,,,,757.29,757.29,757.29,757.29,757.29,,,,,,,,,,,,,,,,,,,,,T1,,,,,,,,,,,,,,,,,,,,,,,,
9637,0.121,0.072,,0.019,0.336,,,,-0.06,,,,,,,,,,,,,,,,,,,,,,,,,,,,,,,,,,,,,,,,,,,,,,,,,,,,,,,,,,,,,,,,,,,0.084,-0.002,0.063,0.084,-0.051,0.059,-0.065,0.0,0.003,0.0,0.014,0.013,-0.029,0.0,,0.0,,,,,,,,,,0,921.06,921.07,,921.09,,,,,,,,,,,,,,,,,,,,,,,,,,,923.24,923.24,923.24,923.24,923.24,,,,,,,,,,,,,,,,,,,,,,,,,,,,,,,,,,,,,,,,,,,,,
12885,,,,,,,,,,-0.002,,-0.042,-0.01,0.005,-0.078,,,,,,,,,,,,,,,,,,,,,,,,,,,,,,,,,,,,,,,,,,,,,,,,,,,,,,,,,,,,,-0.056,-0.015,0.063,-0.056,-0.047,0.059,-0.065,0.0,-0.012,0.0,0.011,0.013,-0.119,0.0,0.0,0.0,,,,,,,,,,0,,,,,1261.82,1261.84,,,,,,,,,,,,,,,,,,,,,,,,,1266.34,1266.34,1266.34,1266.34,1266.34,1266.35,,,,,,,,,,,,,,,,,,,,,,,,,,,,,,,,,,,,,T1,,,,,,,
25499,,,,,,,,,,0.014,0.066,,,,,-0.082,,,,,,,,,,,,,,,,,,,,,,,,,,,,,,,,,,,,,,,,,,,,,,,,,,,,,,,,,,,,0.096,-0.002,0.082,0.096,-0.071,0.322,-0.173,0.0,-0.012,0.0,0.011,0.013,0.108,0.0,0.0,0.0,,,,,,,,,,0,,,,,,,,,,,,,,,,,,,,,,,,,,,,,,,1425.51,1425.51,1425.51,1425.51,1425.51,1425.54,,,,,,,,,,,,,,,,,,,,,,,,,,,,,,,,,,,,,T1,,,,,,,
9852,0.167,0.19,0.0,,,0.003,,,,,,,,,,,,,,,,,,,,,,,,,,,,,,,,,,,,,,,,,,,,,,,,,,,,,,,,,,,,,,,,,,,-0.035,,,0.033,-0.002,0.063,0.033,0.055,0.007,-0.011,0.0,-0.013,0.0,0.014,0.013,-0.119,0.0,0.0,0.0,,,,,,,,,,0,925.05,,925.08,,,,,,,,,,,,,,,,,,,,,,,,,,,,930.1,930.1,930.1,930.1,930.1,930.12,,,,,,,,,,,,,,,,,,,,,,,,,,,,,,,,,,,,,T1,,,,,,,
1234,-0.036,0.115,,0.019,-0.164,,,,-0.008,,,,,,,,,,,,,,,,,,,,,,,,,,,,,,,,,,,,,,,,,,,,,,,,,,,,,,,,,,,,,,,,,,,0.02,-0.066,0.082,0.02,-0.055,0.007,0.016,0.0,-0.012,0.0,0.012,0.013,-0.21,0.0,0.0,0.0,,,,,,,,,,0,1381.02,1381.03,,1381.06,,,,,,,,,,,,,,,,,,,,,,,,,,,1382.35,1382.35,1382.35,1382.35,1382.35,1382.39,,,,,,,,,,,,,,,,,,,,,,,,,,,,,,,,,,,,,T1,,,,,,,
12428,,,,,,,,,,,,,,,,,,,,,,,,,,,0.079,-0.063,-0.057,,,,0.068,-0.014,,,,,,,,,,,,,,,,,,,,,,,,,,,,,,,,,,,,,-0.416,-0.012,,,,-0.132,0.011,0.063,-0.132,-0.024,0.007,-0.146,0.0,0.012,0.0,0.005,0.013,-0.119,0.0,,0.0,,,,,,,,,,1,,,,,,,,,,,987.14,987.15,,,,,,,,,,,,,,,,,996.02,,1003.16,1003.16,1003.16,1003.16,1003.16,,,,,,,,,,,,,,,,,,T1,,,,,,,,,,,,,,,,,,,,T1,,,,,,,
8717,-0.055,0.008,,-0.081,,-0.034,,,,,,,,,,,,,,,,,,,,,,,,,,,,,,,,,,,,,,,,,,,,,,,,,,,,,,,,,,,,,,,,,,,,,,0.219,0.119,0.037,0.219,0.082,-0.125,,,,,0.018,0.013,-0.029,0.0,,0.0,,,,,,,,,,0,369.2,369.21,369.23,,,,,,,,,,,,,,,,,,,,,,,,,,,,370.83,370.83,370.84,,370.84,,,,,,,,,,,,,,,,,,,,,,,,,,,,,,,,,,,,,,,,,,,,,
41741,-0.055,0.056,0.0,,0.336,,,,0.118,,,,,,,,,,,,,,,,,,,,,,,,,,,,,,,,,,,,,,,,,,,,,,,,,,,,,,,,,,,,,,,,,,,-0.33,0.106,-0.029,-0.33,0.122,-0.046,,,,,0.009,0.013,-0.119,0.0,,0.0,,,,,,,,,,0,202.36,,,202.4,,,,,,,,,,,,,,,,,,,,,,,,,,,202.8,202.8,202.81,,202.81,,,,,,,,,,,,,,,,,,,,,,,,,,,,,,,,,,,,,,T1,,,,,,,
35427,,,,,,,,,,,,,,,,,,,,,,,,,,,,,,,,,,,-0.147,-0.008,-0.063,,,0.074,0.038,,,,,,,,,,,,,,,,,,,,,,,,,,,,,,0.197,0.113,,,,0.109,0.068,0.057,0.109,0.059,-0.099,0.097,0.0,-0.012,0.0,0.016,0.013,0.108,0.0,0.0,0.0,,,,,,,,,,0,,,,,,,,,,,,,,804.74,804.76,,,,,,,,,,,,,,808.44,,811.98,811.98,811.98,811.98,811.98,812.0,,,,,,,,,,,,,,,,,,,,T1,,,,,,,,,,,,,,,,,T1,,,,,,,
12867,-0.088,0.147,,-0.081,-0.164,-0.013,,,,,,,,,,,,,,,,,,,,,,,,,,,,,,,,,,,,,,,,,,,,,,,,,,,,,,,,,,,,,,,,,,,,,,-0.096,-0.053,0.082,-0.096,0.008,-0.072,0.016,0.0,0.013,0.0,0.016,0.013,-0.029,0.0,,0.0,,,,,,,,,,0,572.52,572.55,572.58,,,,,,,,,,,,,,,,,,,,,,,,,,,,574.48,574.48,574.48,574.48,574.48,,,,,,,,,,,,,,,,,,,,,,,,,,,,,,,,,,,,,,T1,,,,,,,
20108,0.01,-0.03,,0.019,-0.164,,-0.073,0.001,,,,,,,,,,,,,,,,,,,,,,,,,,,,,,,,,,,,,,,,,,,,,,,,,,,,,,,,,,,,,,,,,,,,-0.106,-0.066,0.063,-0.106,-0.039,0.217,0.043,0.0,-0.003,0.0,0.01,0.013,-0.029,0.0,,0.0,,,,,,,,,,0,1156.72,1156.73,,,,,,,,,,,,,,,,,,,,,,,,,,,,,1158.24,1158.24,1158.25,1158.25,1158.25,,,,,,,,,,,,,,,,,,,,,,,,,,,,,,,,,,,,,,T1,,,,,,,
43206,,,,,,,,,,-0.006,,-0.339,,,,,-0.009,0.155,,,,,,,,,,,,,,,,,,,,,,,,,,,,,,,,,,,,,,,,,,,,,,,,,,,,,,,,,,-0.123,0.163,-0.029,-0.123,0.098,-0.02,,,,,0.013,0.013,0.062,0.0,,0.0,,,,,,,,,,0,,,,,181.25,,181.26,,,,,,,,,,,,,,,,,,,,,,,,181.93,181.93,181.93,,181.93,,,,,,,,,,,,,,,,,,,,,,,,,,,,,,,,,,,,,,T1,,,,,,,
16450,,,,,,,,,,-0.014,,0.159,,,,,-0.04,-0.202,,,,,,,,,,,,,,,,,,,,,,,,,,,,,,,,,,,,,,,,,,,,,,,,,,,,,,,,,,0.084,0.068,0.101,0.084,0.094,-0.099,0.07,0.0,-0.012,0.0,0.017,0.013,-0.074,0.0,,0.0,,,,,,,,,,0,,,,,657.24,,657.26,,,,,,,,,,,,,,,,,,,,,,,,669.88,669.88,669.88,669.88,669.88,,,,,,,,,,,,,,,,,,,,,,,,,,,,,,,,,,,,,,T1,,,,,,,
50356,,,,,,,,,,,,,,,,,,,,,,,,,,,,,,,,,,,-0.19,,,0.02,-0.02,,-0.075,,,,,,,,,,,,,,,,,,,,,,,,,,,,,,-0.166,0.089,,,,-0.017,-0.206,0.057,-0.017,-0.027,0.007,0.07,0.0,-0.013,0.0,0.017,0.013,-0.165,0.0,,0.0,,,,,,,,,,0,,,,,,,,,,,,,,794.73,,794.74,,,,,,,,,,,,,795.09,,803.37,803.37,803.37,803.37,803.37,,,,,,,,,,,,,,,,,,,,,T1,,T1,,,,,,,,,,,,,,,,,,,,,,
24122,-0.003,0.045,,0.019,-0.164,,-0.074,0.0,,,,,,,,,,,,,,,,,,,,,,,,,,,,,,,,,,,,,,,,,,,,,,,,,,,,,,,,,,,,,,,-0.138,0.169,,,,-0.031,0.023,0.104,-0.031,-0.082,0.059,-0.065,0.0,-0.004,0.0,0.01,0.013,-0.074,0.0,0.0,0.0,,,,,,,,,,0,1532.35,1532.36,,,,,,,,,,,,,,,,,,,,,,,,,,,1532.43,,1541.86,1541.86,1541.86,1541.86,1541.86,1541.88,,,,,,,,,,,,,,,,,,,,,,,,,,,,,,,,,,,,,T1,,,,,,,
10765,,,,,,,,,,,,,,,,,,,,,,,,,,,,,,,,,,,0.038,-0.008,0.08,,0.007,,-0.081,,,,,,,,,,,,,,,,,,,,,,,,,,,,,,-0.282,0.088,,,,0.008,0.017,0.057,0.008,0.027,0.007,-0.011,0.0,0.029,0.0,0.012,0.013,-0.21,0.0,0.0,0.0,,,,,,,,,,0,,,,,,,,,,,,,,670.67,670.68,670.69,,,,,,,,,,,,,703.62,,708.92,708.92,708.92,708.92,708.92,709.07,,,,,,,,,,,,,,,,,,,,T1,,,,,,,,,,,,,,,,,T1,,,,,,,
11869,0.01,0.174,,0.019,,,-0.006,0.001,,,,,,,,,,,,,,,,,,,,,,,,,,,,,,,,,,,,,,,,,,,,,,,,,,,,,,,,,,,,,,,,,,,,-0.132,0.074,0.063,-0.132,-0.02,0.112,-0.011,0.0,-0.013,0.0,0.017,0.013,0.062,0.0,0.0,0.0,,,,,,,,,,0,970.86,970.86,,,,,,,,,,,,,,,,,,,,,,,,,,,,,972.85,972.85,972.85,972.85,972.85,972.87,,,,,,,,,,,,,,,,,,,,,,,,,,,,,,,,,,,,,T1,,,,,,,
28848,,,,,,,,,,0.018,-0.034,,0.24,-0.049,-0.279,,,,,,,,,,,,,,,,,,,,,,,,,,,,,,,,,,,,,,,,,,,,,,,,,,,,,,,,,,,,,-0.081,-0.002,0.104,-0.081,-0.051,0.033,0.124,0.0,0.012,0.0,0.008,0.013,0.108,0.0,,0.0,,,,,,,,,,0,,,,,,1599.77,,,,,,,,,,,,,,,,,,,,,,,,,1609.71,1609.71,1609.71,1609.71,1609.71,,,,,,,,,,,,,,,,,,,,,,,,,,,,,,,,,,,,,,T1,,,,,,,
4463,-0.049,-0.003,0.0,,0.336,,,,-0.003,,,,,,,,,,,,,,,,,,,,,,,,,,,,,,,,,,,,,,,,,,,,,,,,,,,,,,,,,,,,,,,,,,,-0.106,-0.009,0.063,-0.106,-0.047,-0.204,0.097,0.0,0.011,0.0,0.017,0.013,-0.119,0.0,0.0,0.0,,,,,,,,,,0,1111.42,,,1111.45,,,,,,,,,,,,,,,,,,,,,,,,,,,1112.48,1112.48,1112.49,1112.49,1112.49,1112.5,,,,,,,,,,,,,,,,,,,,,,,,,,,,,,,,,,,,,T1,,,,,,,
36851,,,,,,,,,,,,,,,,,,,,,,,,,,,,,,,,,,,0.128,,,-0.401,-0.129,,-0.019,,,,,,,,,,,,,,,,,,,,,,,,,,,,,,0.295,0.037,,,,0.02,-0.053,0.063,0.02,-0.008,0.164,0.097,0.0,-0.004,0.0,0.013,0.013,-0.119,0.0,0.0,0.0,,,,,,,,,,0,,,,,,,,,,,,,,1158.39,,1158.4,,,,,,,,,,,,,1174.33,,1180.0,1180.0,1180.0,1180.0,1180.0,1180.04,,,,,,,,,,,,,,,,,,,,T1,,T1,,,,,,,,,,,,,,,T1,,,,,,,
46098,-0.055,-0.142,0.0,,-0.164,,-0.011,0.005,,,,,,,,,,,,,,,,,,,,,,,,,,,,,,,,,,,,,,,,,,,,,,,,,,,,,,,,,,,,,,,,,,,,0.008,0.03,0.057,0.008,0.012,-0.125,0.043,0.0,-0.012,0.0,0.01,0.013,-0.119,0.0,0.0,0.0,,,,,,,,,,0,622.72,,,,,,,,,,,,,,,,,,,,,,,,,,,,,,625.53,625.53,625.53,625.53,625.53,625.54,,,,,,,,,,,,,,,,,,,,,,,,,,,,,,,,,,,,,,,,,,,,
33957,-0.003,-0.083,,0.019,,0.112,,,,,,,,,,,,,,,,,,,,,,,,,,,,,,,,,,,,,,,,,,,,,,,,,,,,,,,,,,,,,,,,,,,,,,,,,,,,,,,,,,,,,,0.0,0.0,0.192,0.059,,0.079,0.0,0.069,0.0,0,518.33,518.33,518.35,,,,,,,,,,,,,,,,,,,,,,,,,,,,,,,,,,518.65,,518.67,518.68,,,,,,,,,,,,,,,,,,,,,,,,,,,,,,,,,,,,,,,,
13095,,,,,,,,,,-0.006,,-0.161,-0.01,-0.027,-0.207,,,,,,,,,,,,,,,,,,,,,,,,,,,,,,,,,,,,,,,,,,,,,,,,,,,,,,,,0.2,0.302,,,,-0.056,-0.047,0.082,-0.056,-0.055,-0.178,0.097,0.0,-0.003,0.0,0.013,0.013,-0.165,0.0,,0.0,,,,,,,,,,0,,,,,1314.34,1314.37,,,,,,,,,,,,,,,,,,,,,,,1314.49,,1323.39,1323.39,1323.39,1323.39,1323.39,,,,,,,,,,,,,,,,,,,,,,,,,,,,,,,,,,,,,,T1,,,,,,,
47501,0.01,0.061,,-0.081,-0.164,,-0.051,-0.003,,,,,,,,,,,,,,,,,,,,,,,,,,,,,,,,,,,,,,,,,,,,,,,,,,,,,,,,,,,,,,,,,,,,0.058,-0.021,0.101,0.058,-0.008,-0.125,-0.119,0.0,-0.012,0.0,0.009,0.013,-0.029,0.0,,0.0,,,,,,,,,,0,594.16,594.17,,,,,,,,,,,,,,,,,,,,,,,,,,,,,603.74,603.74,603.74,603.74,603.74,,,,,,,,,,,,,,,,,,,,,,,,,,,,,,,,,,,,,,T1,,,,,,,
9427,,,,,,,,,,-0.014,,-0.303,-0.01,,,0.032,,,,,,,,,,,,,,,,,,,,,,,,,,,,,,,,,,,,,,,,,,,,,,,,,,,,,,,,,,,,0.168,0.265,-0.029,0.168,0.02,-0.178,,,,,0.014,0.013,-0.029,0.0,,0.0,,,,,,,,,,0,,,,,188.59,,,,,,,,,,,,,,,,,,,,,,,,,,189.23,189.23,189.23,,189.23,,,,,,,,,,,,,,,,,,,,,,,,,,,,,,,,,,,,,,T1,,,,,,,
54387,0.056,-0.121,0.0,,,0.025,,,,,,,,,,,,,,,,,,,,,,,,,,,,,,,,,,,,,,,,,,,,,,,,,,,,,,,,,,,,,,,,,,,,,,0.131,0.055,0.037,0.131,0.067,-0.072,,,,,0.014,0.013,0.062,0.0,,0.0,,,,,,,,,,0,336.85,,336.89,,,,,,,,,,,,,,,,,,,,,,,,,,,,338.91,338.91,338.91,,338.91,,,,,,,,,,,,,,,,,,,,,,,,,,,,,,,,,,,,,,,,,,,,,
2901,0.016,0.051,,0.119,,,-0.036,0.001,,,,,,,,,,,,,,,,,,,,,,,,,,,,,,,,,,,,,,,,,,,,,,,,,,,,,,,,,,,,,,,,,,,,0.058,-0.009,0.057,0.058,0.0,0.138,-0.011,0.0,-0.012,0.0,0.01,0.013,-0.029,0.0,0.0,0.0,,,,,,,,,,0,902.43,902.43,,,,,,,,,,,,,,,,,,,,,,,,,,,,,905.71,905.71,905.72,905.72,905.72,905.74,,,,,,,,,,,,,,,,,,,,,,,,,,,,,,,,,,,,,T1,,,,,,,
41948,0.016,-0.094,,0.019,,-0.012,,,,,,,,,,,,,,,,,,,,,,,,,,,,,,,,,,,,,,,,,,,,,,,,,,,,,,,,,,,,,,,,,,,-0.035,,,0.16,0.049,0.057,0.16,0.016,0.217,0.016,0.0,0.003,0.0,0.017,0.013,-0.074,0.0,0.0,0.0,,,,,,,,,,0,889.37,889.38,889.4,,,,,,,,,,,,,,,,,,,,,,,,,,,,895.31,895.31,895.31,895.31,895.31,895.34,,,,,,,,,,,,,,,,,,,,,,,,,,,,,,,,,,,,,T1,,,,,,,
42558,,,,,,,,,,0.022,,-0.348,,-0.007,0.017,,,,,,,,,,,,,,,,,,,,,,,,,,,,,,,,,,,,,,,,,,,,,,,,,,,,,,,,,,,,,0.045,-0.04,0.082,0.045,-0.043,-0.072,0.124,0.0,0.013,0.0,0.013,0.013,-0.029,0.0,0.0,0.0,,,,,,,,,,0,,,,,1383.67,1383.69,,,,,,,,,,,,,,,,,,,,,,,,,1389.79,1389.79,1389.8,1389.8,1389.8,1389.81,,,,,,,,,,,,,,,,,,,,,,,,,,,,,,,,,,,,,,,,,,,,
19898,-0.108,-0.051,0.0,,-0.164,,,,0.041,,,,,,,,,,,,,,,,,,,,,,,,,,,,,,,,,,,,,,,,,,,,,,,,,,,,,,,,,,,,,,,,,,,-0.081,0.011,0.082,-0.081,-0.082,-0.02,-0.011,0.0,-0.012,0.0,0.01,0.013,0.017,0.0,0.0,0.0,,,,,,,,,,0,1425.49,,,1425.51,,,,,,,,,,,,,,,,,,,,,,,,,,,1427.12,1427.12,1427.12,1427.12,1427.12,1427.13,,,,,,,,,,,,,,,,,,,,,,,,,,,,,,,,,,,,,,,,,,,,
53119,,,,,,,,,,,,,,,,,,,,,,,,,,,,,,,,,,,,,,,,,,-0.018,0.0,-0.001,,-0.016,,0.146,,,,,,,,,,,,,,,,,,,,,,,0.193,-0.069,,,,,,,,,,,,,,,,,,,,0.0,0.0,-0.134,,0.006,0.209,0.0,,0.0,0,,,,,,,,,,,,,,,,,674.17,,,,,,,,,,,,700.39,,,,,,,,724.68,,724.7,724.71,,,,,,,,,,,,,,,,,,,,,,,,,,,,,,,,,,,,,,,,
12075,,,,,,,,,,,,,,,,,,,,,,,,,,,,,,,,,,,-0.01,,,0.291,-0.029,,0.037,,,,,,,,,,,,,,,,,,,,,,,,,,,,,,0.196,0.019,,,,0.185,0.017,0.057,0.185,-0.027,0.059,0.07,0.0,0.004,0.0,0.012,0.013,0.108,0.0,,0.0,,,,,,,,,,0,,,,,,,,,,,,,,769.46,,769.48,,,,,,,,,,,,,777.93,,786.8,786.8,786.8,786.8,786.8,,,,,,,,,,,,,,,,,,,,,T1,,T1,,,,,,,,,,,,,,,T1,,,,,,,
12297,-0.088,-0.003,,0.019,,,-0.073,-0.001,,,,,,,,,,,,,,,,,,,,,,,,,,,,,,,,,,,,,,,,,,,,,,,,,,,,,,,,,,,,,,,,,,,,-0.031,-0.015,0.082,-0.031,0.024,0.112,0.097,0.0,-0.003,0.0,0.013,0.013,0.017,0.0,,0.0,,,,,,,,,,0,1412.84,1412.84,,,,,,,,,,,,,,,,,,,,,,,,,,,,,1413.19,1413.19,1413.2,1413.2,1413.2,,,,,,,,,,,,,,,,,,,,,,,,,,,,,,,,,,,,,,,,,,,,,
48777,-0.121,0.051,0.0,,,,-0.091,-0.001,,,,,,,,,,,,,,,,,,,,,,,,,,,,,,,,,,,,,,,,,,,,,,,,,,,,,,,,,,,,,,,,,,,,,,,,,,,,,,,,,,,,0.001,0.0,-0.094,,-0.06,-0.157,0.0,,0.0,0,1409.54,,,,,,,,,,,,,,,,,,,,,,,,,,,,,,,,,,,,1410.68,,1410.69,1410.7,,,,,,,,,,,,,,,,,,,,,,,,,,,,,,,,,,,,,,,,
3001,-0.127,-0.099,0.0,,,0.005,,,,,,,,,,,,,,,,,,,,,,,,,,,,,,,,,,,,,,,,,,,,,,,,,,,,,,,,,,,,,,,,,,,,,,0.181,0.265,0.037,0.181,0.149,-0.02,,,,,0.011,0.013,0.153,0.0,,0.0,,,,,,,,,,0,323.16,,323.2,,,,,,,,,,,,,,,,,,,,,,,,,,,,324.32,324.32,324.33,,324.33,,,,,,,,,,,,,,,,,,,,,,,,,,,,,,,,,,,,,,,,,,,,,
24694,0.095,0.136,0.0,,-0.164,,,,-0.055,,,,,,,,,,,,,,,,,,,,,,,,,,,,,,,,,,,,,,,,,,,,,,,,,,,,,,,,,,,,,,,,,,,-0.081,-0.06,0.104,-0.081,-0.075,-0.046,0.178,0.0,0.029,0.0,0.009,0.013,-0.119,0.0,,0.0,,,,,,,,,,0,1461.53,,,1461.56,,,,,,,,,,,,,,,,,,,,,,,,,,,1465.03,1465.03,1465.03,1465.03,1465.03,,,,,,,,,,,,,,,,,,,,,,,,,,,,,,,,,,,,,,,,,,,,,
21212,,,,,,,,,,,,,,,,,,,,,,,,,,,,,,,,,,,-0.108,-0.008,-0.07,,-0.065,,0.153,,,,,,,,,,,,,,,,,,,,,,,,,,,,,,-0.024,0.073,,,,-0.017,0.042,0.057,-0.017,-0.027,-0.151,0.016,0.0,0.004,0.0,0.013,0.013,,,,0.0,,,,,,,,,,1,,,,,,,,,,,,,,712.61,712.63,712.64,,,,,,,,,,,,,744.63,,755.65,755.65,755.65,755.65,755.65,,,,,,,,,,,,,,,,,,,,,T1,,,,,,,,,,,,,,,,,T1,,,,,,,
47226,-0.042,0.125,0.0,,-0.164,,0.02,0.001,,,,,,,,,,,,,,,,,,,,,,,,,,,,,,,,,,,,,,,,,,,,,,,,,,,,,,,,,,,,,,,0.195,-0.101,,,,0.084,0.011,0.057,0.084,-0.024,0.007,-0.038,0.0,0.014,0.0,0.014,0.013,0.108,0.0,,0.0,,,,,,,,,,0,896.17,,,,,,,,,,,,,,,,,,,,,,,,,,,,897.22,,903.62,903.62,903.62,903.62,903.62,,,,,,,,,,,,,,,,,,,,,,,,,,,,,,,,,,,,,,T1,,,,,,,
19375,,,,,,,,,,,,,,,,,,,,,,,,,,,,,,,,,,,-0.018,,,0.294,-0.147,,0.023,,,,,,,,,,,,,,,,,,,,,,,,,,,,,,0.13,0.099,,,,0.058,0.017,0.057,0.058,-0.016,-0.02,0.016,0.0,0.004,0.0,0.014,0.013,-0.029,0.0,,0.0,,,,,,,,,,0,,,,,,,,,,,,,,709.15,,709.18,,,,,,,,,,,,,740.45,,745.41,745.41,745.41,745.41,745.41,,,,,,,,,,,,,,,,,,,,,T1,,T1,,,,,,,,,,,,,,,T1,,,,,,,
47984,,,,,,,,,,,,,,,,,,,,,,,,,,,,,,,,,,,,,,,,,,,,,,,,,,,,,,,,,0.034,,,,,,,,0.18,,0.063,-0.029,0.127,-0.15,,,-0.035,,,-0.132,-0.06,0.063,-0.132,0.008,0.086,0.07,0.0,0.012,0.0,0.019,0.013,-0.074,0.0,,0.0,,,,,,,,,,0,,,,,,,,,,,,,,,,,,,,,,,,,,1013.57,1013.57,1013.58,,,1047.9,1047.9,1047.91,1047.91,1047.91,,,,,,,,,,,,,,,,,,,,,,,,,,,,,,,,,,,,,,,,,,,,,
43938,,,,,,,,,,0.002,-0.034,,-0.01,,,0.044,,,,,,,,,,,,,,,,,,,,,,,,,,,,,,,,,,,,,,,,,,,,,,,,,,,,,,,,,,,,0.131,0.042,0.014,0.131,0.094,-0.204,,,,,0.016,0.013,0.062,0.0,,0.0,,,,,,,,,,0,,,,,,,,,,,,,,,,,,,,,,,,,,,,,,,315.04,315.04,315.05,,315.05,,,,,,,,,,,,,,,,,,,,,,,,,,,,,,,,,,,,,,,,,,,,,
43028,0.043,0.232,0.0,,,-0.023,,,,,,,,,,,,,,,,,,,,,,,,,,,,,,,,,,,,,,,,,,,,,,,,,,,,,,,,,,,,,,,,,,,,,,0.16,-0.028,0.063,0.16,-0.039,-0.02,-0.092,0.0,0.028,0.0,0.014,0.013,-0.029,0.0,0.0,0.0,,,,,,,,,,0,921.09,,921.11,,,,,,,,,,,,,,,,,,,,,,,,,,,,923.42,923.42,923.43,923.43,923.43,923.45,,,,,,,,,,,,,,,,,,,,,,,,,,,,,,,,,,,,,T1,,,,,,,
10865,-0.095,-0.19,,0.119,0.336,,,,0.058,,,,,,,,,,,,,,,,,,,,,,,,,,,,,,,,,,,,,,,,,,,,,,,,,,,,,,,,,,,,,,,,,,,0.093,0.074,-0.029,0.093,0.098,0.007,,,,,0.014,0.013,-0.029,0.0,,0.0,,,,,,,,,,0,205.47,205.47,,205.51,,,,,,,,,,,,,,,,,,,,,,,,,,,216.23,216.23,216.23,,216.23,,,,,,,,,,,,,,,,,,,,,,,,,,,,,,,,,,,,,,T1,,,,,,,
6604,-0.003,-0.051,0.0,,,0.028,,,,,,,,,,,,,,,,,,,,,,,,,,,,,,,,,,,,,,,,,,,,,,,,,,,,,,,,,,,,,,,,,,,,,,0.058,-0.091,0.101,0.058,0.016,-0.204,-0.011,0.0,0.006,0.0,0.01,0.013,0.017,0.0,0.0,0.0,,,,,,,,,,0,600.44,,600.48,,,,,,,,,,,,,,,,,,,,,,,,,,,,605.19,605.19,605.19,605.19,605.19,605.22,,,,,,,,,,,,,,,,,,,,,,,,,,,,,,,,,,,,,T1,,,,,,,
41612,-0.036,0.024,0.0,,,,,,-0.064,,,,,,,,,,,,,,,,,,,,,,,,,,,,,,,,,,,,,,,,,,,,,,,,,,,,,,,,,,,,,,,,,,,-0.043,-0.002,0.057,-0.043,0.035,-0.204,-0.011,0.0,-0.011,0.0,0.014,0.013,-0.256,,,0.0,,,,,,,,,,0,701.41,,,701.44,,,,,,,,,,,,,,,,,,,,,,,,,,,703.58,703.58,703.59,703.59,703.59,,,,,,,,,,,,,,,,,,,,,,,,,,,,,,,,,,,,,,T1,,,,,,,
48633,-0.101,0.072,0.0,,0.336,,,,-0.06,,,,,,,,,,,,,,,,,,,,,,,,,,,,,,,,,,,,,,,,,,,,,,,,,,,,,,,,,,,,,,,,,,,-0.031,0.004,0.104,-0.031,-0.071,0.112,0.178,0.0,0.029,0.0,0.012,0.013,0.017,0.0,,0.0,,,,,,,,,,0,1560.54,,,1560.59,,,,,,,,,,,,,,,,,,,,,,,,,,,1565.08,1565.08,1565.09,1565.09,1565.09,,,,,,,,,,,,,,,,,,,,,,,,,,,,,,,,,,,,,,,,,,,,,
34592,0.003,-0.083,,-0.081,0.336,0.029,,,,,,,,,,,,,,,,,,,,,,,,,,,,,,,,,,,,,,,,,,,,,,,,,,,,,,,,,,,,,,,,,,,,,,0.301,-0.149,-0.029,0.301,-0.008,-0.046,,,,,0.01,0.013,0.108,0.0,0.0,0.0,,,,,,,,,,0,196.27,196.27,196.3,,,,,,,,,,,,,,,,,,,,,,,,,,,,198.09,198.09,198.1,,198.1,198.12,,,,,,,,,,,,,,,,,,,,,,,,,,,,,,,,,,,,,T1,,,,,,,
42211,,,,,,,,,,,,,,,,,,,,,,,,,,,,,,,,,,,,,,,,,,,,,,,,,,,,,,,,,0.267,,,,,,,,-0.02,,-0.138,-0.02,0.123,-0.013,-0.091,-0.035,,,,-0.081,-0.136,0.063,-0.081,0.004,-0.046,0.043,0.0,0.013,0.0,0.013,0.013,0.062,0.0,,0.0,,,,,,,,,,0,,,,,,,,,,,,,,,,,,,,,,,,,,1016.4,1016.41,1016.41,1041.91,,1045.82,1045.82,1045.82,1045.82,1045.82,,,,,,,,,,,,,,,,,,,,,,,,,,,,,,,,,,,,,,T1,,,,,,,
48988,,,,,,,,,,,,,,,,,,,,,,,,,,,,,,,,,,,-0.256,-0.008,-0.007,,-0.111,,-0.027,,,,,,,,,,,,,,,,,,,,,,,,,,,,,,0.209,-0.094,,,,-0.132,0.017,0.063,-0.132,-0.047,-0.099,0.178,0.0,-0.003,0.0,0.008,0.013,-0.165,0.0,0.0,0.0,,,,,,,,,,0,,,,,,,,,,,,,,1182.02,1182.03,1182.03,,,,,,,,,,,,,1192.12,,1198.77,1198.77,1198.77,1198.77,1198.77,1198.79,,,,,,,,,,,,,,,,,,,,T1,,,,,,,,,,,,,,,,,T1,,,,,,,
18701,0.023,-0.024,,0.019,,-0.021,,,,,,,,,,,,,,,,,,,,,,,,,,,,,,,,,,,,,,,,,,,,,,,,,,,,,,,,,,,,,,,,,-0.091,-0.047,,,,0.109,0.112,0.057,0.109,-0.039,-0.072,-0.146,0.0,-0.005,0.0,0.008,0.013,0.017,0.0,,0.0,,,,,,,,,,0,910.49,910.49,910.52,,,,,,,,,,,,,,,,,,,,,,,,,,911.74,,918.47,918.47,918.48,918.48,918.48,,,,,,,,,,,,,,,,,,,,,,,,,,,,,,,,,,,,,,T1,,,,,,,
54139,-0.003,0.04,0.0,,,-0.025,,,,,,,,,,,,,,,,,,,,,,,,,,,,,,,,,,,,,,,,,,,,,,,,,,,,,,,,,,,,,,,,,,,,,,0.156,0.246,0.037,0.156,0.086,-0.151,,,,,0.008,0.013,0.062,0.0,0.0,0.0,,,,,,,,,,0,334.81,,334.84,,,,,,,,,,,,,,,,,,,,,,,,,,,,335.91,335.91,335.92,,335.92,335.94,,,,,,,,,,,,,,,,,,,,,,,,,,,,,,,,,,,,,T1,,,,,,,
30548,,,,,,,,,,,,,,,,,,,,,,,,,,,,,,,,,,,0.104,,,-0.238,,-0.068,0.027,,,,,,,,,,,,,,,,,,,,,,,,,,,,,,0.02,-0.101,,,,-0.081,0.036,0.063,-0.081,-0.016,0.086,-0.038,0.0,-0.004,0.0,0.008,0.013,-0.029,0.0,,0.0,,,,,,,,,,0,,,,,,,,,,,,,,1125.67,,,,,,,,,,,,,,,1166.61,,1174.9,1174.9,1174.9,1174.9,1174.9,,,,,,,,,,,,,,,,,,,,,T1,,T1,,,,,,,,,,,,,,,T1,,,,,,,
53261,,,,,,,,,,-0.002,0.066,,-0.01,0.009,-0.062,,,,,,,,,,,,,,,,,,,,,,,,,,,,,,,,,,,,,,,,,,,,,,,,,,,,,,,,,,,,,-0.182,-0.085,0.104,-0.182,-0.075,0.007,0.016,0.0,-0.014,0.0,0.011,0.013,0.017,0.0,0.0,0.0,,,,,,,,,,0,,,,,,1665.21,,,,,,,,,,,,,,,,,,,,,,,,,1666.92,1666.92,1666.96,1666.96,1666.96,1666.97,,,,,,,,,,,,,,,,,,,,,,,,,,,,,,,,,,,,,T1,,,,,,,
20040,,,,,,,,,,0.014,-0.034,,-0.01,,,0.003,,,,,,,,,,,,,,,,,,,,,,,,,,,,,,,,,,,,,,,,,,,,,,,,,,,,,,,,,,,,-0.056,-0.04,0.063,-0.056,-0.035,0.007,-0.011,0.0,0.022,0.0,0.012,0.013,-0.029,0.0,0.0,0.0,,,,,,,,,,0,,,,,,,,,,,,,,,,,,,,,,,,,,,,,,,1221.29,1221.29,1221.3,1221.3,1221.3,1221.33,,,,,,,,,,,,,,,,,,,,,,,,,,,,,,,,,,,,,T1,,,,,,,
27548,-0.003,-0.03,0.0,,-0.164,-0.077,,,,,,,,,,,,,,,,,,,,,,,,,,,,,,,,,,,,,,,,,,,,,,,,,,,,,,,,,,,,,,,,,,,,,,-0.132,-0.04,0.104,-0.132,0.008,0.033,-0.065,0.0,-0.004,0.0,0.012,0.013,-0.074,0.0,,0.0,,,,,,,,,,0,1492.23,,1492.27,,,,,,,,,,,,,,,,,,,,,,,,,,,,1496.82,1496.82,1496.82,1496.82,1496.82,,,,,,,,,,,,,,,,,,,,,,,,,,,,,,,,,,,,,,,,,,,,,
41186,,,,,,,,,,,,,,,,,,,,,,,,,,,,,,,,,,,-0.342,,,-0.354,,-0.068,0.05,,,,,,,,,,,,,,,,,,,,,,,,,,,,,,-0.154,0.045,,,,-0.017,-0.072,0.057,-0.017,-0.031,0.086,-0.011,0.0,-0.004,0.0,0.013,0.013,-0.165,0.0,0.0,0.0,,,,,,,,,,1,,,,,,,,,,,,,,724.3,,,,,,,,,,,,,,,757.87,,760.19,760.19,760.19,760.19,760.19,760.21,,,,,,,,,,,,,,,,,,,,T1,,T1,,,,,,,,,,,,,,,T1,,,,,,,
56295,,,,,,,,,,-0.006,-0.034,,-0.01,0.029,0.098,,,,,,,,,,,,,,,,,,,,,,,,,,,,,,,,,,,,,,,,,,,,,,,,,,,,,,,,,,,,,0.067,-0.028,-0.702,0.067,0.051,-0.046,,,,,0.011,0.013,0.062,0.0,,0.0,,,,,,,,,,0,,,,,,120.93,,,,,,,,,,,,,,,,,,,,,,,,,121.49,121.49,121.5,,121.5,,,,,,,,,,,,,,,,,,,,,,,,,,,,,,,,,,,,,,T1,,,,,,,
49986,-0.036,-0.056,,0.019,,,,,0.119,,,,,,,,,,,,,,,,,,,,,,,,,,,,,,,,,,,,,,,,,,,,,,,,,,,,,,,,,,,,,,,,,,,0.084,-0.009,0.082,0.084,0.141,-0.178,-0.065,0.0,0.022,0.0,0.016,0.013,-0.074,0.0,,0.0,,,,,,,,,,0,523.47,523.47,,523.49,,,,,,,,,,,,,,,,,,,,,,,,,,,525.28,525.28,525.28,525.28,525.28,,,,,,,,,,,,,,,,,,,,,,,,,,,,,,,,,,,,,,T1,,,,,,,
23340,,,,,,,,,,,,,,,,,,,,,,,,,,,,,,,,,,,0.164,-0.008,0.061,,,0.135,-0.064,,,,,,,,,,,,,,,,,,,,,,,,,,,,,,-0.034,0.077,,,,0.033,0.055,0.057,0.033,-0.027,0.007,0.07,0.0,0.004,0.0,0.012,0.013,-0.165,0.0,,0.0,,,,,,,,,,0,,,,,,,,,,,,,,704.39,704.4,,,,,,,,,,,,,,741.47,,742.63,742.63,742.63,742.63,742.63,,,,,,,,,,,,,,,,,,,,,T1,,,,,,,,,,,,,,,,,,,,,,,,
54205,-0.036,0.056,,0.119,0.336,0.178,,,,,,,,,,,,,,,,,,,,,,,,,,,,,,,,,,,,,,,,,,,,,,,,,,,,,,,,,,,,,,,,,,,,,,,,,,,,,,,,,,,,,,0.0,0.0,0.057,,-0.056,-0.17,0.0,,0.0,0,1396.45,1396.46,1396.48,,,,,,,,,,,,,,,,,,,,,,,,,,,,,,,,,,1397.32,,1397.34,1397.34,,,,,,,,,,,,,,,,,,,,,,,,,,,,,,,,,,,,,,,,
30191,0.062,0.243,,0.019,0.336,,,,0.013,,,,,,,,,,,,,,,,,,,,,,,,,,,,,,,,,,,,,,,,,,,,,,,,,,,,,,,,,,,,,,,,,,,-0.132,-0.028,0.063,-0.132,0.059,0.059,0.016,0.0,-0.012,0.0,0.016,0.013,-0.119,0.0,,0.0,,,,,,,,,,0,1213.56,1213.56,,1213.59,,,,,,,,,,,,,,,,,,,,,,,,,,,1215.06,1215.06,1215.07,1215.07,1215.07,,,,,,,,,,,,,,,,,,,,,,,,,,,,,,,,,,,,,,,,,,,,,
25136,-0.121,0.2,0.0,,0.336,,0.193,-0.001,,,,,,,,,,,,,,,,,,,,,,,,,,,,,,,,,,,,,,,,,,,,,,,,,,,,,,,,,,,,,,,-0.05,-0.101,,,,0.205,0.004,-0.725,0.205,,0.138,,,,,0.01,0.013,-0.119,0.0,0.0,0.0,,,,,,,,,,0,5.24,,,,,,,,,,,,,,,,,,,,,,,,,,,,5.42,,13.59,13.59,13.6,,13.6,13.68,,,,,,,,,,,,,,,,,,,,,,,,,,,,,,,,,,,,,T1,,,,,,,
58574,,,,,,,,,,,,,,,,,,,,,,,,,,,,,,,,,,,,,,,,,,0.096,,,-0.063,,-0.165,-0.018,,,,,,,,,,,,,,,,,,,,,,,,,,,,,,,,,,,,,,,,,,,,0.0,0.0,0.088,,0.215,0.256,0.0,,0.0,0,,,,,,,,,,,,,,,,,466.42,466.53,466.54,,,,,,,,,,,,,,,,,,503.92,,503.93,503.94,,,,,,,,,,,,,,,,,,,,,,,,,,,,,,,,,,,,,,,,
38760,,,,,,,,,,,,,,,,,,,,,,,,,,,,,,,,,,,,,,,,,,,,,,,,,,,,,,,,,,,,,,,,-0.162,-0.02,,-0.049,-0.103,-0.251,-0.085,-0.33,-0.051,,,,-0.081,-0.04,0.063,-0.081,-0.063,0.217,-0.119,0.0,0.021,0.0,0.014,0.013,-0.074,0.0,0.0,0.0,,,,,,,,,,0,,,,,,,,,,,,,,,,,,,,,,,,,,1148.58,1148.58,1148.59,1172.72,,1175.75,1175.75,1175.76,1175.76,1175.76,1175.77,,,,,,,,,,,,,,,,,,,,,,,,,,,,,,,,,,,,,T1,,,,,,,
4605,,,,,,,,,,-0.002,,0.241,-0.01,,,,0.062,0.165,,,,,,,,,,,,,,,,,,,,,,,,,,,,,,,,,,,,,,,,,,,,,,,,,,,,,,,,,,0.016,0.106,-0.702,0.016,,-0.072,,,,,0.009,0.013,-0.074,0.0,,0.0,,,,,,,,,,0,,,,,107.59,,107.62,,,,,,,,,,,,,,,,,,,,,,,,112.17,112.17,112.18,,112.18,,,,,,,,,,,,,,,,,,,,,,,,,,,,,,,,,,,,,,T1,,,,,,,
28333,,,,,,,,,,,,,,,,,,,,,,,,,,,,,,,,,,,-0.1,,,0.416,0.244,,0.071,,,,,,,,,,,,,,,,,,,,,,,,,,,,,,,,0.917,,,0.185,-0.04,0.057,0.185,0.071,0.059,-0.038,0.0,-0.004,0.0,0.009,0.013,0.062,0.0,0.0,0.0,,,,,,,,,,1,,,,,,,,,,,,,,692.7,,692.71,,,,,,,,,,,,,,,726.39,726.39,726.39,726.39,726.39,726.41,,,,,,,,,,,,,,,,,,,,T1,,T1,,,,,,,,,,,,,,,,,,,,,,
2260,0.069,-0.072,0.0,,-0.164,,,,0.0,,,,,,,,,,,,,,,,,,,,,,,,,,,,,,,,,,,,,,,,,,,,,,,,,,,,,,,,,,,,,,,,,,,0.084,-0.002,0.057,0.084,-0.035,-0.178,0.016,0.0,-0.013,0.0,0.017,0.013,-0.029,0.0,0.0,0.0,,,,,,,,,,0,827.62,,,827.64,,,,,,,,,,,,,,,,,,,,,,,,,,,835.42,835.42,835.42,835.42,835.42,835.45,,,,,,,,,,,,,,,,,,,,,,,,,,,,,,,,,,,,,T1,,,,,,,
29338,,,,,,,,,,-0.018,,-0.31,,0.148,0.143,,,,,,,,,,,,,,,,,,,,,,,,,,,,,,,,,,,,,,,,,,,,,,,,,,,,,,,,,,,,,0.281,-0.168,-0.702,0.281,0.114,0.007,,,,,0.008,0.013,0.153,0.0,,0.0,,,,,,,,,,0,,,,,68.07,68.1,,,,,,,,,,,,,,,,,,,,,,,,,71.01,71.01,71.01,,71.01,,,,,,,,,,,,,,,,,,,,,,,,,,,,,,,,,,,,,,,,,,,,,
53349,-0.01,0.013,0.0,,,,-0.015,0.001,,,,,,,,,,,,,,,,,,,,,,,,,,,,,,,,,,,,,,,,,,,,,,,,,,,,,,,,,,,,,,,,,,,,-0.257,-0.021,0.037,-0.257,0.086,-0.125,,,,,0.014,0.013,-0.21,0.0,,0.0,,,,,,,,,,0,255.49,,,,,,,,,,,,,,,,,,,,,,,,,,,,,,256.29,256.29,256.3,,256.3,,,,,,,,,,,,,,,,,,,,,,,,,,,,,,,,,,,,,,T1,,,,,,,
58327,0.062,0.232,0.0,,,,,,-0.017,,,,,,,,,,,,,,,,,,,,,,,,,,,,,,,,,,,,,,,,,,,,,,,,,,,,,,,,,,,,,,,,,,,,,,,,,,,,,,,,,,,0.0,0.0,0.033,,0.009,0.006,0.0,,0.0,0,574.89,,,574.91,,,,,,,,,,,,,,,,,,,,,,,,,,,,,,,,,577.4,,577.41,577.42,,,,,,,,,,,,,,,,,,,,,,,,,,,,,,,,,,,,,,,,
41328,0.069,0.024,0.0,,,,,,0.0,,,,,,,,,,,,,,,,,,,,,,,,,,,,,,,,,,,,,,,,,,,,,,,,,,,,,,,,,,,,,,,,-0.035,,,0.185,0.055,0.057,0.185,-0.016,0.059,-0.011,0.0,-0.013,0.0,0.013,0.013,0.153,0.0,0.0,0.0,,,,,,,,,,0,838.7,,,838.73,,,,,,,,,,,,,,,,,,,,,,,,,,,879.7,879.7,879.71,879.71,879.71,879.73,,,,,,,,,,,,,,,,,,,,,,,,,,,,,,,,,,,,,T1,,,,,,,
11645,0.108,-0.019,,0.019,-0.164,,,,0.007,,,,,,,,,,,,,,,,,,,,,,,,,,,,,,,,,,,,,,,,,,,,,,,,,,,,,,,,,,,,,,,,,,,-0.005,0.036,0.104,-0.005,-0.039,-0.046,0.124,0.0,-0.013,0.0,0.011,0.013,0.153,0.0,,0.0,,,,,,,,,,0,1645.6,1645.6,,1645.62,,,,,,,,,,,,,,,,,,,,,,,,,,,1646.97,1646.97,1646.98,1646.98,1646.98,,,,,,,,,,,,,,,,,,,,,,,,,,,,,,,,,,,,,,T1,,,,,,,
6518,,,,,,,,,,,,,,,,,,,,,,,,,,,,,,,,,,,0.01,-0.008,-0.04,,-0.093,,0.158,,,,,,,,,,,,,,,,,,,,,,,,,,,,,,,,-0.035,,,-0.081,-0.072,0.063,-0.081,-0.078,-0.204,0.043,0.0,0.02,0.0,0.018,0.013,0.108,0.0,0.0,0.0,,,,,,,,,,0,,,,,,,,,,,,,,1042.79,1042.81,1042.81,,,,,,,,,,,,,,,1074.65,1074.65,1074.65,1074.65,1074.65,1074.67,,,,,,,,,,,,,,,,,,,,T1,,,,,,,,,,,,,,,,,T1,,,,,,,
29503,-0.062,-0.062,,0.019,,0.084,,,,,,,,,,,,,,,,,,,,,,,,,,,,,,,,,,,,,,,,,,,,,,,,,,,,,,,,,,,,,,,,,,,,,,0.093,0.061,0.015,0.093,0.153,0.007,,,,,0.007,0.013,0.108,0.0,,0.0,,,,,,,,,,1,216.61,216.62,216.64,,,,,,,,,,,,,,,,,,,,,,,,,,,,218.48,218.48,218.49,,218.49,,,,,,,,,,,,,,,,,,,,,,,,,,,,,,,,,,,,,,T1,,,,,,,
30524,,,,,,,,,,,,,,,,,,,,,,,,,,,,,,,,,,,,,,,,,,,,,,,,,,,,,,,,,,,,,,,,,,-0.008,,,-0.285,0.173,,,,,,-0.005,0.055,0.082,-0.005,0.071,-0.125,,,,,0.016,0.013,-0.074,0.0,0.0,0.0,,,,,,,,,,0,,,,,,,,,,,,,,,,,,,,,,,,,,,,469.15,,,506.36,506.36,506.37,,506.37,506.39,,,,,,,,,,,,,,,,,,,,,,,,,,,,,,,,,,,,,T1,,,,,,,
30577,,,,,,,,,,,,,,,,,,,,,,,,,,,,,,,,,,,-0.201,,,0.246,0.053,,0.139,,,,,,,,,,,,,,,,,,,,,,,,,,,,,,0.083,0.051,,,,0.033,-0.015,0.057,0.033,0.039,-0.072,-0.038,0.0,0.004,0.0,0.01,0.013,-0.21,0.0,,0.0,,,,,,,,,,0,,,,,,,,,,,,,,668.45,,668.48,,,,,,,,,,,,,705.19,,708.72,708.72,708.72,708.72,708.72,,,,,,,,,,,,,,,,,,,,,T1,,T1,,,,,,,,,,,,,,,T1,,,,,,,
55669,-0.01,-0.03,0.0,,,,0.031,0.001,,,,,,,,,,,,,,,,,,,,,,,,,,,,,,,,,,,,,,,,,,,,,,,,,,,,,,,,,,,,,,,,,,-0.036,-0.037,0.068,0.068,-0.029,0.068,0.114,0.059,,,,,0.012,0.013,0.062,0.0,,0.0,,,,,,,,,,0,204.48,,,,,,,,,,,,,,,,,,,,,,,,,,,,,204.91,216.35,216.35,216.35,,216.35,,,,,,,,,,,,,,,,,,,,,,,,,,,,,,,,,,,,,,T1,,,,,,,
37355,,,,,,,,,,,,,,,,,,,,,,,,,,,,,,,,,,,-0.029,-0.008,-0.017,,-0.056,,0.096,,,,,,,,,,,,,,,,,,,,,,,,,,,,,,,,-0.035,,,-0.132,-0.002,0.082,-0.132,-0.078,0.086,-0.092,0.0,-0.003,0.0,0.01,0.013,0.108,0.0,,0.0,,,,,,,,,,0,,,,,,,,,,,,,,1249.92,1249.92,1249.92,,,,,,,,,,,,,,,1311.02,1311.02,1311.03,1311.03,1311.03,,,,,,,,,,,,,,,,,,,,,T1,,,,,,,,,,,,,,,,,T1,,,,,,,
3585,,,,,,,,,,,,,,,,,,,,,,,,,,,,,,,,,,,,,,,,,,,,,,,,,,,0.0,0.002,,-0.006,,0.441,,,,,,,,,,,,,,,0.122,0.35,,,,0.205,-0.002,0.037,0.205,0.098,-0.178,,,,,0.009,0.013,-0.119,0.0,,0.0,,,,,,,,,,1,,,,,,,,,,,,,,,,,,,,,327.09,,,,,,,,399.88,,414.9,414.9,414.9,,414.9,,,,,,,,,,,,,,,,,,,,,,,,,,,,,,,,,,,,,,,,,,,,,
41576,,,,,,,,,,-0.01,,-0.323,-0.01,,,,-0.015,0.043,,,,,,,,,,,,,,,,,,,,,,,,,,,,,,,,,,,,,,,,,,,,,,,,,,,,,,,,,,0.117,0.106,-0.029,0.117,,-0.125,,,,,0.012,0.013,-0.074,0.0,,0.0,,,,,,,,,,0,,,,,188.48,,188.56,,,,,,,,,,,,,,,,,,,,,,,,188.96,188.96,188.97,,188.97,,,,,,,,,,,,,,,,,,,,,,,,,,,,,,,,,,,,,,,,,,,,,
44189,,,,,,,,,,-0.018,,-0.236,,,,0.012,,,,,,,,,,,,,,,,,,,,,,,,,,,,,,,,,,,,,,,,,,,,,,,,,,,,,,,,,,,,0.092,0.061,-0.029,0.092,0.02,-0.151,,,,,0.014,0.013,-0.029,0.0,0.0,0.0,,,,,,,,,,0,,,,,188.69,,,,,,,,,,,,,,,,,,,,,,,,,,189.2,189.2,189.2,,189.2,189.24,,,,,,,,,,,,,,,,,,,,,,,,,,,,,,,,,,,,,T1,,,,,,,
23766,-0.199,-0.169,0.0,,0.336,,,,-0.026,,,,,,,,,,,,,,,,,,,,,,,,,,,,,,,,,,,,,,,,,,,,,,,,,,,,,,,,,,,,,,,,,,,-0.081,-0.009,0.063,-0.081,-0.012,0.086,-0.038,0.0,-0.012,0.0,0.01,0.013,0.153,0.0,0.0,0.0,,,,,,,,,,0,958.72,,,958.74,,,,,,,,,,,,,,,,,,,,,,,,,,,961.27,961.27,961.28,961.28,961.28,961.29,,,,,,,,,,,,,,,,,,,,,,,,,,,,,,,,,,,,,T1,,,,,,,
13796,,,,,,,,,,,,,,,,,,,,,,,,,,,,,,,,,,,0.252,,,0.27,,0.02,-0.068,,,,,,,,,,,,,,,,,,,,,,,,,,,,,,,,,-0.036,-0.037,-0.056,-0.079,0.063,-0.056,-0.055,0.033,0.043,0.0,-0.004,0.0,0.006,0.013,-0.119,0.0,,0.0,,,,,,,,,,0,,,,,,,,,,,,,,1124.05,,,,,,,,,,,,,,,,1166.05,1174.8,1174.8,1174.8,1174.8,1174.8,,,,,,,,,,,,,,,,,,,,,T1,,T1,,,,,,,,,,,,,,,,,,,,,,
44780,,,,,,,,,,-0.01,,0.163,-0.01,,,,-0.009,0.083,,,,,,,,,,,,,,,,,,,,,,,,,,,,,,,,,,,,,,,,,,,,,,,,,,,,,,,,,,-0.132,-0.047,0.082,-0.132,0.031,0.296,-0.038,0.0,-0.003,0.0,0.014,0.013,-0.119,0.0,0.0,0.0,,,,,,,,,,0,,,,,1313.38,,1313.41,,,,,,,,,,,,,,,,,,,,,,,,1316.06,1316.06,1316.07,1316.07,1316.07,1316.57,,,,,,,,,,,,,,,,,,,,,,,,,,,,,,,,,,,,,T1,,,,,,,
58625,0.049,-0.163,,0.119,-0.164,,-0.031,0.001,,,,,,,,,,,,,,,,,,,,,,,,,,,,,,,,,,,,,,,,,,,,,,,,,,,,,,,,,,,,,,,,,-0.035,,,0.008,0.055,0.057,0.008,-0.008,0.086,-0.092,0.0,0.003,0.0,0.018,0.013,-0.165,0.0,0.0,0.0,,,,,,,,,,1,890.16,890.17,,,,,,,,,,,,,,,,,,,,,,,,,,,,,895.89,895.89,895.89,895.89,895.89,895.92,,,,,,,,,,,,,,,,,,,,,,,,,,,,,,,,,,,,,T1,,,,,,,
25485,-0.055,-0.067,0.0,,-0.164,,,,-0.009,,,,,,,,,,,,,,,,,,,,,,,,,,,,,,,,,,,,,,,,,,,,,,,,,,,,,,,,,,,,,,,,,,,-0.056,0.042,0.063,-0.056,0.035,0.164,-0.065,0.0,0.013,0.0,0.01,0.013,0.062,0.0,0.0,0.0,,,,,,,,,,0,959.45,,,959.49,,,,,,,,,,,,,,,,,,,,,,,,,,,961.98,961.98,961.98,961.98,961.98,961.99,,,,,,,,,,,,,,,,,,,,,,,,,,,,,,,,,,,,,,,,,,,,
28024,,,,,,,,,,,,,,,,,,,,,,,,,,,,,,,,,,,,,,,,,,-0.076,-0.033,0.001,-0.05,,0.005,-0.124,,,,,,,,,,,,,,,,,,,,,,,,,,,,,,,,,,,,,,,,,,,,0.0,0.0,0.176,,0.156,-0.069,0.0,,0.0,0,,,,,,,,,,,,,,,,,466.27,466.42,466.42,,,,,,,,,,,,,,,,,,504.07,,504.09,504.13,,,,,,,,,,,,,,,,,,,,T524288,,,,,,,,,,,,,,,,,,,,
29115,,,,,,,,,,-0.006,,-0.311,-0.01,,,,-0.006,0.022,,,,,,,,,,,,,,,,,,,,,,,,,,,,,,,,,,,,,,,,,,,,,,,,,,,,,,,,,,,,,,,,,,,,,,,,,,0.0,0.0,-0.047,0.006,,-0.271,0.0,,0.0,0,,,,,1396.54,,1396.57,,,,,,,,,,,,,,,,,,,,,,,,,,,,,,1396.95,,1396.97,1396.98,,,,,,,,,,,,,,,,,,,,,,,,,,,,,,,,,,,,,,,,
29186,0.016,-0.062,,0.019,-0.164,,-0.063,0.0,,,,,,,,,,,,,,,,,,,,,,,,,,,,,,,,,,,,,,,,,,,,,,,,,,,,,,,,,,,,,,,,,,,,0.08,-0.015,0.037,0.08,0.047,-0.151,,,,,0.012,0.013,0.062,0.0,,0.0,,,,,,,,,,0,340.68,340.69,,,,,,,,,,,,,,,,,,,,,,,,,,,,,342.35,342.35,342.36,,342.36,,,,,,,,,,,,,,,,,,,,,,,,,,,,,,,,,,,,,,T1,,,,,,,
57551,,,,,,,,,,0.014,,-0.153,-0.01,,,,0.025,0.257,,,,,,,,,,,,,,,,,,,,,,,,,,,,,,,,,,,,,,,,,,,,,,,,,,,,,,,,,,-0.005,-0.079,0.082,-0.005,-0.055,0.243,0.07,0.0,-0.012,0.0,0.01,0.013,0.017,0.0,,0.0,,,,,,,,,,0,,,,,1408.46,,1408.48,,,,,,,,,,,,,,,,,,,,,,,,1409.5,1409.5,1409.5,1409.5,1409.5,,,,,,,,,,,,,,,,,,,,,,,,,,,,,,,,,,,,,,,,,,,,,
49344,,,,,,,,,,,,,,,,,,,0.011,-0.067,0.005,-0.132,,,-0.036,0.149,,,,,,,,,,,,,,,,,,,,,,,,,,,,,,,,,,,,,,,,,,,,,,,-0.035,,,-0.005,-0.053,0.063,-0.005,-0.047,0.059,-0.146,0.0,0.012,0.0,0.018,0.013,,,0.0,0.0,,,,,,,,,,0,,,,,,,,1022.35,1022.35,1022.36,,,,,,,,,,,,,,,,,,,,,1057.86,1057.86,1057.86,1057.86,1057.86,1057.9,,,,,,,,,,,,T1,,,T3,,,,,,,,,,,,,,,,,,,,,,T1,,,,,,,
27945,0.088,0.029,,0.019,0.336,-0.032,,,,,,,,,,,,,,,,,,,,,,,,,,,,,,,,,,,,,,,,,,,,,,,,,,,,,,,,,,,,,,,,,,,,,,-0.157,-0.079,0.082,-0.157,-0.063,0.033,-0.038,0.0,-0.003,0.0,0.013,0.013,-0.21,0.0,,0.0,,,,,,,,,,0,1316.63,1316.64,1316.66,,,,,,,,,,,,,,,,,,,,,,,,,,,,1325.53,1325.53,1325.54,1325.54,1325.54,,,,,,,,,,,,,,,,,,,,,,,,,,,,,,,,,,,,,,T1,,,,,,,
27721,,,,,,,,,,,,,,,,,,,,,,,,,,,-0.102,0.188,,0.034,0.052,,-0.086,-0.009,,,,,,,,,,,,,,,,,,,,,,,,,,,,,,,,,,,,,,,-0.035,,,-0.057,-0.009,0.082,-0.057,-0.2,-0.151,,,,,0.011,0.013,-0.165,0.0,,0.0,,,,,,,,,,0,,,,,,,,,,,400.32,,,,,,,,,,,,,,,,,,,,469.76,469.76,469.76,,469.76,,,,,,,,,,,,,,,,,,,,,,,,,,,,,,,,,,,,,,T1,,,,,,,
29981,0.043,0.024,0.0,,,0.031,,,,,,,,,,,,,,,,,,,,,,,,,,,,,,,,,,,,,,,,,,,,,,,,,,,,,,,,,,,,,,,,,,,,,,0.244,0.208,0.037,0.244,0.098,-0.099,,,,,0.012,0.013,0.017,0.0,0.0,0.0,,,,,,,,,,1,368.61,,368.65,,,,,,,,,,,,,,,,,,,,,,,,,,,,369.34,369.34,369.35,,369.35,369.38,,,,,,,,,,,,,,,,,,,,,,,,,,,,,,,,,,,,,,,,,,,,
2900,,,,,,,,,,,,,,,,,,,,,,,,,,,,,,,,,,,0.059,,,0.001,,-0.095,-0.046,,,,,,,,,,,,,,,,,,,,,,,,,,,,,,-0.277,0.256,,,,0.033,0.081,0.057,0.033,-0.031,0.322,-0.065,0.0,-0.004,0.0,0.019,0.013,0.017,0.0,,0.0,,,,,,,,,,0,,,,,,,,,,,,,,758.65,,,,,,,,,,,,,,,773.58,,776.44,776.44,776.45,776.45,776.45,,,,,,,,,,,,,,,,,,,,,T1,,T1,,,,,,,,,,,,,,,T1,,,,,,,
37817,,,,,,,,,,0.026,,0.207,,-0.023,0.026,,,,,,,,,,,,,,,,,,,,,,,,,,,,,,,,,,,,,,,,,,,,,,,,,,,,,,,,,,,,,-0.157,-0.117,0.082,-0.157,-0.047,0.296,0.124,0.0,-0.012,0.0,0.011,0.013,-0.119,0.0,,0.0,,,,,,,,,,0,,,,,1383.61,1383.64,,,,,,,,,,,,,,,,,,,,,,,,,1389.51,1389.51,1389.52,1389.52,1389.52,,,,,,,,,,,,,,,,,,,,,,,,,,,,,,,,,,,,,,,,,,,,,
16162,-0.127,-0.035,,0.019,-0.164,0.023,,,,,,,,,,,,,,,,,,,,,,,,,,,,,,,,,,,,,,,,,,,,,,,,,,,,,,,,,,,,,,,,,,,,,,0.109,0.182,0.057,0.109,0.031,-0.125,-0.119,0.0,0.014,0.0,0.014,0.013,0.017,0.0,,0.0,,,,,,,,,,0,702.05,702.05,702.07,,,,,,,,,,,,,,,,,,,,,,,,,,,,703.94,703.94,703.95,703.95,703.95,,,,,,,,,,,,,,,,,,,,,,,,,,,,,,,,,,,,,,T1,,,,,,,
39696,,,,,,,,,,-0.006,-0.034,,,,,-0.026,,,,,,,,,,,,,,,,,,,,,,,,,,,,,,,,,,,,,,,,,,,,,,,,,,,,,,,,,,,,-0.056,-0.034,0.063,-0.056,0.027,0.059,-0.011,0.0,-0.001,0.0,0.012,0.013,0.017,0.0,0.0,0.0,,,,,,,,,,0,,,,,,,,,,,,,,,,,,,,,,,,,,,,,,,1124.83,1124.83,1124.84,1124.84,1124.84,1124.86,,,,,,,,,,,,,,,,,,,,,,,,,,,,,,,,,,,,,,,,,,,,
46566,0.167,-0.099,0.0,,0.336,,-0.032,0.001,,,,,,,,,,,,,,,,,,,,,,,,,,,,,,,,,,,,,,,,,,,,,,,,,,,,,,,,,,,,,,,,,,,,-0.056,-0.136,0.096,-0.056,-0.086,0.138,0.124,0.0,-0.014,0.0,0.009,0.013,0.062,0.0,,0.0,,,,,,,,,,0,1710.72,,,,,,,,,,,,,,,,,,,,,,,,,,,,,,1717.83,1717.83,1717.84,1717.84,1717.84,,,,,,,,,,,,,,,,,,,,,,,,,,,,,,,,,,,,,,T1,,,,,,,
34144,-0.036,-0.078,,0.019,-0.164,,,,-0.002,,,,,,,,,,,,,,,,,,,,,,,,,,,,,,,,,,,,,,,,,,,,,,,,,,,,,,,,,,,,,,,,,,,-0.005,-0.079,0.063,-0.005,-0.027,0.191,-0.065,0.0,-0.003,0.0,0.014,0.013,-0.029,0.0,,0.0,,,,,,,,,,0,1156.5,1156.5,,1156.53,,,,,,,,,,,,,,,,,,,,,,,,,,,1158.06,1158.06,1158.06,1158.06,1158.06,,,,,,,,,,,,,,,,,,,,,,,,,,,,,,,,,,,,,,T1,,,,,,,
1663,,,,,,,,,,-0.01,,0.152,,0.059,0.11,,,,,,,,,,,,,,,,,,,,,,,,,,,,,,,,,,,,,,,,,,,,,,,,,,,,,,,,,,,,,0.041,0.049,-0.702,0.041,0.082,0.086,,,,,0.01,0.013,0.017,0.0,0.0,0.0,,,,,,,,,,0,,,,,131.55,131.58,,,,,,,,,,,,,,,,,,,,,,,,,137.53,137.53,137.54,,137.54,137.56,,,,,,,,,,,,,,,,,,,,,,,,,,,,,,,,,,,,,T1,,,,,,,
55618,,,,,,,,,,,,,,,,,,,,,,,,,,,,,,,,,,,,,,,,,,,,,,,,,,,,,,,,,,,,,,,,0.108,-0.12,,-0.04,-0.056,,0.051,,,-0.035,,,-0.056,-0.117,0.063,-0.056,-0.027,-0.125,0.016,0.0,-0.013,0.0,0.017,0.013,0.108,0.0,,0.0,,,,,,,,,,0,,,,,,,,,,,,,,,,,,,,,,,,,,982.83,982.83,982.83,,,997.56,997.56,997.56,997.56,997.56,,,,,,,,,,,,,,,,,,,,,,,,,,,,,,,,,,T1,,,,T1,,,,,,,
44915,,,0.0,,,,,,0.022,,,,,,,,,,,,,,,,,,,,,,,,,,,,,,,,,,,,,,,,,,,,,,,,,,,,,,,,,,,,,,,,,,,-0.132,-0.009,0.104,-0.132,-0.035,-0.02,0.043,0.0,-0.013,0.0,0.014,0.013,-0.074,0.0,0.0,0.0,,,,,,,,,,0,,,,1647.71,,,,,,,,,,,,,,,,,,,,,,,,,,,1650.19,1650.19,1650.2,1650.2,1650.2,1650.21,,,,,,,,,,,,,,,,,,,,,,,,,,,,,,,,,,,,,T1,,,,,,,
58179,,,,,,,,,,,,,,,,,,,,,,,,,,,,,,,,,,,,,,,,,,-0.049,,,0.109,,0.044,-0.164,,,,,,,,,,,,,,,,,,,,,,,0.21,-0.177,,,,0.18,0.061,0.037,0.18,0.067,-0.046,,,,,0.009,0.013,-0.029,0.0,,0.0,,,,,,,,,,0,,,,,,,,,,,,,,,,,376.02,376.14,376.14,,,,,,,,,,409.5,,424.03,424.03,424.03,,424.03,,,,,,,,,,,,,,,,,,,,,,,,,,,,,,,,,,,,,,T1,,,,,,,
872,,,,,,,,,,,,,,,,,,,-0.004,0.146,0.003,-0.21,,-0.034,,-0.074,,,,,,,,,,,,,,,,,,,,,,,,,,,,,,,,,,,,,,,,,,,,,,,-0.035,,,0.02,-0.117,0.063,0.02,-0.039,0.191,-0.173,0.0,-0.005,0.0,0.011,0.013,0.199,0.0,,0.0,,,,,,,,,,0,,,,,,,,1039.85,1039.87,,,,,,,,,,,,,,,,,,,,,,1073.98,1073.98,1073.98,1073.98,1073.98,,,,,,,,,,,,,T1,,,T3,,,,,,,,,,,,,,,,,,,,,,T1,,,,,,,
45777,0.023,-0.072,,0.119,-0.164,,,,-0.051,,,,,,,,,,,,,,,,,,,,,,,,,,,,,,,,,,,,,,,,,,,,,,,,,,,,,,,,,,,,,,,,-0.035,,,0.084,0.023,0.057,0.084,-0.043,0.112,0.043,0.0,0.003,0.0,0.018,0.013,-0.074,0.0,,0.0,,,,,,,,,,0,897.17,897.18,,897.21,,,,,,,,,,,,,,,,,,,,,,,,,,,904.14,904.14,904.14,904.14,904.14,,,,,,,,,,,,,,,,,,,,,,,,,,,,,,,,,,,,,,,,,,,,,
19320,,,,,,,,,,,,,,,,,,,,,,,,,,,,,,,,,,,-0.306,,,-0.291,,-0.108,0.049,,,,,,,,,,,,,,,,,,,,,,,,,,,,,,0.069,-0.048,,,,-0.056,-0.002,0.063,-0.056,0.047,0.086,0.043,0.0,0.013,0.0,0.016,0.013,-0.029,0.0,,0.0,,,,,,,,,,0,,,,,,,,,,,,,,1188.01,,,,,,,,,,,,,,,1194.58,,1205.39,1205.39,1205.4,1205.4,1205.4,,,,,,,,,,,,,,,,,,,,,T1,,T1,,,,,,,,,,,,,,,T1,,,,,,,
36463,-0.062,-0.281,,0.019,-0.164,,-0.008,-0.003,,,,,,,,,,,,,,,,,,,,,,,,,,,,,,,,,,,,,,,,,,,,,,,,,,,,,,,,,,,,,,,,,,,,0.055,0.176,0.037,0.055,0.067,-0.151,,,,,0.013,0.013,0.017,0.0,,0.0,,,,,,,,,,0,273.05,273.06,,,,,,,,,,,,,,,,,,,,,,,,,,,,,274.25,274.25,274.25,,274.25,,,,,,,,,,,,,,,,,,,,,,,,,,,,,,,,,,,,,,,,,,,,,
58739,,,,,,,,,,,,,,,,,,,,,,,,,,,-0.065,0.002,,-0.038,-0.074,,0.062,0.056,,,,,,,,,,,,,,,,,,,,,,,,,,,,,,,,,,,,,-0.388,0.006,,,,0.008,0.036,0.057,0.008,-0.02,0.033,-0.065,0.0,0.021,0.0,0.017,0.013,-0.165,0.0,0.0,0.0,,,,,,,,,,0,,,,,,,,,,,759.08,,,,,,,,,,,,,,,,,,776.54,,779.6,779.6,779.61,779.61,779.61,779.65,,,,,,,,,,,,,,,,,,,,,,,,,,,,,,,,,,,,,T1,,,,,,,
8281,0.108,-0.137,0.0,,,,,,0.168,,,,,,,,,,,,,,,,,,,,,,,,,,,,,,,,,,,,,,,,,,,,,,,,,,,,,,,,,,,,,,,,,,,0.07,0.081,0.082,0.07,0.039,-0.099,,,,,0.013,0.013,0.017,0.0,0.0,0.0,,,,,,,,,,0,486.82,,,486.84,,,,,,,,,,,,,,,,,,,,,,,,,,,487.43,487.43,487.43,,487.43,487.45,,,,,,,,,,,,,,,,,,,,,,,,,,,,,,,,,,,,,T1,,,,,,,
10447,-0.003,-0.078,0.0,,-0.164,,-0.025,0.001,,,,,,,,,,,,,,,,,,,,,,,,,,,,,,,,,,,,,,,,,,,,,,,,,,,,,,,,,,,,,,,,,,,,0.109,-0.079,0.101,0.109,0.118,-0.02,-0.011,0.0,0.005,0.0,0.008,0.013,-0.074,0.0,,0.0,,,,,,,,,,0,670.75,,,,,,,,,,,,,,,,,,,,,,,,,,,,,,671.19,671.19,671.2,671.2,671.2,,,,,,,,,,,,,,,,,,,,,,,,,,,,,,,,,,,,,,T1,,,,,,,
49070,0.043,-0.014,,0.019,0.336,0.044,,,,,,,,,,,,,,,,,,,,,,,,,,,,,,,,,,,,,,,,,,,,,,,,,,,,,,,,,,,,,,,,,,,-0.035,,,-0.081,0.087,0.063,-0.081,-0.012,0.086,0.124,0.0,-0.012,0.0,0.01,0.013,0.017,0.0,0.0,0.0,,,,,,,,,,0,957.98,957.99,958.02,,,,,,,,,,,,,,,,,,,,,,,,,,,,961.3,961.3,961.3,961.3,961.3,961.31,,,,,,,,,,,,,,,,,,,,,,,,,,,,,,,,,,,,,T1,,,,,,,
41657,,,,,,,,,,,,,,,,,,,,,,,,,,,,,,,,,,,0.014,,,0.117,0.071,,0.057,,,,,,,,,,,,,,,,,,,,,,,,,,,,,,,,-0.035,,,-0.017,-0.021,0.057,-0.017,-0.039,0.033,-0.092,0.0,-0.004,0.0,0.017,0.013,-0.119,0.0,,0.0,,,,,,,,,,0,,,,,,,,,,,,,,761.49,,761.51,,,,,,,,,,,,,,,784.32,784.32,784.33,784.33,784.33,,,,,,,,,,,,,,,,,,,,,T1,,T1,,,,,,,,,,,,,,,T1,,,,,,,
2165,-0.075,-0.03,0.0,,,,0.039,0.0,,,,,,,,,,,,,,,,,,,,,,,,,,,,,,,,,,,,,,,,,,,,,,,,,,,,,,,,,,,,,,,,,,,,0.096,-0.111,0.082,0.096,0.024,-0.099,,,,,0.012,0.013,0.108,0.0,,0.0,,,,,,,,,,0,489.25,,,,,,,,,,,,,,,,,,,,,,,,,,,,,,489.54,489.54,489.55,,489.55,,,,,,,,,,,,,,,,,,,,,,,,,,,,,,,,,,,,,,T1,,,,,,,
1476,-0.068,0.035,,0.019,-0.164,,,,0.024,,,,,,,,,,,,,,,,,,,,,,,,,,,,,,,,,,,,,,,,,,,,,,,,,,,,,,,,,,,,,,,,,,,-0.081,0.011,0.063,-0.081,-0.063,0.191,0.097,0.0,-0.012,0.0,0.007,0.013,0.108,0.0,0.0,0.0,,,,,,,,,,0,1222.17,1222.18,,1222.21,,,,,,,,,,,,,,,,,,,,,,,,,,,1223.14,1223.14,1223.15,1223.15,1223.15,1223.19,,,,,,,,,,,,,,,,,,,,,,,,,,,,,,,,,,,,,T1,,,,,,,
50883,-0.101,-0.201,,0.019,,,,,0.023,,,,,,,,,,,,,,,,,,,,,,,,,,,,,,,,,,,,,,,,,,,,,,,,,,,,,,,,,,,,,,,,,,,0.058,-0.117,0.082,0.058,0.137,-0.178,-0.092,0.0,-0.003,0.0,0.009,0.013,-0.074,0.0,0.0,0.0,,,,,,,,,,0,522.74,522.74,,522.76,,,,,,,,,,,,,,,,,,,,,,,,,,,524.57,524.57,524.57,524.57,524.57,524.59,,,,,,,,,,,,,,,,,,,,,,,,,,,,,,,,,,,,,,,,,,,,
58854,-0.153,-0.056,0.0,,,,0.066,0.001,,,,,,,,,,,,,,,,,,,,,,,,,,,,,,,,,,,,,,,,,,,,,,,,,,,,,,,,,,,,,,,,,,,,0.129,0.061,-0.725,0.129,0.078,-0.046,,,,,0.014,0.013,-0.074,0.0,,0.0,,,,,,,,,,0,21.12,,,,,,,,,,,,,,,,,,,,,,,,,,,,,,21.46,21.46,21.46,,21.46,,,,,,,,,,,,,,,,,,,,,,,,,,,,,,,,,,,,,,T1,,,,,,,
53439,-0.049,0.109,,0.019,-0.164,,0.104,0.001,,,,,,,,,,,,,,,,,,,,,,,,,,,,,,,,,,,,,,,,,,,,,,,,,,,,,,,,,,,,,,,0.056,-0.048,,,,0.16,0.138,0.057,0.16,-0.063,0.059,-0.092,0.0,-0.013,0.0,0.013,0.013,-0.029,0.0,0.0,0.0,,,,,,,,,,0,909.85,909.86,,,,,,,,,,,,,,,,,,,,,,,,,,,911.19,,913.19,913.19,913.19,913.19,913.19,913.22,,,,,,,,,,,,,,,,,,,,,,,,,,,,,,,,,,,,,T1,,,,,,,
54399,,,,,,,,,,,,,,,,,,,,,,,,,,,,,,,,,,,,,,,,,,0.014,,,-0.047,-0.018,,-0.107,,,,,,,,,,,,,,,,,,,,,,,,,,,,-0.056,0.138,0.082,-0.056,0.078,-0.151,,,,,0.014,0.013,-0.119,0.0,0.0,0.0,,,,,,,,,,0,,,,,,,,,,,,,,,,,470.74,470.85,,,,,,,,,,,,,506.41,506.41,506.41,,506.41,506.43,,,,,,,,,,,,,,,,,,,,,,,,,,,,,,,,,,,,,T1,,,,,,,
21763,0.049,0.008,0.0,,0.336,,0.02,0.002,,,,,,,,,,,,,,,,,,,,,,,,,,,,,,,,,,,,,,,,,,,,,,,,,,,,,,,,,,,,,,,,,,,,-0.085,-0.181,-0.702,-0.085,0.071,0.033,,,,,0.008,0.013,-0.029,0.0,,0.0,,,,,,,,,,0,140.1,,,,,,,,,,,,,,,,,,,,,,,,,,,,,,145.93,145.93,145.93,,145.93,,,,,,,,,,,,,,,,,,,,,,,,,,,,,,,,,,,,,,T1,,,,,,,
29688,-0.068,-0.078,,-0.081,-0.164,,-0.028,-0.002,,,,,,,,,,,,,,,,,,,,,,,,,,,,,,,,,,,,,,,,,,,,,,,,,,,,,,,,,,,,,,,,,,,,0.084,0.125,0.101,0.084,0.098,,,,,,,,0.017,0.0,,0.0,,,,,,,,,,1,602.61,602.62,,,,,,,,,,,,,,,,,,,,,,,,,,,,,605.94,605.94,,,,,,,,,,,,,,,,,,,,,,,,,,,,,,,,,,,,,,,,,T1,,,,,,,
18008,,,,,,,,,,0.014,-0.034,,,,,,0.019,0.237,,,,,,,,,,,,,,,,,,,,,,,,,,,,,,,,,,,,,,,,,,,,,,,,,,,,,,,,,,-0.056,-0.053,0.082,-0.056,-0.059,0.007,0.124,0.0,0.022,0.0,0.013,0.013,-0.074,0.0,0.0,0.0,,,,,,,,,,0,,,,,,,1413.56,,,,,,,,,,,,,,,,,,,,,,,,1413.89,1413.89,1413.9,1413.9,1413.9,1413.91,,,,,,,,,,,,,,,,,,,,,,,,,,,,,,,,,,,,,,,,,,,,
49442,-0.016,-0.126,,-0.081,-0.164,-0.078,,,,,,,,,,,,,,,,,,,,,,,,,,,,,,,,,,,,,,,,,,,,,,,,,,,,,,,,,,,,,,,,,,,,,,,,,,,,,,,,,,,,,,0.0,0.0,-0.023,,-0.057,0.068,0.0,,0.0,0,1374.21,1374.22,1374.25,,,,,,,,,,,,,,,,,,,,,,,,,,,,,,,,,,1376.49,,1376.51,1376.51,,,,,,,,,,,,,,,,,,,,,,,,,,,,,,,,,,,,,,,,
42111,,,,,,,,,,,,,,,,,,,,,,,,,,,,,,,,,,,,,,,,,,,,,,,,,,0.022,,,,,,,,-0.169,,-0.272,-0.182,,0.008,,,,,,,,0.129,-0.067,,,,-0.106,-0.085,0.063,-0.106,0.114,-0.099,-0.038,0.0,-0.012,0.0,0.016,0.013,-0.029,0.0,,0.0,,,,,,,,,,0,,,,,,,,,,,,,,,,,,,,1007.76,,,1014.23,1014.23,1014.24,,,,1039.1,,1046.06,1046.06,1046.06,1046.06,1046.06,,,,,,,,,,,,,,,,,,,,,,,,,,,,,,,T1,,,,,,,T1,,,,,,,
35322,0.01,-0.233,,0.019,,,,,-0.158,,,,,,,,,,,,,,,,,,,,,,,,,,,,,,,,,,,,,,,,,,,,,,,,,,,,,,,,,,,,,,,,,,,0.096,-0.079,0.104,0.096,-0.004,-0.046,0.016,0.0,0.012,0.0,0.013,0.013,0.108,0.0,,0.0,,,,,,,,,,0,1643.53,1643.53,,1643.55,,,,,,,,,,,,,,,,,,,,,,,,,,,1646.25,1646.25,1646.25,1646.25,1646.25,,,,,,,,,,,,,,,,,,,,,,,,,,,,,,,,,,,,,,,,,,,,,
2912,,,,,,,,,,0.026,,-0.17,,,,0.079,,,,,,,,,,,,,,,,,,,,,,,,,,,,,,,,,,,,,,,,,,,,,,,,,,,,,,,,,,,,-0.106,-0.002,0.104,-0.106,-0.09,0.033,0.016,0.0,0.004,0.0,0.011,0.013,-0.074,0.0,0.0,0.0,,,,,,,,,,0,,,,,1491.01,,,,,,,,,,,,,,,,,,,,,,,,,,1496.25,1496.25,1496.25,1496.25,1496.25,1496.27,,,,,,,,,,,,,,,,,,,,,,,,,,,,,,,,,,,,,T1,,,,,,,
27724,,,,,,,,,,,,,,,,,,,,,,,,,,,,,,,,,,,,,,,,,,0.047,,,-0.026,,-0.087,0.034,,,,,,,,,,,,,,,,,,,,,,,,,-0.035,,,0.02,-0.021,0.063,0.02,-0.051,0.007,-0.011,0.0,0.02,0.0,0.012,0.013,0.108,0.0,,0.0,,,,,,,,,,0,,,,,,,,,,,,,,,,,1038.88,1038.99,1038.99,,,,,,,,,,,,1072.69,1072.69,1072.7,1072.7,1072.7,,,,,,,,,,,,,,,,,,,,,,,,,,,,,,,,,,,,,,T1,,,,,,,
19155,-0.095,-0.147,,0.019,,,-0.029,0.0,,,,,,,,,,,,,,,,,,,,,,,,,,,,,,,,,,,,,,,,,,,,,,,,,,,,,,,,,,,,,,,,,,,,-0.132,-0.111,0.104,-0.132,-0.067,-0.046,0.124,0.0,0.02,0.0,0.01,0.013,-0.119,0.0,,0.0,,,,,,,,,,0,1584.69,1584.69,,,,,,,,,,,,,,,,,,,,,,,,,,,,,1591.7,1591.7,1591.7,1591.7,1591.7,,,,,,,,,,,,,,,,,,,,,,,,,,,,,,,,,,,,,,T1,,,,,,,
25248,0.075,0.12,0.0,,-0.164,,,,-0.065,,,,,,,,,,,,,,,,,,,,,,,,,,,,,,,,,,,,,,,,,,,,,,,,,,,,,,,,,,,,,,,,,,,0.058,0.042,0.063,0.058,-0.035,0.164,-0.011,0.0,0.003,0.0,0.013,0.013,-0.029,0.0,,0.0,,,,,,,,,,0,921.14,,,921.16,,,,,,,,,,,,,,,,,,,,,,,,,,,923.4,923.4,923.4,923.4,923.4,,,,,,,,,,,,,,,,,,,,,,,,,,,,,,,,,,,,,,,,,,,,,
20938,0.03,0.019,,0.119,0.336,,,,-0.017,,,,,,,,,,,,,,,,,,,,,,,,,,,,,,,,,,,,,,,,,,,,,,,,,,,,,,,,,,,,,,,,,,,-0.056,-0.13,0.082,-0.056,-0.051,0.033,0.016,0.0,-0.012,0.0,0.011,0.013,0.108,0.0,0.0,0.0,,,,,,,,,,1,1272.6,1272.6,,1272.63,,,,,,,,,,,,,,,,,,,,,,,,,,,1288.74,1288.74,1288.74,1288.74,1288.74,1288.79,,,,,,,,,,,,,,,,,,,,,,,,,,,,,,,,,,,,,T1,,,,,,,
22226,-0.147,0.12,0.0,,,0.034,,,,,,,,,,,,,,,,,,,,,,,,,,,,,,,,,,,,,,,,,,,,,,,,,,,,,,,,,,,,,,,,,,,,,,-0.181,0.119,0.037,-0.181,0.071,-0.02,,,,,0.012,0.013,0.017,0.0,,0.0,,,,,,,,,,0,249.73,,249.77,,,,,,,,,,,,,,,,,,,,,,,,,,,,251.59,251.59,251.59,,251.59,,,,,,,,,,,,,,,,,,,,,,,,,,,,,,,,,,,,,,T1,,,,,,,
27673,0.036,0.002,0.0,,-0.164,0.144,,,,,,,,,,,,,,,,,,,,,,,,,,,,,,,,,,,,,,,,,,,,,,,,,,,,,,,,,,,,,,,,,,,,,,,,,,,,,,,,,,,,,,0.0,0.0,-0.102,0.003,,-0.079,0.0,0.069,0.0,0,1396.63,,1396.66,,,,,,,,,,,,,,,,,,,,,,,,,,,,,,,,,,1398.64,,1398.68,1398.71,,,,,,,,,,,,,,,,,,,,,,,,,,,,,,,,,,,,,,,,
31060,0.043,-0.163,0.0,,,,0.055,0.002,,,,,,,,,,,,,,,,,,,,,,,,,,,,,,,,,,,,,,,,,,,,,,,,,,,,,,,,,,,,,,,,,,,,0.273,-0.009,0.082,0.273,0.027,-0.125,,,,,0.01,0.013,0.017,0.0,,0.0,,,,,,,,,,0,518.53,,,,,,,,,,,,,,,,,,,,,,,,,,,,,,520.0,520.0,520.01,,520.01,,,,,,,,,,,,,,,,,,,,,,,,,,,,,,,,,,,,,,T1,,,,,,,
39170,-0.003,-0.126,0.0,,,,-0.044,0.0,,,,,,,,,,,,,,,,,,,,,,,,,,,,,,,,,,,,,,,,,,,,,,,,,,,,,,,,,,,,,,,,,,,,0.045,-0.028,0.063,0.045,-0.051,-0.02,-0.038,0.0,0.021,0.0,0.011,0.013,0.108,0.0,0.0,0.0,,,,,,,,,,0,1153.52,,,,,,,,,,,,,,,,,,,,,,,,,,,,,,1154.4,1154.4,1154.4,1154.4,1154.4,1154.43,,,,,,,,,,,,,,,,,,,,,,,,,,,,,,,,,,,,,T1,,,,,,,
9017,,,,,,,,,,-0.002,-0.034,,-0.01,-0.004,-0.157,,,,,,,,,,,,,,,,,,,,,,,,,,,,,,,,,,,,,,,,,,,,,,,,,,,,,,,,,,,,,-0.157,-0.028,0.104,-0.157,-0.063,0.033,-0.065,0.0,-0.012,0.0,0.012,0.013,0.017,0.0,0.0,0.0,,,,,,,,,,0,,,,,,1444.37,,,,,,,,,,,,,,,,,,,,,,,,,1445.52,1445.52,1445.52,1445.52,1445.52,1445.54,,,,,,,,,,,,,,,,,,,,,,,,,,,,,,,,,,,,,,,,,,,,
45573,-0.147,0.099,0.0,,-0.164,-0.011,,,,,,,,,,,,,,,,,,,,,,,,,,,,,,,,,,,,,,,,,,,,,,,,,,,,,,,,,,,,,,,,,,,,,,0.155,0.176,-0.725,0.155,0.078,-0.099,,,,,0.013,0.013,-0.165,0.0,,0.0,,,,,,,,,,0,3.28,,3.3,,,,,,,,,,,,,,,,,,,,,,,,,,,,5.24,5.24,5.24,,5.24,,,,,,,,,,,,,,,,,,,,,,,,,,,,,,,,,,,,,,T1,,,,,,,
9826,,,,,,,,,,0.018,,0.174,-0.01,,,,-0.006,-0.243,,,,,,,,,,,,,,,,,,,,,,,,,,,,,,,,,,,,,,,,,,,,,,,,,,,,,,,,,,0.084,0.093,0.101,0.084,0.067,-0.125,-0.092,0.0,-0.012,0.0,0.016,0.013,-0.119,0.0,,0.0,,,,,,,,,,0,,,,,683.82,,683.84,,,,,,,,,,,,,,,,,,,,,,,,687.08,687.08,687.08,687.08,687.08,,,,,,,,,,,,,,,,,,,,,,,,,,,,,,,,,,,,,,T1,,,,,,,
46733,,,,,,,,,,0.01,,-0.315,,,,0.008,,,,,,,,,,,,,,,,,,,,,,,,,,,,,,,,,,,,,,,,,,,,,,,,,,,,,,,,,,,,-0.124,-0.142,0.082,-0.124,0.071,-0.125,-0.011,0.0,-0.012,0.0,0.016,0.013,-0.074,0.0,,0.0,,,,,,,,,,0,,,,,585.06,,,,,,,,,,,,,,,,,,,,,,,,,,589.06,589.06,589.06,589.06,589.06,,,,,,,,,,,,,,,,,,,,,,,,,,,,,,,,,,,,,,T1,,,,,,,
40280,,,,,,,,,,,,,,,,,,,,,,,,,,,,,,,,,,,0.091,-0.008,-0.194,,0.062,,0.023,,,,,,,,,,,,,,,,,,,,,,,,,,,,,,0.341,0.043,,,,-0.043,0.017,0.057,-0.043,-0.027,0.007,-0.092,0.0,-0.004,0.0,0.019,0.013,,,,0.0,,,,,,,,,,1,,,,,,,,,,,,,,800.7,800.71,800.71,,,,,,,,,,,,,805.01,,807.37,807.37,807.37,807.37,807.37,,,,,,,,,,,,,,,,,,,,,T1,,,,,,,,,,,,,,,,,,,,,,,,
28307,,,,,,,,,,0.002,-0.034,,,,,0.042,,,,,,,,,,,,,,,,,,,,,,,,,,,,,,,,,,,,,,,,,,,,,,,,,,,,,,,,,,,,-0.06,0.125,-0.752,-0.06,-0.016,0.164,,,,,0.01,0.013,0.062,0.0,0.0,0.0,,,,,,,,,,0,,,,,,,,,,,,,,,,,,,,,,,,,,,,,,,165.75,165.75,165.76,,165.76,165.78,,,,,,,,,,,,,,,,,,,,,,,,,,,,,,,,,,,,,T1,,,,,,,
29824,-0.016,-0.195,0.0,,,,,,0.083,,,,,,,,,,,,,,,,,,,,,,,,,,,,,,,,,,,,,,,,,,,,,,,,,,,,,,,,,,,,,,,,,,,0.033,0.087,0.082,0.033,0.047,-0.099,-0.119,0.0,0.022,0.0,0.013,0.013,-0.029,0.0,,0.0,,,,,,,,,,0,522.21,,,522.24,,,,,,,,,,,,,,,,,,,,,,,,,,,522.88,522.88,522.88,522.88,522.88,,,,,,,,,,,,,,,,,,,,,,,,,,,,,,,,,,,,,,,,,,,,,
16148,0.003,0.056,0.0,,,,0.027,-0.001,,,,,,,,,,,0.068,-0.067,0.007,-0.147,,0.117,,0.139,,,,,,,,,,,,,,,,,,,,,,,,,,,,,,,,,,,,,,,,,,,,,,,,,,-0.056,-0.047,0.082,-0.056,-0.067,0.033,0.016,0.0,-0.003,0.0,0.011,0.013,0.017,0.0,0.0,0.0,,,,,,,,,,0,1363.97,,,,,,,1406.99,1407.0,,,,,,,,,,,,,,,,,,,,,,1412.46,1412.46,1412.47,1412.47,1412.47,1412.5,,,,,,,,,,,,T1,,,T3,,,,,,,,,,,,,,,,,,,,,,T1,,,,,,,
59932,,,,,,,,,,0.006,-0.034,,-0.01,-0.01,-0.008,,,,,,,,,,,,,,,,,,,,,,,,,,,,,,,,,,,,,,,,,,,,,,,,,,,,,,,,,,,,,0.205,-0.085,-0.702,0.205,,-0.02,,,,,0.011,0.013,-0.029,0.0,0.001,0.0,,,,,,,,,,0,,,,,,46.04,,,,,,,,,,,,,,,,,,,,,,,,,52.06,52.06,52.06,,52.06,52.08,,,,,,,,,,,,,,,,,,,,,,,,,,,,,,,,,,,,,T1,,,,,,,
57613,,,,,,,,,,-0.01,,0.151,,0.002,0.238,,,,,,,,,,,,,,,,,,,,,,,,,,,,,,,,,,,,,,,,,,,,,,,,,,,,,,,,,,,,,0.058,0.03,0.063,0.058,0.059,-0.02,-0.092,0.0,0.004,0.0,0.019,0.013,-0.119,0.0,0.0,0.0,,,,,,,,,,0,,,,,954.7,954.73,,,,,,,,,,,,,,,,,,,,,,,,,959.05,959.05,959.06,959.06,959.06,959.08,,,,,,,,,,,,,,,,,,,,,,,,,,,,,,,,,,,,,T1,,,,,,,
48709,-0.023,-0.003,,0.019,,,-0.03,-0.003,,,,,,,,,,,,,,,,,,,,,,,,,,,,,,,,,,,,,,,,,,,,,,,,,,,,,,,,,,,,,,,,,,,,0.294,0.004,0.037,0.294,0.059,-0.125,,,,,0.012,0.013,0.062,0.0,0.0,0.0,,,,,,,,,,0,371.43,371.43,,,,,,,,,,,,,,,,,,,,,,,,,,,,,373.83,373.83,373.84,,373.84,373.85,,,,,,,,,,,,,,,,,,,,,,,,,,,,,,,,,,,,,T1,,,,,,,
59820,-0.101,-0.04,,-0.081,,,0.067,0.0,,,,,,,,,,,,,,,,,,,,,,,,,,,,,,,,,,,,,,,,,,,,,,,,,,,,,,,,,,,,,,,,,,,,-0.07,-0.015,0.082,-0.07,0.02,-0.125,-0.011,0.0,-0.012,0.0,0.01,0.013,-0.029,0.0,0.0,0.0,,,,,,,,,,0,571.03,571.03,,,,,,,,,,,,,,,,,,,,,,,,,,,,,572.79,572.79,572.79,572.79,572.79,572.81,,,,,,,,,,,,,,,,,,,,,,,,,,,,,,,,,,,,,T1,,,,,,,
32516,0.01,0.067,0.0,,-0.164,,-0.023,0.0,,,,,,,,,,,,,,,,,,,,,,,,,,,,,,,,,,,,,,,,,,,,,,,,,,,,,,,,,,,,,,,,,,,,0.134,-0.072,0.101,0.134,0.129,-0.072,-0.011,0.0,0.013,0.0,0.009,0.013,0.108,0.0,0.0,0.0,,,,,,,,,,0,608.34,,,,,,,,,,,,,,,,,,,,,,,,,,,,,,610.75,610.75,610.75,610.75,610.75,610.77,,,,,,,,,,,,,,,,,,,,,,,,,,,,,,,,,,,,,,,,,,,,
48601,-0.029,-0.056,0.0,,,0.225,,,,,,,,,,,,,,,,,,,,,,,,,,,,,,,,,,,,,,,,,,,,,,,,,,,,,,,,,,,,,,,,,,,,,,-0.173,0.011,0.037,-0.173,0.047,0.112,,,,,0.014,0.013,0.062,0.0,,0.0,,,,,,,,,,0,402.2,,402.23,,,,,,,,,,,,,,,,,,,,,,,,,,,,404.19,404.19,404.2,,404.2,,,,,,,,,,,,,,,,,,,,,,,,,,,,,,,,,,,,,,T1,,,,,,,
7018,,,,,,,,,,,,,,,,,,,,,,,,,,,0.059,0.115,,-0.038,0.318,,0.012,0.054,,,,,,,,,,,,,,,,,,,,,,,,,,,,,,,,,,,,,,,,,,0.07,0.195,0.082,0.07,0.086,-0.099,,,,,0.016,0.013,0.108,0.0,0.0,0.0,,,,,,,,,,1,,,,,,,,,,,466.83,,,,,,,,,,,,,,,,,,,,505.97,505.97,505.98,,505.98,505.99,,,,,,,,,,,,,,,,,,,,,,,,,,,,,,,,,,,,,T1,,,,,,,
12270,0.03,-0.051,0.0,,,,,,0.077,,,,,,,,,,,,,,,,,,,,,,,,,,,,,,,,,,,,,,,,,,,,,,,,,,,,,,,,,,,,,,,,,,,0.181,0.074,0.037,0.181,0.047,-0.151,,,,,0.014,0.013,0.062,0.0,0.0,0.0,,,,,,,,,,0,320.69,,,320.71,,,,,,,,,,,,,,,,,,,,,,,,,,,322.2,322.2,322.21,,322.21,322.23,,,,,,,,,,,,,,,,,,,,,,,,,,,,,,,,,,,,,T1,,,,,,,
5845,-0.029,0.152,,0.019,0.336,,,,-0.079,,,,,,,,,,,,,,,,,,,,,,,,,,,,,,,,,,,,,,,,,,,,,,,,,,,,,,,,,,,,,,0.008,-0.048,,,,0.109,0.061,0.057,0.109,-0.024,0.138,0.043,0.0,0.004,0.0,0.017,0.013,-0.029,0.0,0.0,0.0,,,,,,,,,,0,907.26,907.26,,907.29,,,,,,,,,,,,,,,,,,,,,,,,,909.14,,911.27,911.27,911.27,911.27,911.27,911.29,,,,,,,,,,,,,,,,,,,,,,,,,,,,,,,,,,,,,T1,,,,,,,
18067,,,,,,,,,,,,,,,,,,,,,,,,,,,,,,,,,,,,,,,,,,,,,,,,,,,0.0,0.011,,0.0,,-0.305,,,,,,,,,,,,,,,-0.069,0.052,,,,0.058,-0.072,0.057,0.058,-0.004,-0.099,0.043,0.0,-0.013,0.0,0.014,0.013,-0.074,0.0,0.0,0.0,,,,,,,,,,0,,,,,,,,,,,,,,,,,,,,,647.08,,,,,,,,735.66,,740.58,740.58,740.59,740.59,740.59,740.6,,,,,,,,,,,,,,,,,,,,,,,,,,,,,,,,,,,,,T1,,,,,,,
51596,,,,,,,,,,,,,,,,,,,,,,,,,,,,,,,,,,,,,,,,,,,,,,,,,,,,,,,,,0.041,,,,,,,,0.08,,0.147,0.036,,-0.195,-0.095,-0.21,,,,-0.081,-0.009,0.063,-0.081,0.0,0.086,-0.092,0.0,0.012,0.0,0.018,0.013,0.062,0.0,,0.0,,,,,,,,,,0,,,,,,,,,,,,,,,,,,,,,,,,,,1013.63,1013.64,1013.64,1039.2,,1048.06,1048.06,1048.06,1048.06,1048.06,,,,,,,,,,,,,,,,,,,,,,,,,,,,,,,,,,T1,,,,T1,,,,,,,
10104,,,,,,,,,,-0.01,-0.034,,,,,0.053,,,,,,,,,,,,,,,,,,,,,,,,,,,,,,,,,,,,,,,,,,,,,,,,,,,,,,,,,,,,-0.021,-0.021,0.014,-0.021,0.145,0.086,,,,,0.012,0.013,-0.074,0.0,0.0,0.0,,,,,,,,,,0,,,,,,,,,,,,,,,,,,,,,,,,,,,,,,,303.31,303.31,303.32,,303.32,303.38,,,,,,,,,,,,,,,,,,,,,,,,,,,,,,,,,,,,,T1,,,,,,,
44440,0.121,0.211,0.0,,,,-0.027,0.002,,,,,,,,,,,,,,,,,,,,,,,,,,,,,,,,,,,,,,,,,,,,,,,,,,,,,,,,,,,,,,,,,,,,-0.157,-0.009,0.104,-0.157,-0.071,0.059,0.016,0.0,0.021,0.0,0.013,0.013,-0.029,0.0,,0.0,,,,,,,,,,0,1468.03,,,,,,,,,,,,,,,,,,,,,,,,,,,,,,1477.47,1477.47,1477.47,1477.47,1477.47,,,,,,,,,,,,,,,,,,,,,,,,,,,,,,,,,,,,,,T1,,,,,,,
6825,,,,,,,,,,0.006,-0.034,,,,,,0.022,0.073,,,,,,,,,,,,,,,,,,,,,,,,,,,,,,,,,,,,,,,,,,,,,,,,,,,,,,,,,,,,,,,,,,,,,,,,,,0.0,0.0,-0.118,-0.014,,-0.287,0.0,0.069,0.0,0,,,,,,,1400.87,,,,,,,,,,,,,,,,,,,,,,,,,,,,,,1408.45,,1408.47,1408.49,,,,,,,,,,,,,,,,,,,,,,,,,,,,,,,,,,,,,,,,
42675,,,,,,,,,,,,,,,,,,,,,,,,,,,,,,,,,,,0.126,-0.008,0.165,,0.071,,0.09,,,,,,,,,,,,,,,,,,,,,,,,,,,,,,,,,,,0.13,0.1,0.082,0.13,0.086,-0.336,,,,,0.016,0.013,0.108,0.0,,0.0,,,,,,,,,,0,,,,,,,,,,,,,,392.13,392.2,392.2,,,,,,,,,,,,,,,448.69,448.69,448.69,,448.69,,,,,,,,,,,,,,,,,,,,,T1,,,,,,,,,,,,,,,,,,,,,,,,
9568,,,,,,,,,,,,,,,,,,,,,,,,,,,,,,,,,,,-0.074,,,-0.076,,0.0,0.054,,,,,,,,,,,,,,,,,,,,,,,,,,,,,,0.049,0.077,,,,0.008,-0.06,0.057,0.008,-0.024,-0.072,0.016,0.0,0.004,0.0,0.012,0.013,-0.165,0.0,,0.0,,,,,,,,,,1,,,,,,,,,,,,,,707.99,,,,,,,,,,,,,,,742.22,,745.25,745.25,745.25,745.25,745.25,,,,,,,,,,,,,,,,,,,,,T1,,T1,,,,,,,,,,,,,,,T1,,,,,,,
57398,-0.042,-0.206,0.0,,,,,,0.018,,,,,,,,,,,,,,,,,,,,,,,,,,,,,,,,,,,,,,,,,,,,,,,,,,,,,,,,,,,,,,,,,,,-0.206,0.081,0.037,-0.206,0.071,-0.178,,,,,-0.969,-0.987,0.017,0.0,0.0,0.0,,,,,,,,,,0,252.7,,,252.73,,,,,,,,,,,,,,,,,,,,,,,,,,,253.68,253.68,253.72,,253.72,253.74,,,,,,,,,,,,,,,,,,,,,,,,,,,,,,,,,,,,,T1,,,,,,,
11500,,,,,,,,,,-0.002,,-0.312,-0.01,,,-0.042,,,,,,,,,,,,,,,,,,,,,,,,,,,,,,,,,,,,,,,,,,,,,,,,,,,,,,,,,,,,-0.106,-0.028,0.063,-0.106,0.051,0.007,0.07,0.0,-0.012,0.0,0.009,0.013,-0.119,0.0,0.0,0.0,,,,,,,,,,0,,,,,1261.59,,,,,,,,,,,,,,,,,,,,,,,,,,1266.25,1266.25,1266.26,1266.26,1266.26,1266.28,,,,,,,,,,,,,,,,,,,,,,,,,,,,,,,,,,,,,T1,,,,,,,
43934,0.023,0.035,0.0,,,0.033,,,,,,,,,,,,,,,,,,,,,,,,,,,,,,,,,,,,,,,,,,,,,,,,,,,,,,,,,,,,,,,,,,,,,,0.155,0.112,-0.702,0.155,0.125,-0.072,,,,,0.013,0.013,-0.029,0.0,0.0,0.0,,,,,,,,,,0,63.5,,63.54,,,,,,,,,,,,,,,,,,,,,,,,,,,,66.39,66.39,66.4,,66.4,66.42,,,,,,,,,,,,,,,,,,,,,,,,,,,,,,,,,,,,,,,,,,,,
56653,-0.042,-0.308,,0.019,,0.043,,,,,,,,,,,,,,,,,,,,,,,,,,,,,,,,,,,,,,,,,,,,,,,,,,,,,,,,,,,,,,,,,,,,,,-0.106,0.017,0.104,-0.106,-0.051,0.191,0.07,0.0,-0.013,0.0,0.012,0.013,0.017,0.0,0.0,0.0,,,,,,,,,,0,1624.65,1624.66,1624.68,,,,,,,,,,,,,,,,,,,,,,,,,,,,1625.93,1625.93,1625.93,1625.93,1625.93,1625.95,,,,,,,,,,,,,,,,,,,,,,,,,,,,,,,,,,,,,T1,,,,,,,
25951,0.023,0.056,,0.019,-0.164,,0.062,0.001,,,,,,,,,,,,,,,,,,,,,,,,,,,,,,,,,,,,,,,,,,,,,,,,,,,,,,,,,,,,,,,0.009,0.025,,,,0.109,0.297,0.079,0.109,-0.012,0.086,0.043,0.0,0.02,0.0,0.018,0.013,0.017,0.0,,0.0,,,,,,,,,,0,910.71,910.72,,,,,,,,,,,,,,,,,,,,,,,,,,,912.77,,918.9,918.9,918.9,918.9,918.9,,,,,,,,,,,,,,,,,,,,,,,,,,,,,,,,,,,,,,T1,,,,,,,
28329,,,,,,,,,,0.006,-0.034,,,0.108,-0.037,,,,,,,,,,,,,,,,,,,,,,,,,,,,,,,,,,,,,,,,,,,,,,,,,,,,,,,,,,,,,-0.132,-0.091,0.063,-0.132,-0.016,-0.046,-0.092,0.0,-0.001,0.0,0.014,0.013,-0.029,0.0,0.0,0.0,,,,,,,,,,0,,,,,,1127.9,,,,,,,,,,,,,,,,,,,,,,,,,1129.12,1129.12,1129.12,1129.12,1129.12,1129.14,,,,,,,,,,,,,,,,,,,,,,,,,,,,,,,,,,,,,T1,,,,,,,
13902,-0.088,-0.292,0.0,,,,0.004,0.001,,,,,,,,,,,,,,,,,,,,,,,,,,,,,,,,,,,,,,,,,,,,,,,,,,,,,,,,,,,,,,,,,,,,0.067,0.163,-0.702,0.067,0.078,0.164,,,,,0.01,0.013,0.153,0.0,,0.0,,,,,,,,,,0,116.49,,,,,,,,,,,,,,,,,,,,,,,,,,,,,,118.46,118.46,118.46,,118.46,,,,,,,,,,,,,,,,,,,,,,,,,,,,,,,,,,,,,,T1,,,,,,,
59332,,,,,,,,,,-0.022,0.066,,-0.01,-0.009,0.21,,,,,,,,,,,,,,,,,,,,,,,,,,,,,,,,,,,,,,,,,,,,,,,,,,,,,,,,,,,,,0.185,-0.047,0.063,0.185,-0.024,0.112,0.097,0.0,0.029,0.0,0.008,0.013,0.153,0.0,,0.0,,,,,,,,,,0,,,,,,928.68,,,,,,,,,,,,,,,,,,,,,,,,,938.29,938.29,938.3,938.3,938.3,,,,,,,,,,,,,,,,,,,,,,,,,,,,,,,,,,,,,,T1,,,,,,,
32631,,,,,,,,,,0.006,-0.034,,-0.01,,,,-0.032,-0.182,,,,,,,,,,,,,,,,,,,,,,,,,,,,,,,,,,,,,,,,,,,,,,,,,,,,,,,,,,0.045,-0.091,0.082,0.045,-0.024,0.164,0.151,0.0,-0.012,0.0,0.014,0.013,0.108,0.0,,0.0,,,,,,,,,,0,,,,,,,1366.49,,,,,,,,,,,,,,,,,,,,,,,,1372.36,1372.36,1372.37,1372.37,1372.37,,,,,,,,,,,,,,,,,,,,,,,,,,,,,,,,,,,,,,T1,,,,,,,
54939,0.036,0.051,,-0.081,0.336,,-0.046,0.002,,,,,,,,,,,,,,,,,,,,,,,,,,,,,,,,,,,,,,,,,,,,,,,,,,,,,,,,,,,,,,,,,,,,0.016,0.138,-0.702,0.016,,-0.046,,,,,0.009,0.013,0.017,0.0,,0.0,,,,,,,,,,0,96.28,96.29,,,,,,,,,,,,,,,,,,,,,,,,,,,,,99.18,99.18,99.19,,99.19,,,,,,,,,,,,,,,,,,,,,,,,,,,,,,,,,,,,,,,,,,,,,
13768,,,,,,,,,,0.022,-0.034,,-0.01,-0.094,-0.012,,,,,,,,,,,,,,,,,,,,,,,,,,,,,,,,,,,,,,,,,,,,,,,,,,,,,,,,,,,,,,,,,,,,,,,,,,,,,0.0,0.0,0.184,0.059,0.157,0.046,0.0,,0.0,0,,,,,,565.99,,,,,,,,,,,,,,,,,,,,,,,,,,,,,,,567.77,,567.83,567.84,,,,,,,,,,,,,,,,,,,,,,,,,,,,,,,,,,,,,,,,
6806,0.023,0.115,,0.019,0.336,,,,0.013,,,,,,,,,,,,,,,,,,,,,,,,,,,,,,,,,,,,,,,,,,,,,,,,,,,,,,,,,,,,,,,,,,,-0.206,0.055,0.037,-0.206,0.0,-0.046,,,,,-0.969,-0.987,0.108,0.0,,0.0,,,,,,,,,,0,248.57,248.57,,248.6,,,,,,,,,,,,,,,,,,,,,,,,,,,250.29,250.29,250.33,,250.33,,,,,,,,,,,,,,,,,,,,,,,,,,,,,,,,,,,,,,,,,,,,,
23591,-0.01,-0.099,0.0,,0.336,,,,0.1,,,,,,,,,,,,,,,,,,,,,,,,,,,,,,,,,,,,,,,,,,,,,,,,,,,,,,,,,,,,,,,,,,,,,,,,,,,,,,,,,,,0.0,0.0,0.08,,0.447,0.258,0.0,,0.0,0,187.32,,,187.38,,,,,,,,,,,,,,,,,,,,,,,,,,,,,,,,,188.67,,188.68,188.69,,,,,,,,,,,,,,,,,,,,,,,,,,,,,,,,,,,,,,,,
45523,-0.127,-0.056,,0.119,,-0.011,,,,,,,,,,,,,,,,,,,,,,,,,,,,,,,,,,,,,,,,,,,,,,,,,,,,,,,,,,,,,,,,,,,,,,0.109,0.074,0.057,0.109,0.0,-0.099,-0.065,0.0,0.021,0.0,0.016,0.013,0.108,0.0,,0.0,,,,,,,,,,0,904.25,904.27,904.3,,,,,,,,,,,,,,,,,,,,,,,,,,,,907.94,907.94,907.95,907.95,907.95,,,,,,,,,,,,,,,,,,,,,,,,,,,,,,,,,,,,,,,,,,,,,
12002,0.036,0.019,,0.019,,,0.025,0.002,,,,,,,,,,,,,,,,,,,,,,,,,,,,,,,,,,,,,,,,,,,,,,,,,,,,,,,,,,,,,,,,,,,,-0.081,-0.047,0.063,-0.081,-0.055,0.191,-0.065,0.0,0.022,0.0,0.016,0.013,0.062,0.0,,0.0,,,,,,,,,,0,1249.2,1249.21,,,,,,,,,,,,,,,,,,,,,,,,,,,,,1260.09,1260.09,1260.09,1260.09,1260.09,,,,,,,,,,,,,,,,,,,,,,,,,,,,,,,,,,,,,,T1,,,,,,,
55732,,,,,,,,,,-0.01,,-0.335,,,,,-0.013,-0.151,,,,,,,,,,,,,,,,,,,,,,,,,,,,,,,,,,,,,,,,,,,,,,,,,,,,,,,,,,0.129,-0.066,-0.702,0.129,,-0.02,,,,,0.008,0.013,-0.029,0.0,0.0,0.0,,,,,,,,,,0,,,,,51.43,,51.46,,,,,,,,,,,,,,,,,,,,,,,,56.86,56.86,56.86,,56.86,56.88,,,,,,,,,,,,,,,,,,,,,,,,,,,,,,,,,,,,,T1,,,,,,,
35946,0.141,-0.03,,0.019,0.336,-0.01,,,,,,,,,,,,,,,,,,,,,,,,,,,,,,,,,,,,,,,,,,,,,,,,,,,,,,,,,,,,,,,,,,,,,,0.045,0.055,0.104,0.045,0.055,0.191,-0.011,0.0,-0.013,0.0,0.013,0.013,0.335,0.0,0.0,0.0,,,,,,,,,,0,1641.73,1641.73,1641.76,,,,,,,,,,,,,,,,,,,,,,,,,,,,1642.22,1642.22,1642.22,1642.22,1642.22,1642.25,,,,,,,,,,,,,,,,,,,,,,,,,,,,,,,,,,,,,T1,,,,,,,
20540,,,,,,,,,,-0.006,,-0.328,-0.01,,,,0.036,0.124,,,,,,,,,,,,,,,,,,,,,,,,,,,,,,,,,,,,,,,,,,,,,,,,,,,,,,,,,,0.067,-0.193,-0.68,0.067,,-0.02,,,,,0.013,0.013,0.199,0.0,,0.0,,,,,,,,,,0,,,,,156.15,,156.21,,,,,,,,,,,,,,,,,,,,,,,,157.82,157.82,157.82,,157.82,,,,,,,,,,,,,,,,,,,,,,,,,,,,,,,,,,,,,,T1,,,,,,,
50500,0.095,0.088,0.0,,-0.164,,,,0.005,,,,,,,,,,,,,,,,,,,,,,,,,,,,,,,,,,,,,,,,,,,,,,,,,,,,,,,,,,,,,,0.087,0.124,,,,0.109,0.093,0.057,0.109,-0.02,0.112,-0.038,0.0,-0.013,0.0,0.017,0.013,0.108,0.0,0.0,0.0,,,,,,,,,,1,838.49,,,838.52,,,,,,,,,,,,,,,,,,,,,,,,,877.39,,880.23,880.23,880.23,880.23,880.23,880.24,,,,,,,,,,,,,,,,,,,,,,,,,,,,,,,,,,,,,,,,,,,,
32398,,,,,,,,,,,,,,,,,,,,,,,,,,,,,,,,,,,,,,,,,,,,,,,,,,,,,-0.074,-0.009,,-0.059,,,,,,,,,,,,,,,,,-0.035,,,-0.106,-0.04,0.063,-0.106,-0.008,0.112,0.07,0.0,0.021,0.0,0.018,0.013,-0.074,0.0,,0.0,,,,,,,,,,0,,,,,,,,,,,,,,,,,,,,,,,,,,,,,,,1022.17,1022.17,1022.18,1022.18,1022.18,,,,,,,,,,,,,,,,,,,,,,,,,,,,,,,,,,,,,,,,,,,,,
8779,-0.068,-0.131,0.0,,,0.2,,,,,,,,,,,,,,,,,,,,,,,,,,,,,,,,,,,,,,,,,,,,,,,,,,,,,,,,,,,,,,,,,,,,,,-0.056,-0.021,0.082,-0.056,-0.071,0.086,0.151,0.0,0.029,0.0,0.011,0.013,0.108,0.0,,0.0,,,,,,,,,,0,1391.53,,1391.55,,,,,,,,,,,,,,,,,,,,,,,,,,,,1392.19,1392.19,1392.19,1392.19,1392.19,,,,,,,,,,,,,,,,,,,,,,,,,,,,,,,,,,,,,,T1,,,,,,,
26885,0.036,-0.115,,-0.081,,0.095,,,,,,,,,,,,,,,,,,,,,,,,,,,,,,,,,,,,,,,,,,,,,,,,,,,,,,,,,,,,,,,,,,,,,,0.23,-0.04,-0.702,0.23,,0.217,,,,,0.01,0.013,0.108,0.0,0.001,0.0,,,,,,,,,,0,55.04,55.04,55.07,,,,,,,,,,,,,,,,,,,,,,,,,,,,61.5,61.5,61.51,,61.51,61.54,,,,,,,,,,,,,,,,,,,,,,,,,,,,,,,,,,,,,T1,,,,,,,
54327,,,,,,,,,,,,,,,,,,,,,,,,,,,,,,,,,,,-0.164,-0.064,-0.022,,,0.006,-0.028,,,,,,,,,,,,,,,,,,,,,,,,,,,,,,,,,-0.036,-0.037,0.084,0.061,0.057,0.084,-0.012,-0.046,0.07,0.0,-0.013,0.0,0.01,0.013,0.017,0.0,0.0,0.0,,,,,,,,,,1,,,,,,,,,,,,,,692.73,692.74,,,,,,,,,,,,,,,735.14,738.71,738.71,738.71,738.71,738.71,738.73,,,,,,,,,,,,,,,,,,,,T1,,,,,,,,,,,,,,,,,,,,,,,,
50265,,,,,,,,,,0.002,0.066,,-0.01,,,-0.042,,,,,,,,,,,,,,,,,,,,,,,,,,,,,,,,,,,,,,,,,,,,,,,,,,,,,,,,,,,,-0.031,-0.117,0.082,-0.031,-0.051,-0.072,-0.119,0.0,0.022,0.0,0.011,0.013,0.062,0.0,0.0,0.0,,,,,,,,,,0,,,,,,,,,,,,,,,,,,,,,,,,,,,,,,,1292.78,1292.78,1292.79,1292.79,1292.79,1292.8,,,,,,,,,,,,,,,,,,,,,,,,,,,,,,,,,,,,,T1,,,,,,,
13265,,,,,,,,,,0.014,,0.304,,0.018,0.259,,,,,,,,,,,,,,,,,,,,,,,,,,,,,,,,,,,,,,,,,,,,,,,,,,,,,,,,,,,,,-0.03,0.061,0.082,-0.03,0.039,-0.151,-0.011,0.0,0.014,0.0,0.013,0.013,-0.029,0.0,,0.0,,,,,,,,,,0,,,,,551.32,551.39,,,,,,,,,,,,,,,,,,,,,,,,,553.07,553.07,553.07,553.07,553.07,,,,,,,,,,,,,,,,,,,,,,,,,,,,,,,,,,,,,,,,,,,,,
45568,0.043,0.024,0.0,,-0.164,,,,0.097,,,,,,,,,,,,,,,,,,,,,,,,,,,,,,,,,,,,,,,,,,,,,,,,,,,,,,,,,,,,,,,,,,,0.134,-0.015,0.082,0.134,0.063,-0.151,-0.065,0.0,0.022,0.0,0.004,0.013,0.017,0.0,0.0,0.0,,,,,,,,,,0,533.1,,,533.19,,,,,,,,,,,,,,,,,,,,,,,,,,,537.72,537.72,537.73,537.73,537.73,537.75,,,,,,,,,,,,,,,,,,,,,,,,,,,,,,,,,,,,,T1,,,,,,,
28070,-0.134,-0.201,0.0,,-0.164,,,,-0.093,,,,,,,,,,,,,,,,,,,,,,,,,,,,,,,,,,,,,,,,,,,,,,,,,,,,,,,,,,,,,,,,,,,-0.081,0.023,0.104,-0.081,-0.082,-0.099,-0.038,0.0,-0.004,0.0,0.011,0.013,0.153,0.0,0.0,0.0,,,,,,,,,,0,1465.22,,,1465.25,,,,,,,,,,,,,,,,,,,,,,,,,,,1467.45,1467.45,1467.46,1467.46,1467.46,1467.47,,,,,,,,,,,,,,,,,,,,,,,,,,,,,,,,,,,,,T1,,,,,,,
39985,0.088,0.056,0.0,,,-0.014,,,,,,,,,,,,,,,,,,,,,,,,,,,,,,,,,,,,,,,,,,,,,,,,,,,,,,,,,,,,,,,,,,,,,,0.109,0.081,0.057,0.109,-0.031,-0.257,0.07,0.0,-0.005,0.0,0.014,0.013,0.062,0.0,0.0,0.0,,,,,,,,,,0,828.18,,828.2,,,,,,,,,,,,,,,,,,,,,,,,,,,,836.5,836.5,836.5,836.5,836.5,836.53,,,,,,,,,,,,,,,,,,,,,,,,,,,,,,,,,,,,,,,,,,,,
22901,,,,,,,,,,,,,,,,,,,,,,,,,,,,,,,,,,,0.229,-0.008,-0.016,,,0.013,-0.019,,,,,,,,,,,,,,,,,,,,,,,,,,,,,,-0.025,0.058,,,,0.109,0.132,0.057,0.109,-0.031,0.007,0.097,0.0,-0.004,0.0,0.014,0.013,,,0.0,0.0,,,,,,,,,,0,,,,,,,,,,,,,,744.78,744.79,,,,,,,,,,,,,,769.11,,772.41,772.41,772.42,772.42,772.42,772.47,,,,,,,,,,,,,,,,,,,,T1,,,,,,,,,,,,,,,,,T1,,,,,,,
4032,,,,,,,,,,-0.014,,0.431,,,,0.019,,,,,,,,,,,,,,,,,,,,,,,,,,,,,,,,,,,,,,,,,,,,,,,,,,,,,,,,,,,,0.155,-0.2,-0.702,0.155,,0.033,,,,,0.017,0.013,0.108,0.0,0.0,0.0,,,,,,,,,,0,,,,,45.48,,,,,,,,,,,,,,,,,,,,,,,,,,54.61,54.61,54.61,,54.61,54.63,,,,,,,,,,,,,,,,,,,,,,,,,,,,,,,,,,,,,T1,,,,,,,
26285,0.134,0.056,0.0,,,-0.084,,,,,,,,,,,,,,,,,,,,,,,,,,,,,,,,,,,,,,,,,,,,,,,,,,,,,,,,,,,,,,,,,,,,,,-0.157,-0.034,0.104,-0.157,-0.075,0.138,-0.065,0.0,-0.012,0.0,0.008,0.013,-0.074,0.0,,0.0,,,,,,,,,,0,1433.53,,1433.56,,,,,,,,,,,,,,,,,,,,,,,,,,,,1439.98,1439.98,1439.98,1439.98,1439.98,,,,,,,,,,,,,,,,,,,,,,,,,,,,,,,,,,,,,,T1,,,,,,,
5482,-0.036,-0.03,0.0,,,,,,0.079,,,,,,,,,,,,,,,,,,,,,,,,,,,,,,,,,,,,,,,,,,,,,,,,,,,,,,,,,,,,,,,,,,,-0.157,0.03,0.104,-0.157,-0.078,0.191,-0.065,0.0,0.004,0.0,0.014,0.013,-0.074,0.0,,0.0,,,,,,,,,,0,1508.65,,,1508.68,,,,,,,,,,,,,,,,,,,,,,,,,,,1511.16,1511.16,1511.16,1511.16,1511.16,,,,,,,,,,,,,,,,,,,,,,,,,,,,,,,,,,,,,,T1,,,,,,,
43124,0.062,-0.014,0.0,,,,,,0.073,,,,,,,,,,,,,,,,,,,,,,,,,,,,,,,,,,,,,,,,,,,,,,,,,,,,,,,,,,,,,,,,,,,0.117,0.112,-0.702,0.117,0.098,0.112,,,,,0.013,0.013,0.199,0.0,0.0,0.0,,,,,,,,,,0,90.76,,,90.8,,,,,,,,,,,,,,,,,,,,,,,,,,,97.36,97.36,97.36,,97.36,97.38,,,,,,,,,,,,,,,,,,,,,,,,,,,,,,,,,,,,,,,,,,,,
44010,,,,,,,,,,,,,,,,,,,,,,,,,,,,,,,,,,,-0.162,-0.008,-0.013,,,0.121,-0.046,,,,,,,,,,,,,,,,,,,,,,,,,,,,,,-0.019,0.034,,,,0.058,-0.06,0.057,0.058,-0.035,0.033,0.016,0.0,0.021,0.0,0.011,0.013,-0.029,0.0,0.0,0.0,,,,,,,,,,0,,,,,,,,,,,,,,692.91,692.92,,,,,,,,,,,,,,724.58,,735.43,735.43,735.43,735.43,735.43,735.46,,,,,,,,,,,,,,,,,,,,T1,,,,,,,,,,,,,,,,,T1,,,,,,,
50719,-0.01,0.281,0.0,,-0.164,,0.007,-0.001,,,,,,,,,,,,,,,,,,,,,,,,,,,,,,,,,,,,,,,,,,,,,,,,,,,,,,,,,,,,,,,,,,,,0.207,-0.066,0.037,0.207,-0.016,0.033,,,,,0.012,0.013,0.153,0.0,0.0,0.0,,,,,,,,,,0,335.04,,,,,,,,,,,,,,,,,,,,,,,,,,,,,,336.15,336.15,336.16,,336.16,336.18,,,,,,,,,,,,,,,,,,,,,,,,,,,,,,,,,,,,,T1,,,,,,,
51489,0.01,0.067,0.0,,,,,,0.025,,,,,,,,,,,,,,,,,,,,,,,,,,,,,,,,,,,,,,,,,,,,,,,,,,,,,,,,,,,,,,,,,,,0.18,-0.193,-0.657,0.18,,0.007,,,,,0.013,0.013,0.108,0.0,,0.0,,,,,,,,,,0,36.25,,,36.31,,,,,,,,,,,,,,,,,,,,,,,,,,,38.44,38.44,38.44,,38.44,,,,,,,,,,,,,,,,,,,,,,,,,,,,,,,,,,,,,,T1,,,,,,,
24033,-0.075,-0.024,,0.019,-0.164,0.083,,,,,,,,,,,,,,,,,,,,,,,,,,,,,,,,,,,,,,,,,,,,,,,,,,,,,,,,,,,,,,,,,,,,,,-0.106,-0.009,0.082,-0.106,-0.059,0.138,-0.038,0.0,0.022,0.0,0.01,0.013,0.017,0.0,0.0,0.0,,,,,,,,,,0,1393.77,1393.77,1393.79,,,,,,,,,,,,,,,,,,,,,,,,,,,,1395.15,1395.15,1395.15,1395.15,1395.15,1395.17,,,,,,,,,,,,,,,,,,,,,,,,,,,,,,,,,,,,,T1,,,,,,,
8487,,,,,,,,,,,,,,,,,,,,,,,,,,,,,,,,,,,0.01,-0.008,-0.061,,0.189,,-0.071,,,,,,,,,,,,,,,,,,,,,,,,,,,,,,0.008,0.183,,,,0.16,0.055,0.057,0.16,-0.039,-0.046,-0.038,0.0,0.006,0.0,0.018,0.013,0.017,0.0,0.0,0.0,,,,,,,,,,0,,,,,,,,,,,,,,791.3,791.31,791.38,,,,,,,,,,,,,796.01,,804.27,804.27,804.28,804.28,804.28,804.3,,,,,,,,,,,,,,,,,,,,T1,,,,,,,,,,,,,,,,,T1,,,,,,,
46450,-0.003,-0.014,,0.019,-0.164,0.137,,,,,,,,,,,,,,,,,,,,,,,,,,,,,,,,,,,,,,,,,,,,,,,,,,,,,,,,,,,,,,,,,,,,,,0.046,0.004,0.082,0.046,0.02,-0.125,-0.092,0.0,0.013,0.0,0.017,0.013,0.108,0.0,0.0,0.0,,,,,,,,,,0,557.95,557.95,557.98,,,,,,,,,,,,,,,,,,,,,,,,,,,,559.04,559.04,559.05,559.05,559.05,559.07,,,,,,,,,,,,,,,,,,,,,,,,,,,,,,,,,,,,,T1,,,,,,,
39247,0.043,0.104,,0.019,,,0.019,0.001,,,,,,,,,,,,,,,,,,,,,,,,,,,,,,,,,,,,,,,,,,,,,,,,,,,,,,,,,,,,,,,,,-0.035,,,0.084,-0.015,0.057,0.084,-0.02,0.164,0.097,0.0,-0.011,0.0,0.016,0.013,-0.029,0.0,,0.0,,,,,,,,,,0,895.96,895.96,,,,,,,,,,,,,,,,,,,,,,,,,,,,,903.35,903.35,903.36,903.36,903.36,,,,,,,,,,,,,,,,,,,,,,,,,,,,,,,,,,,,,,,,,,,,,
4329,,,,,,,,,,,,,,,,,,,,,,,,,,,,,,,,,,,0.132,0.047,0.399,,0.171,,0.135,,,,,,,,,,,,,,,,,,,,,,,,,,,,,,0.374,-0.191,,,,-0.098,-0.181,0.037,-0.098,-0.016,-0.046,,,,,0.005,0.013,0.335,0.0,0.0,0.0,,,,,,,,,,0,,,,,,,,,,,,,,368.02,368.04,368.05,,,,,,,,,,,,,407.83,,418.68,418.68,418.68,,418.68,418.7,,,,,,,,,,,,,,,,,,,,T1,,,,,,,,,,,,,,,,,T1,,,,,,,
8262,-0.003,-0.206,0.0,,,,0.005,0.002,,,,,,,,,,,,,,,,,,,,,,,,,,,,,,,,,,,,,,,,,,,,,,,,,,,,,,,,,,,,,,,,,,,,0.008,-0.028,0.101,0.008,0.102,-0.099,0.097,0.0,0.005,0.0,0.012,0.013,-0.074,0.0,,0.0,,,,,,,,,,0,670.47,,,,,,,,,,,,,,,,,,,,,,,,,,,,,,671.08,671.08,671.08,671.08,671.08,,,,,,,,,,,,,,,,,,,,,,,,,,,,,,,,,,,,,,,,,,,,,
12715,0.003,0.013,,0.019,-0.164,,-0.012,0.001,,,,,,,,,,,,,,,,,,,,,,,,,,,,,,,,,,,,,,,,,,,,,,,,,,,,,,,,,,,,,,,,,,,,0.134,0.074,0.057,0.134,0.063,-0.02,-0.092,0.0,0.003,0.0,-0.969,-0.987,0.108,0.0,,0.0,,,,,,,,,,0,894.54,894.54,,,,,,,,,,,,,,,,,,,,,,,,,,,,,901.37,901.37,901.47,901.47,901.47,,,,,,,,,,,,,,,,,,,,,,,,,,,,,,,,,,,,,,T1,,,,,,,
59814,0.036,-0.014,,0.019,,,,,0.071,,,,,,,,,,,,,,,,,,,,,,,,,,,,,,,,,,,,,,,,,,,,,,,,,,,,,,,,,,,,,,,,,,,0.251,-0.111,-0.029,0.251,,-0.046,,,,,0.011,0.013,0.062,0.0,,0.0,,,,,,,,,,0,192.23,192.23,,192.25,,,,,,,,,,,,,,,,,,,,,,,,,,,197.56,197.56,197.57,,197.57,,,,,,,,,,,,,,,,,,,,,,,,,,,,,,,,,,,,,,T1,,,,,,,
17480,,,,,,,,,,0.002,-0.034,,,,,-0.014,,,,,,,,,,,,,,,,,,,,,,,,,,,,,,,,,,,,,,,,,,,,,,,,,,,,,,,,,,,,-0.258,-0.028,0.082,-0.258,-0.059,-0.02,0.016,0.0,-0.003,0.0,0.012,0.013,-0.347,0.0,0.0,0.0,,,,,,,,,,0,,,,,,,,,,,,,,,,,,,,,,,,,,,,,,,1397.67,1397.67,1397.68,1397.68,1397.68,1397.71,,,,,,,,,,,,,,,,,,,,,,,,,,,,,,,,,,,,,T1,,,,,,,
50633,0.01,0.019,,0.019,,0.071,,,,,,,,,,,,,,,,,,,,,,,,,,,,,,,,,,,,,,,,,,,,,,,,,,,,,,,,,,,,,,,,,,,,,,-0.132,-0.053,0.063,-0.132,-0.047,0.033,0.043,0.0,-0.003,0.0,0.007,0.013,-0.21,0.0,0.0,0.0,,,,,,,,,,0,1156.47,1156.47,1156.5,,,,,,,,,,,,,,,,,,,,,,,,,,,,1158.09,1158.09,1158.1,1158.1,1158.1,1158.12,,,,,,,,,,,,,,,,,,,,,,,,,,,,,,,,,,,,,T1,,,,,,,
26462,,,,,,,,,,,,,,,,,,,,,,,,,,,-0.159,-0.171,,-0.038,-0.067,0.349,,0.319,,,,,,,,,,,,,,,,,,,,,,,,,,,,,,,,,,,,,-0.287,-0.143,,,,-0.017,-0.021,0.057,-0.017,-0.031,0.007,-0.038,0.0,-0.004,0.0,0.013,0.013,-0.029,0.0,,0.0,,,,,,,,,,0,,,,,,,,,,,736.63,,736.64,,,,,,,,,,,,,,,,750.66,,763.43,763.43,763.43,763.43,763.43,,,,,,,,,,,,,,,,,,,,,,,,,,,,,,,,,,,,,,T1,,,,,,,
492,0.101,-0.088,,0.019,,,0.005,0.0,,,,,,,,,,,,,,,,,,,,,,,,,,,,,,,,,,,,,,,,,,,,,,,,,,,,,,,,,,,,,,,,,-0.035,,,0.033,0.119,0.057,0.033,-0.02,-0.02,-0.011,0.0,0.003,0.0,0.012,0.013,-0.074,0.0,0.0,0.0,,,,,,,,,,0,891.68,891.68,,,,,,,,,,,,,,,,,,,,,,,,,,,,,896.76,896.76,896.76,896.76,896.76,896.78,,,,,,,,,,,,,,,,,,,,,,,,,,,,,,,,,,,,,T1,,,,,,,
19552,0.03,-0.03,0.0,,-0.164,0.016,,,,,,,,,,,,,,,,,,,,,,,,,,,,,,,,,,,,,,,,,,,,,,,,,,,,,,,,,,,,,,,,,,,,,,0.269,0.093,0.037,0.269,0.043,-0.151,,,,,0.011,0.013,0.062,0.0,,0.0,,,,,,,,,,0,365.44,,365.47,,,,,,,,,,,,,,,,,,,,,,,,,,,,368.66,368.66,368.66,,368.66,,,,,,,,,,,,,,,,,,,,,,,,,,,,,,,,,,,,,,T1,,,,,,,
8627,0.023,0.045,,-0.081,,0.156,,,,,,,,,,,,,,,,,,,,,,,,,,,,,,,,,,,,,,,,,,,,,,,,,,,,,,,,,,,,,,,,,,,,,,0.155,0.106,-0.702,0.155,0.11,-0.02,,,,,0.012,0.013,0.062,0.0,,0.0,,,,,,,,,,0,63.89,63.9,63.93,,,,,,,,,,,,,,,,,,,,,,,,,,,,66.76,66.76,66.76,,66.76,,,,,,,,,,,,,,,,,,,,,,,,,,,,,,,,,,,,,,,,,,,,,
52115,0.03,0.147,,0.019,,,,,-0.119,,,,,,,,,,,,,,,,,,,,,,,,,,,,,,,,,,,,,,,,,,,,,,,,,,,,,,,,,,,,,,,,,,,0.008,-0.034,0.101,0.008,0.016,-0.046,-0.065,0.0,-0.012,0.0,0.008,0.013,-0.165,0.0,0.0,0.0,,,,,,,,,,0,609.06,609.08,,609.1,,,,,,,,,,,,,,,,,,,,,,,,,,,610.84,610.84,610.85,610.85,610.85,610.86,,,,,,,,,,,,,,,,,,,,,,,,,,,,,,,,,,,,,T1,,,,,,,
58478,-0.042,0.013,0.0,,0.336,,0.022,0.002,,,,,,,,,,,,,,,,,,,,,,,,,,,,,,,,,,,,,,,,,,,,,,,,,,,,,,,,,,,,,,,,,,,,0.033,0.036,0.063,0.033,-0.004,-0.02,-0.038,0.0,-0.013,0.0,0.014,0.013,-0.119,0.0,,0.0,,,,,,,,,,0,936.8,,,,,,,,,,,,,,,,,,,,,,,,,,,,,,940.73,940.73,940.74,940.74,940.74,,,,,,,,,,,,,,,,,,,,,,,,,,,,,,,,,,,,,,T1,,,,,,,
25662,,,,,,,,,,-0.022,,-0.33,-0.01,,,,0.016,-0.019,,,,,,,,,,,,,,,,,,,,,,,,,,,,,,,,,,,,,,,,,,,,,,,,,,,,,,,,,,0.016,0.163,-0.702,0.016,0.165,-0.099,,,,,0.016,0.013,-0.074,0.0,0.0,0.0,,,,,,,,,,0,,,,,118.66,,118.67,,,,,,,,,,,,,,,,,,,,,,,,120.57,120.57,120.58,,120.58,120.6,,,,,,,,,,,,,,,,,,,,,,,,,,,,,,,,,,,,,T1,,,,,,,
58572,0.023,-0.024,,0.019,-0.164,0.0,,,,,,,,,,,,,,,,,,,,,,,,,,,,,,,,,,,,,,,,,,,,,,,,,,,,,,,,,,,,,,,,,,,,,,0.02,0.042,0.063,0.02,-0.027,0.059,-0.065,0.0,0.021,0.0,0.011,0.013,0.017,0.0,0.0,0.0,,,,,,,,,,0,1164.69,1164.69,1164.72,,,,,,,,,,,,,,,,,,,,,,,,,,,,1170.91,1170.91,1170.92,1170.92,1170.92,1170.94,,,,,,,,,,,,,,,,,,,,,,,,,,,,,,,,,,,,,T1,,,,,,,
23578,,,,,,,,,,,,,,,,,,,,,,,,,,,,,,,,,,,0.151,-0.008,-0.047,,,0.033,0.072,,,,,,,,,,,,,,,,,,,,,,,,,,,,,,0.058,0.113,,,,0.084,-0.002,0.057,0.084,0.004,0.059,-0.038,0.0,0.004,0.0,0.017,0.013,-0.119,0.0,0.0,0.0,,,,,,,,,,0,,,,,,,,,,,,,,706.73,706.85,,,,,,,,,,,,,,741.27,,743.32,743.32,743.33,743.33,743.33,743.35,,,,,,,,,,,,,,,,,,,,T1,,,,,,,,,,,,,,,,,T1,,,,,,,
16041,,,,,,,,,,,,,,,,,,,,,,,,,,,,,,,,,,,0.072,,,-0.348,,0.094,0.029,,,,,,,,,,,,,,,,,,,,,,,,,,,,,,0.122,0.077,,,,0.058,0.049,0.057,0.058,0.016,0.033,-0.038,0.0,-0.004,0.0,0.011,0.013,-0.074,0.0,0.0,0.0,,,,,,,,,,0,,,,,,,,,,,,,,762.5,,,,,,,,,,,,,,,772.88,,777.49,777.49,777.49,777.49,777.49,777.51,,,,,,,,,,,,,,,,,,,,T1,,T1,,,,,,,,,,,,,,,T1,,,,,,,
33707,,,,,,,,,,0.014,0.066,,,,,,0.002,0.104,,,,,,,,,,,,,,,,,,,,,,,,,,,,,,,,,,,,,,,,,,,,,,,,,,,,,,,,,,-0.056,-0.091,0.082,-0.056,-0.071,-0.02,0.07,0.0,0.022,0.0,0.014,0.013,-0.074,0.0,,0.0,,,,,,,,,,0,,,,,,,1309.78,,,,,,,,,,,,,,,,,,,,,,,,1314.0,1314.0,1314.0,1314.0,1314.0,,,,,,,,,,,,,,,,,,,,,,,,,,,,,,,,,,,,,,T1,,,,,,,
55944,,,,,,,,,,0.01,,0.284,-0.01,-0.047,0.152,,,,,,,,,,,,,,,,,,,,,,,,,,,,,,,,,,,,,,,,,,,,,,,,,,,,,,,,,,,,,,,,,,,,,,,,,,,,,0.001,0.0,-0.007,0.059,,-0.021,0.0,,0.038,0,,,,,554.71,554.72,,,,,,,,,,,,,,,,,,,,,,,,,,,,,,,555.69,,555.85,555.85,,,,,,,,,,,,,,,,,,,,,,,,,,,,,,,,,,,,,,,,
8696,-0.049,-0.297,,-0.081,,-0.026,,,,,,,,,,,,,,,,,,,,,,,,,,,,,,,,,,,,,,,,,,,,,,,,,,,,,,,,,,,,,,,,,,,,,,0.067,0.061,-0.702,0.067,0.086,-0.178,,,,,0.012,0.013,0.017,0.0,,0.0,,,,,,,,,,0,116.62,116.63,116.66,,,,,,,,,,,,,,,,,,,,,,,,,,,,118.54,118.54,118.54,,118.54,,,,,,,,,,,,,,,,,,,,,,,,,,,,,,,,,,,,,,T1,,,,,,,
25718,,,,,,,,,,,,,,,,,,,,,,,,,,,,,,,,,,,0.065,-0.008,0.008,,0.026,,-0.052,,,,,,,,,,,,,,,,,,,,,,,,,,,,,,0.011,0.202,,,,0.033,0.036,0.057,0.033,-0.043,0.007,-0.038,0.0,0.029,0.0,0.014,0.013,-0.074,0.0,,0.0,,,,,,,,,,0,,,,,,,,,,,,,,712.99,713.01,713.01,,,,,,,,,,,,,737.79,,755.32,755.32,755.32,755.32,755.32,,,,,,,,,,,,,,,,,,,,,T1,,,,,,,,,,,,,,,,,T1,,,,,,,
3945,0.01,-0.04,,0.019,0.336,,0.055,0.002,,,,,,,,,,,,,,,,,,,,,,,,,,,,,,,,,,,,,,,,,,,,,,,,,,,,,,,,,,,,,,,,,,,,0.117,0.106,-0.752,0.117,-0.071,0.112,,,,,0.012,0.013,0.108,0.0,,0.0,,,,,,,,,,0,169.2,169.2,,,,,,,,,,,,,,,,,,,,,,,,,,,,,170.06,170.06,170.07,,170.07,,,,,,,,,,,,,,,,,,,,,,,,,,,,,,,,,,,,,,,,,,,,,
11595,0.003,-0.094,0.0,,-0.164,,,,0.039,,,,,,,,,,,,,,,,,,,,,,,,,,,,,,,,,,,,,,,,,,,,,,,,,,,,,,,,,,,,,,,,,,,-0.147,0.023,0.037,-0.147,0.039,-0.072,,,,,0.012,0.013,0.062,0.0,0.0,0.0,,,,,,,,,,0,400.31,,,400.34,,,,,,,,,,,,,,,,,,,,,,,,,,,402.26,402.26,402.26,,402.26,402.29,,,,,,,,,,,,,,,,,,,,,,,,,,,,,,,,,,,,,T1,,,,,,,
59334,-0.016,-0.11,0.0,,-0.164,,0.029,0.001,,,,,,,,,,,,,,,,,,,,,,,,,,,,,,,,,,,,,,,,,,,,,,,,,,,,,,,,,,,,,,,,,-0.035,,,0.033,0.119,0.057,0.033,-0.027,-0.02,0.043,0.0,-0.011,0.0,0.014,0.013,0.017,0.0,0.0,0.0,,,,,,,,,,0,906.55,,,,,,,,,,,,,,,,,,,,,,,,,,,,,,910.44,910.44,910.44,910.44,910.44,910.46,,,,,,,,,,,,,,,,,,,,,,,,,,,,,,,,,,,,,T1,,,,,,,
30318,,,,,,,,,,,,,,,,,,,,,,,,,,,,,,,,,,,0.158,,,0.045,0.189,,0.005,,,,,,,,,,,,,,,,,,,,,,,,,,,,,,0.06,-0.037,,,,0.033,-0.079,0.057,0.033,0.063,-0.125,-0.011,0.0,0.004,0.0,0.012,0.013,-0.074,0.0,,0.0,,,,,,,,,,0,,,,,,,,,,,,,,672.28,,672.29,,,,,,,,,,,,,691.58,,711.77,711.77,711.78,711.78,711.78,,,,,,,,,,,,,,,,,,,,,T1,,T1,,,,,,,,,,,,,,,T1,,,,,,,
7052,0.049,-0.03,,-0.081,0.336,,,,-0.026,,,,,,,,,,,,,,,,,,,,,,,,,,,,,,,,,,,,,,,,,,,,,,,,,,,,,,,,,,,,,,,,,,,0.045,-0.085,0.063,0.045,-0.059,0.112,-0.011,0.0,-0.003,0.0,0.012,0.013,0.199,0.0,,0.0,,,,,,,,,,0,1158.41,1158.41,,1158.44,,,,,,,,,,,,,,,,,,,,,,,,,,,1159.45,1159.45,1159.46,1159.46,1159.46,,,,,,,,,,,,,,,,,,,,,,,,,,,,,,,,,,,,,,T1,,,,,,,
43214,,,,,,,,,,-0.006,-0.034,,,0.026,0.031,,,,,,,,,,,,,,,,,,,,,,,,,,,,,,,,,,,,,,,,,,,,,,,,,,,,,,,,,,,,,-0.131,0.017,0.037,-0.131,0.008,-0.125,,,,,0.013,0.013,-0.074,0.0,0.0,0.0,,,,,,,,,,1,,,,,,263.27,,,,,,,,,,,,,,,,,,,,,,,,,263.39,263.39,263.39,,263.39,263.42,,,,,,,,,,,,,,,,,,,,,,,,,,,,,,,,,,,,,T1,,,,,,,
33172,0.003,-0.131,,-0.081,,,-0.03,-0.004,,,,,,,,,,,,,,,,,,,,,,,,,,,,,,,,,,,,,,,,,,,,,,,,,,,,,,,,,,,,,,,,,,,,0.109,-0.04,0.101,0.109,0.09,-0.178,-0.119,0.0,0.006,0.0,0.013,0.013,0.017,0.0,0.0,0.0,,,,,,,,,,0,600.4,600.41,,,,,,,,,,,,,,,,,,,,,,,,,,,,,605.21,605.21,605.22,605.22,605.22,605.24,,,,,,,,,,,,,,,,,,,,,,,,,,,,,,,,,,,,,,,,,,,,
46457,,,,,,,,,,,,,,,,,,,,,,,,,,,-0.014,0.1,0.266,,,0.043,,0.097,,,,,,,,,,,,,,,,,,,,,,,,,,,,,,,,,,,,,-0.094,-0.012,,,,-0.017,-0.028,0.057,-0.017,-0.024,0.138,-0.011,0.0,0.021,0.0,0.012,0.013,-0.165,0.0,,0.0,,,,,,,,,,0,,,,,,,,,,,759.1,759.12,759.13,,,,,,,,,,,,,,,,776.03,,779.6,779.6,779.6,779.6,779.6,,,,,,,,,,,,,,,,,,T1,,,,,,,,,,,,,,,,,,,,T1,,,,,,,
31015,0.036,-0.024,,0.019,0.336,,,,0.023,,,,,,,,,,,,,,,,,,,,,,,,,,,,,,,,,,,,,,,,,,,,,,,,,,,,,,,,,,,,,,,,,,,0.08,-0.009,0.037,0.08,0.043,-0.204,,,,,0.008,0.013,0.017,0.0,,0.0,,,,,,,,,,0,340.32,340.32,,340.35,,,,,,,,,,,,,,,,,,,,,,,,,,,341.97,341.97,341.97,,341.97,,,,,,,,,,,,,,,,,,,,,,,,,,,,,,,,,,,,,,T1,,,,,,,
8845,,,,,,,,,,,,,,,,,,,,,,,,,,,,,,,,,,,,,,,,,,,,,,,,,,,,,0.003,0.002,,0.205,,,,,,,,,,,,,,,0.224,0.309,,,,0.281,0.011,0.037,0.281,0.071,-0.072,,,,,0.011,0.013,0.062,0.0,,0.0,,,,,,,,,,0,,,,,,,,,,,,,,,,,,,,,,,,,,,,,400.34,,415.68,415.68,415.69,,415.69,,,,,,,,,,,,,,,,,,,,,,,,,,,,,,,,,,,,,,T1,,,,,,,
6017,-0.075,-0.003,,-0.081,-0.164,-0.055,,,,,,,,,,,,,,,,,,,,,,,,,,,,,,,,,,,,,,,,,,,,,,,,,,,,,,,,,,,,,,,,,,,,,,0.096,-0.053,0.082,0.096,-0.039,0.138,0.124,0.0,0.022,0.0,0.009,0.013,0.244,0.0,,0.0,,,,,,,,,,0,1361.63,1361.64,1361.66,,,,,,,,,,,,,,,,,,,,,,,,,,,,1363.7,1363.7,1363.7,1363.7,1363.7,,,,,,,,,,,,,,,,,,,,,,,,,,,,,,,,,,,,,,,,,,,,,
30847,,,,,,,,,,,,,,,,,,,,,,,,,,,,,,,,,,,,,,,,,,0.057,,,-0.051,-0.013,,0.023,,,,,,,,,,,,,,,,,,,,,,,-0.076,0.077,,,,,,,,,,,,,,,,,,,,0.0,0.0,-0.15,-0.016,,0.154,0.0,,0.0,0,,,,,,,,,,,,,,,,,676.49,676.61,,,,,,,,,,,701.57,,,,,,,,724.64,,724.65,724.66,,,,,,,,,,,,,,,,,,,,,,,,,,,,,,,,,,,,,,,,
1130,,,,,,,,,,0.006,-0.034,,-0.01,,,,0.018,0.186,,,,,,,,,,,,,,,,,,,,,,,,,,,,,,,,,,,,,,,,,,,,,,,,,,,,,,,,,,-0.185,0.1,0.015,-0.185,0.149,-0.178,,,,,0.012,0.013,-0.074,0.0,,0.0,,,,,,,,,,0,,,,,,,233.89,,,,,,,,,,,,,,,,,,,,,,,,235.08,235.08,235.09,,235.09,,,,,,,,,,,,,,,,,,,,,,,,,,,,,,,,,,,,,,T1,,,,,,,
3488,,,,,,,,,,-0.006,,-0.181,,-0.017,-0.003,,,,,,,,,,,,,,,,,,,,,,,,,,,,,,,,,,,,,,,,,,,,,,,,,,,,,,,,-0.075,0.193,,,,-0.081,-0.066,0.082,-0.081,-0.082,-0.02,0.124,0.0,-0.003,0.0,0.017,0.013,-0.119,0.0,,0.0,,,,,,,,,,0,,,,,1314.14,1314.16,,,,,,,,,,,,,,,,,,,,,,,1314.78,,1323.24,1323.24,1323.24,1323.24,1323.24,,,,,,,,,,,,,,,,,,,,,,,,,,,,,,,,,,,,,,T1,,,,,,,
39131,,,,,,,,,,,,,,,,,,,,,,,,,,,,,,,,,,,,,,,,,,0.063,-0.003,0.001,,,-0.183,-0.109,,,,,,,,,,,,,,,,,,,,,,,-0.03,-0.174,,,,0.18,0.049,0.037,0.18,0.043,-0.072,,,,,0.01,0.013,-0.029,0.0,0.0,0.0,,,,,,,,,,0,,,,,,,,,,,,,,,,,373.64,,373.78,,,,,,,,,,415.85,,423.16,423.16,423.16,,423.16,423.17,,,,,,,,,,,,,,,,,,,,,,,,,,,,,,,,,,,,,T1,,,,,,,
47695,0.01,-0.206,0.0,,,-0.029,,,,,,,,,,,,,,,,,,,,,,,,,,,,,,,,,,,,,,,,,,,,,,,,,,,,,,,,,,,,,,,,,,,,,,-0.081,0.055,0.104,-0.081,-0.094,-0.099,0.043,0.0,0.004,0.0,0.017,0.013,0.108,0.0,0.0,0.0,,,,,,,,,,1,1616.48,,1616.5,,,,,,,,,,,,,,,,,,,,,,,,,,,,1618.66,1618.66,1618.66,1618.66,1618.66,1618.71,,,,,,,,,,,,,,,,,,,,,,,,,,,,,,,,,,,,,T1,,,,,,,
24821,-0.062,0.024,,-0.081,,,-0.035,-0.004,,,,,,,,,,,,,,,,,,,,,,,,,,,,,,,,,,,,,,,,,,,,,,,,,,,,,,,,,,,,,,,,,,,,0.07,-0.104,0.082,0.07,-0.043,0.112,0.07,0.0,-0.003,0.0,0.013,0.013,0.017,0.0,0.0,0.0,,,,,,,,,,0,1356.59,1356.59,,,,,,,,,,,,,,,,,,,,,,,,,,,,,1360.9,1360.9,1360.9,1360.9,1360.9,1360.92,,,,,,,,,,,,,,,,,,,,,,,,,,,,,,,,,,,,,,,,,,,,
33223,0.023,-0.051,0.0,,0.336,0.011,,,,,,,,,,,,,,,,,,,,,,,,,,,,,,,,,,,,,,,,,,,,,,,,,,,,,,,,,,,,,,,,,0.096,0.024,,,,0.058,0.004,0.057,0.058,-0.024,-0.204,0.043,0.0,-0.013,0.0,0.017,0.013,0.108,0.0,0.0,0.0,,,,,,,,,,0,838.01,,838.04,,,,,,,,,,,,,,,,,,,,,,,,,,838.5,,876.81,876.81,876.81,876.81,876.81,876.84,,,,,,,,,,,,,,,,,,,,,,,,,,,,,,,,,,,,,T1,,,,,,,
51040,-0.101,-0.019,,0.019,-0.164,,,,0.083,,,,,,,,,,,,,,,,,,,,,,,,,,,,,,,,,,,,,,,,,,,,,,,,,,,,,,,,,,,,,,,,,,,0.045,-0.053,0.082,0.045,-0.031,-0.072,0.124,0.0,0.013,0.0,0.008,0.013,0.199,0.0,0.0,0.0,,,,,,,,,,0,1425.46,1425.46,,1425.49,,,,,,,,,,,,,,,,,,,,,,,,,,,1427.04,1427.04,1427.05,1427.05,1427.05,1427.06,,,,,,,,,,,,,,,,,,,,,,,,,,,,,,,,,,,,,T1,,,,,,,
13648,-0.023,0.013,0.0,,-0.164,0.051,,,,,,,,,,,,,,,,,,,,,,,,,,,,,,,,,,,,,,,,,,,,,,,,,,,,,,,,,,,,,,,,,,,,,,-0.004,0.03,0.082,-0.004,0.02,-0.151,-0.038,0.0,-0.012,0.0,0.01,0.013,0.108,0.0,0.0,0.0,,,,,,,,,,0,558.18,,558.21,,,,,,,,,,,,,,,,,,,,,,,,,,,,559.22,559.22,559.22,559.22,559.22,559.28,,,,,,,,,,,,,,,,,,,,,,,,,,,,,,,,,,,,,T1,,,,,,,
25942,,,,,,,,,,,,,,,,,,,,,,,,,,,,,,,,,,,,,,,,,,,,,,,,,,,0.002,0.0,,-0.005,,0.033,,,,,,,,,,,,,,,-0.069,-0.067,,,,-0.017,-0.028,0.057,-0.017,0.027,0.007,0.016,0.0,-0.004,0.0,0.011,0.013,0.017,0.0,0.0,0.0,,,,,,,,,,0,,,,,,,,,,,,,,,,,,,,,680.91,,,,,,,,717.39,,721.89,721.89,721.89,721.89,721.89,721.91,,,,,,,,,,,,,,,,,,,,,,,,,,,,,,,,,,,,,T1,,,,,,,
21803,0.056,0.339,,-0.081,,,0.014,-0.002,,,,,,,,,,,,,,,,,,,,,,,,,,,,,,,,,,,,,,,,,,,,,,,,,,,,,,,,,,,,,,,,,,,,-0.031,-0.04,0.082,-0.031,-0.055,0.059,0.151,0.0,-0.012,0.0,0.011,0.013,0.153,0.0,,0.0,,,,,,,,,,0,1429.8,1429.81,,,,,,,,,,,,,,,,,,,,,,,,,,,,,1431.32,1431.32,1431.32,1431.32,1431.32,,,,,,,,,,,,,,,,,,,,,,,,,,,,,,,,,,,,,,,,,,,,,
54432,,,,,,,,,,-0.002,,0.308,-0.01,,,0.022,,,,,,,,,,,,,,,,,,,,,,,,,,,,,,,,,,,,,,,,,,,,,,,,,,,,,,,,,,,,0.256,-0.168,-0.702,0.256,,-0.046,,,,,0.012,0.013,0.017,0.0,0.0,0.0,,,,,,,,,,0,,,,,72.21,,,,,,,,,,,,,,,,,,,,,,,,,,73.87,73.87,73.88,,73.88,73.89,,,,,,,,,,,,,,,,,,,,,,,,,,,,,,,,,,,,,,,,,,,,
30845,,,,,,,,,,,,,,,,,,,,,,,,,,,,,,,,,,,,,,,,,,,,,,,,,,0.022,,,0.013,,0.173,-0.05,,,,,,,,,,,,,,,0.01,-0.097,,,,0.045,0.042,0.063,0.045,-0.063,0.059,0.016,0.0,0.022,0.0,0.013,0.013,0.108,0.0,0.0,0.0,,,,,,,,,,0,,,,,,,,,,,,,,,,,,,,1179.08,,1185.02,,,,,,,1199.64,,1208.95,1208.95,1208.96,1208.96,1208.96,1208.97,,,,,,,,,,,,,,,,,,,,,,,,,,,,,,,,,,,,,T1,,,,,,,
20722,-0.095,-0.104,,0.119,,,-0.007,0.004,,,,,,,,,,,,,,,,,,,,,,,,,,,,,,,,,,,,,,,,,,,,,,,,,,,,,,,,,,,,,,,,,,,,0.02,-0.002,0.063,0.02,0.031,-0.125,0.016,0.0,-0.014,0.0,0.013,0.013,0.017,0.0,0.0,0.0,,,,,,,,,,0,1111.18,1111.18,,,,,,,,,,,,,,,,,,,,,,,,,,,,,1112.37,1112.37,1112.37,1112.37,1112.37,1112.39,,,,,,,,,,,,,,,,,,,,,,,,,,,,,,,,,,,,,T1,,,,,,,
22611,,,,,,,,,,,,,,,,,,,,,,,,,,,,,,,,,,,0.123,-0.008,-0.046,,-0.065,,0.02,,,,,,,,,,,,,,,,,,,,,,,,,,,,,,0.106,-0.012,,,,,,,,,-0.204,-0.038,0.0,0.005,0.0,0.011,0.013,-0.119,0.0,,0.0,,,,,,,,,,0,,,,,,,,,,,,,,621.24,621.26,621.26,,,,,,,,,,,,,655.6,,,,671.2,671.2,671.2,,,,,,,,,,,,,,,,,,,,,T1,,,,,,,,,,,,,,,,,,,,,,,,
5017,,,,,,,,,,,,,,,,,,,,,,,,,,,,,,,,,,,0.023,,,-0.169,0.053,,0.118,,,,,,,,,,,,,,,,,,,,,,,,,,,,,,,,-0.035,,,0.033,-0.028,0.057,0.033,-0.008,-0.072,0.07,0.0,0.004,0.0,0.014,0.013,,,0.0,0.0,,,,,,,,,,1,,,,,,,,,,,,,,712.63,,712.67,,,,,,,,,,,,,,,755.63,755.63,755.63,755.63,755.63,755.72,,,,,,,,,,,,,,,,,,,,T1,,T1,,,,,,,,,,,,,,,T1,,,,,,,
25611,-0.036,-0.142,0.0,,,0.061,,,,,,,,,,,,,,,,,,,,,,,,,,,,,,,,,,,,,,,,,,,,,,,,,,,,,,,,,,,,,,,,,,,,,,-0.132,-0.06,0.104,-0.132,-0.027,-0.125,-0.011,0.0,-0.004,0.0,0.01,0.013,-0.165,0.0,0.0,0.0,,,,,,,,,,0,1584.61,,1584.65,,,,,,,,,,,,,,,,,,,,,,,,,,,,1592.41,1592.41,1592.41,1592.41,1592.41,1592.44,,,,,,,,,,,,,,,,,,,,,,,,,,,,,,,,,,,,,T1,,,,,,,
4280,0.01,0.179,0.0,,-0.164,,0.073,0.001,,,,,,,,,,,,,,,,,,,,,,,,,,,,,,,,,,,,,,,,,,,,,,,,,,,,,,,,,,,,,,,,,,,,0.171,-0.034,0.082,0.171,0.031,-0.23,,,,,0.012,0.013,-0.165,0.0,0.0,0.0,,,,,,,,,,0,517.93,,,,,,,,,,,,,,,,,,,,,,,,,,,,,,518.22,518.22,518.22,,518.22,518.24,,,,,,,,,,,,,,,,,,,,,,,,,,,,,,,,,,,,,,,,,,,,
41988,-0.245,0.013,,0.019,-0.164,,-0.043,0.002,,,,,,,,,,,,,,,,,,,,,,,,,,,,,,,,,,,,,,,,,,,,,,,,,,,,,,,,,,,,,,,,,,,,0.07,-0.117,0.082,0.07,-0.075,0.164,0.07,0.0,0.022,0.0,0.014,0.013,0.062,0.0,0.0,0.0,,,,,,,,,,0,1412.03,1412.03,,,,,,,,,,,,,,,,,,,,,,,,,,,,,1412.68,1412.68,1412.69,1412.69,1412.69,1412.7,,,,,,,,,,,,,,,,,,,,,,,,,,,,,,,,,,,,,,,,,,,,
57485,0.128,0.136,0.0,,-0.164,-0.156,,,,,,,,,,,,,,,,,,,,,,,,,,,,,,,,,,,,,,,,,,,,,,,,,,,,,,,,,,,,,,,,,,,,,,-0.207,-0.015,0.104,-0.207,-0.078,-0.072,0.016,0.0,-0.003,0.0,0.011,0.013,-0.074,0.0,,0.0,,,,,,,,,,0,1446.31,,1446.34,,,,,,,,,,,,,,,,,,,,,,,,,,,,1447.99,1447.99,1447.99,1447.99,1447.99,,,,,,,,,,,,,,,,,,,,,,,,,,,,,,,,,,,,,,T1,,,,,,,
23856,0.003,0.083,0.0,,-0.164,0.024,,,,,,,,,,,,,,,,,,,,,,,,,,,,,,,,,,,,,,,,,,,,,,,,,,,,,,,,,,,,,,,,,,,,,,-0.106,-0.002,0.104,-0.106,-0.055,0.191,0.016,0.0,0.021,0.0,0.016,0.013,-0.074,0.0,0.0,0.0,,,,,,,,,,0,1575.29,,1575.31,,,,,,,,,,,,,,,,,,,,,,,,,,,,1577.87,1577.87,1577.89,1577.89,1577.89,1577.9,,,,,,,,,,,,,,,,,,,,,,,,,,,,,,,,,,,,,T1,,,,,,,
44375,0.036,0.147,0.0,,-0.164,-0.001,,,,,,,,,,,,,,,,,,,,,,,,,,,,,,,,,,,,,,,,,,,,,,,,,,,,,,,,,,,,,,,,,,,-0.035,,,0.109,0.081,0.057,0.109,-0.02,-0.178,-0.038,0.0,0.013,0.0,0.02,0.013,0.153,0.0,0.0,0.0,,,,,,,,,,1,896.43,,896.47,,,,,,,,,,,,,,,,,,,,,,,,,,,,905.04,905.04,905.05,905.05,905.05,905.06,,,,,,,,,,,,,,,,,,,,,,,,,,,,,,,,,,,,,T1,,,,,,,
9213,-0.082,0.093,0.0,,,0.093,,,,,,,,,,,,,,,,,,,,,,,,,,,,,,,,,,,,,,,,,,,,,,,,,,,,,,,,,,,,,,,,,,,,,,-0.132,-0.028,0.104,-0.132,-0.063,0.112,0.043,0.0,0.004,0.0,0.012,0.013,-0.256,0.0,0.0,0.0,,,,,,,,,,0,1560.45,,1560.49,,,,,,,,,,,,,,,,,,,,,,,,,,,,1565.02,1565.02,1565.03,1565.03,1565.03,1565.04,,,,,,,,,,,,,,,,,,,,,,,,,,,,,,,,,,,,,T1,,,,,,,
51607,0.075,0.061,,0.119,0.336,-0.021,,,,,,,,,,,,,,,,,,,,,,,,,,,,,,,,,,,,,,,,,,,,,,,,,,,,,,,,,,,,,,,,,,,,,,0.096,-0.053,0.063,0.096,-0.055,0.086,0.07,0.0,-0.003,0.0,0.01,0.013,0.335,0.0,,0.0,,,,,,,,,,0,1247.78,1247.79,1247.8,,,,,,,,,,,,,,,,,,,,,,,,,,,,1259.3,1259.3,1259.31,1259.31,1259.31,,,,,,,,,,,,,,,,,,,,,,,,,,,,,,,,,,,,,,T1,,,,,,,
13274,,,,,,,,,,,,,,,,,,,,,,,,,,,,,,,,,,,0.196,,,0.348,,0.0,-0.002,,,,,,,,,,,,,,,,,,,,,,,,,,,,,,-0.144,-0.048,,,,-0.132,0.023,0.063,-0.132,-0.047,0.086,0.124,0.0,-0.004,0.0,0.011,0.013,-0.119,0.0,,0.0,,,,,,,,,,0,,,,,,,,,,,,,,1124.27,,,,,,,,,,,,,,,1171.65,,1175.35,1175.35,1175.35,1175.35,1175.35,,,,,,,,,,,,,,,,,,,,,T1,,T1,,,,,,,,,,,,,,,T1,,,,,,,
5179,,,,,,,,,,,,,,,,,,,,,,,,,,,,,,,,,,,-0.194,-0.119,-0.056,,,0.074,0.05,,,,,,,,,,,,,,,,,,,,,,,,,,,,,,-0.031,0.073,,,,0.058,-0.009,0.057,0.058,0.059,-0.046,-0.038,0.0,0.004,0.0,-0.969,-0.987,-0.074,0.0,0.0,0.0,,,,,,,,,,1,,,,,,,,,,,,,,612.45,612.47,,,,,,,,,,,,,,709.89,,718.24,718.24,718.31,718.31,718.31,718.33,,,,,,,,,,,,,,,,,,,,T1,,,,,,,,,,,,,,,,,T1,,,,,,,
12513,-0.147,-0.046,,0.019,,,,,-0.055,,,,,,,,,,,,,,,,,,,,,,,,,,,,,,,,,,,,,,,,,,,,,,,,,,,,,,,,,,,,,,,,,,,-0.132,0.068,0.063,-0.132,-0.008,-0.02,0.016,0.0,-0.013,0.0,0.012,0.013,-0.074,0.0,,0.0,,,,,,,,,,0,961.99,962.0,,962.03,,,,,,,,,,,,,,,,,,,,,,,,,,,963.95,963.95,963.96,963.96,963.96,,,,,,,,,,,,,,,,,,,,,,,,,,,,,,,,,,,,,,,,,,,,,
30997,,,,,,,,,,-0.002,-0.034,,-0.01,,,-0.072,,,,,,,,,,,,,,,,,,,,,,,,,,,,,,,,,,,,,,,,,,,,,,,,,,,,,,,,,,,,0.155,-0.13,-0.657,0.155,0.118,-0.099,,,,,0.009,0.013,0.062,0.0,,0.0,,,,,,,,,,0,,,,,,,,,,,,,,,,,,,,,,,,,,,,,,,36.95,36.95,36.95,,36.95,,,,,,,,,,,,,,,,,,,,,,,,,,,,,,,,,,,,,,T1,,,,,,,
16214,0.023,-0.014,0.0,,,,-0.042,0.002,,,,,,,,,,,,,,,,,,,,,,,,,,,,,,,,,,,,,,,,,,,,,,,,,,,,,,,,,,,,,,,,,,,,0.109,0.049,0.057,0.109,-0.02,0.164,0.016,0.0,-0.013,0.0,0.014,0.013,-0.074,0.0,,0.0,,,,,,,,,,0,885.97,,,,,,,,,,,,,,,,,,,,,,,,,,,,,,889.67,889.67,889.67,889.67,889.67,,,,,,,,,,,,,,,,,,,,,,,,,,,,,,,,,,,,,,T1,,,,,,,
27852,,,,,,,,,,-0.002,,0.441,-0.01,,,-0.014,,,,,,,,,,,,,,,,,,,,,,,,,,,,,,,,,,,,,,,,,,,,,,,,,,,,,,,,,,,,0.155,0.163,-0.657,0.155,0.008,-0.125,,,,,0.011,0.013,-0.074,0.0,0.0,0.0,,,,,,,,,,0,,,,,30.67,,,,,,,,,,,,,,,,,,,,,,,,,,36.94,36.94,36.94,,36.94,36.96,,,,,,,,,,,,,,,,,,,,,,,,,,,,,,,,,,,,,T1,,,,,,,
42547,,,,,,,,,,,,,,,,,,,,,,,,,,,,,,,,,,,,,,,,,,,,,,,,,,,,,0.034,-0.006,,0.325,,,,,,,,,,,,,,,,,-0.035,,,-0.056,-0.009,0.063,-0.056,0.082,-0.23,-0.011,0.0,-0.013,0.0,0.014,0.013,0.017,0.0,0.0,0.0,,,,,,,,,,0,,,,,,,,,,,,,,,,,,,,,,,,,,,,,,,1028.44,1028.44,1028.44,1028.44,1028.44,1028.46,,,,,,,,,,,,,,,,,,,,,,,,,,,,,,,,,,,,,T1,,,,,,,
5739,0.095,0.04,0.0,,0.336,,,,0.041,,,,,,,,,,,,,,,,,,,,,,,,,,,,,,,,,,,,,,,,,,,,,,,,,,,,,,,,,,,,,,,,,,,-0.106,-0.066,0.063,-0.106,,-0.046,0.151,0.0,0.013,0.0,0.012,0.013,-0.074,0.0,,0.0,,,,,,,,,,0,1246.2,,,1246.23,,,,,,,,,,,,,,,,,,,,,,,,,,,1257.46,1257.46,1257.46,1257.46,1257.46,,,,,,,,,,,,,,,,,,,,,,,,,,,,,,,,,,,,,,,,,,,,,
11373,,,,,,,,,,,,,,,,,,,,,,,,,,,,,,,,,,,,,,,,,,-0.084,,,0.048,-0.015,,0.006,,,,,,,,,,,,,,,,,,,,,,,,,-0.035,,,-0.157,-0.047,0.063,-0.157,0.078,-0.046,-0.038,0.0,-0.013,0.0,0.012,0.013,,,,0.0,,,,,,,,,,0,,,,,,,,,,,,,,,,,964.66,964.8,,,,,,,,,,,,,991.36,991.36,991.37,991.37,991.37,,,,,,,,,,,,,,,,,,,,,,,,,,,,,,,,,,,,,,T1,,,,,,,
15554,-0.068,0.174,0.0,,,,-0.033,0.001,,,,,,,,,,,,,,,,,,,,,,,,,,,,,,,,,,,,,,,,,,,,,,,,,,,,,,,,,,,,,,,,,,,,0.02,-0.111,0.082,0.02,-0.051,-0.178,0.043,0.0,-0.012,0.0,-0.969,-0.987,0.062,0.0,,0.0,,,,,,,,,,0,1381.62,,,,,,,,,,,,,,,,,,,,,,,,,,,,,,1383.63,1383.63,1383.72,1383.72,1383.72,,,,,,,,,,,,,,,,,,,,,,,,,,,,,,,,,,,,,,,,,,,,,
40303,,,,,,,,,,,,,,,,,,,,,,,,,,,,,,,,,,,0.16,,,0.445,,0.054,-0.209,,,,,,,,,,,,,,,,,,,,,,,,,,,,,,0.097,0.0,,,,0.058,-0.085,0.057,0.058,-0.024,-0.02,-0.011,0.0,0.006,0.0,0.018,0.013,-0.029,0.0,0.0,0.0,,,,,,,,,,0,,,,,,,,,,,,,,793.22,,,,,,,,,,,,,,,802.08,,804.42,804.42,804.42,804.42,804.42,804.44,,,,,,,,,,,,,,,,,,,,T1,,T1,,,,,,,,,,,,,,,,,,,,,,
13354,0.043,0.163,,-0.081,-0.164,,0.059,0.0,,,,,,,,,,,,,,,,,,,,,,,,,,,,,,,,,,,,,,,,,,,,,,,,,,,,,,,,,,,,,,,,,,,,0.142,0.061,-0.702,0.142,,0.007,,,,,0.009,0.013,0.244,0.0,,0.0,,,,,,,,,,0,115.0,115.0,,,,,,,,,,,,,,,,,,,,,,,,,,,,,116.42,116.42,116.43,,116.43,,,,,,,,,,,,,,,,,,,,,,,,,,,,,,,,,,,,,,,,,,,,,
973,-0.042,0.035,0.0,,-0.164,,,,-0.245,,,,,,,,,,,,,,,,,,,,,,,,,,,,,,,,,,,,,,,,,,,,,,,,,,,,,,,,,,,,,,,,,,,0.033,0.119,0.057,0.033,0.004,-0.23,-0.146,0.0,-0.012,0.0,0.011,0.013,-0.074,0.0,,0.0,,,,,,,,,,0,617.37,,,617.39,,,,,,,,,,,,,,,,,,,,,,,,,,,619.77,619.77,619.77,619.77,619.77,,,,,,,,,,,,,,,,,,,,,,,,,,,,,,,,,,,,,,T1,,,,,,,
13011,0.03,0.265,0.0,,-0.164,,-0.026,0.0,,,,,,,,,,,,,,,,,,,,,,,,,,,,,,,,,,,,,,,,,,,,,,,,,,,,,,,,,,,,,,,,,,,,0.084,0.03,0.057,0.084,-0.039,-0.072,-0.119,0.0,-0.013,0.0,0.013,0.013,0.017,0.0,,0.0,,,,,,,,,,0,821.62,,,,,,,,,,,,,,,,,,,,,,,,,,,,,,824.47,824.47,824.47,824.47,824.47,,,,,,,,,,,,,,,,,,,,,,,,,,,,,,,,,,,,,,,,,,,,,
38655,0.069,0.024,0.0,,,0.008,,,,,,,,,,,,,,,,,,,,,,,,,,,,,,,,,,,,,,,,,,,,,,,,,,,,,,,,,,,,,,,,,,,,,,0.084,-0.085,0.082,0.084,0.129,-0.02,-0.038,0.0,-0.003,0.0,0.01,0.013,0.017,0.0,,0.0,,,,,,,,,,0,533.19,,533.23,,,,,,,,,,,,,,,,,,,,,,,,,,,,537.22,537.22,537.22,537.22,537.22,,,,,,,,,,,,,,,,,,,,,,,,,,,,,,,,,,,,,,T1,,,,,,,
21023,0.03,0.125,0.0,,-0.164,0.067,,,,,,,,,,,,,,,,,,,,,,,,,,,,,,,,,,,,,,,,,,,,,,,,,,,,,,,,,,,,,,,,,,,,,,-0.056,0.004,0.063,-0.056,-0.024,-0.02,-0.011,0.0,-0.013,0.0,0.013,0.013,-0.029,0.0,,0.0,,,,,,,,,,0,970.71,,970.74,,,,,,,,,,,,,,,,,,,,,,,,,,,,972.76,972.76,972.76,972.76,972.76,,,,,,,,,,,,,,,,,,,,,,,,,,,,,,,,,,,,,,T1,,,,,,,
56318,-0.068,0.008,,-0.081,,,0.033,0.0,,,,,,,,,,,,,,,,,,,,,,,,,,,,,,,,,,,,,,,,,,,,,,,,,,,,,,,,,,,,,,,,,,,,0.058,0.023,0.082,0.058,0.118,-0.099,-0.065,0.0,-0.003,0.0,0.018,0.013,-0.029,0.0,0.0,0.0,,,,,,,,,,1,526.96,526.97,,,,,,,,,,,,,,,,,,,,,,,,,,,,,534.39,534.39,534.4,534.4,534.4,534.41,,,,,,,,,,,,,,,,,,,,,,,,,,,,,,,,,,,,,T1,,,,,,,
35519,,,,,,,,,,0.002,,0.404,,,,,0.044,0.175,,,,,,,,,,,,,,,,,,,,,,,,,,,,,,,,,,,,,,,,,,,,,,,,,,,,,,,,,,0.23,0.023,-0.657,0.23,,-0.046,,,,,0.01,0.013,0.153,0.0,0.0,0.0,,,,,,,,,,0,,,,,37.96,,37.98,,,,,,,,,,,,,,,,,,,,,,,,44.78,44.78,44.79,,44.79,44.81,,,,,,,,,,,,,,,,,,,,,,,,,,,,,,,,,,,,,T1,,,,,,,
10659,-0.101,0.174,0.0,,0.336,,,,-0.021,,,,,,,,,,,,,,,,,,,,,,,,,,,,,,,,,,,,,,,,,,,,,,,,,,,,,,,,,,,,,,,,,,,-0.056,-0.053,0.104,-0.056,-0.086,0.086,-0.038,0.0,0.021,0.0,0.012,0.013,-0.074,0.0,,0.0,,,,,,,,,,0,1550.98,,,1551.0,,,,,,,,,,,,,,,,,,,,,,,,,,,1557.39,1557.39,1557.39,1557.39,1557.39,,,,,,,,,,,,,,,,,,,,,,,,,,,,,,,,,,,,,,,,,,,,,
51264,-0.016,-0.035,0.0,,0.336,,-0.055,0.001,,,,,,,,,,,,,,,,,,,,,,,,,,,,,,,,,,,,,,,,,,,,,,,,,,,,,,,,,,,,,,,,,,,,-0.132,-0.04,0.063,-0.132,0.047,0.112,0.043,0.0,0.013,0.0,0.014,0.013,0.017,0.0,,0.0,,,,,,,,,,0,1243.01,,,,,,,,,,,,,,,,,,,,,,,,,,,,,,1246.72,1246.72,1246.72,1246.72,1246.72,,,,,,,,,,,,,,,,,,,,,,,,,,,,,,,,,,,,,,,,,,,,,
26852,-0.134,0.045,0.0,,,,0.032,-0.001,,,,,,,,,,,,,,,,,,,,,,,,,,,,,,,,,,,,,,,,,,,,,,,,,,,,,,,,,,,,,,,,,,,,0.118,0.03,0.015,0.118,0.059,-0.046,,,,,0.011,0.013,0.062,0.0,,0.0,,,,,,,,,,0,219.44,,,,,,,,,,,,,,,,,,,,,,,,,,,,,,221.01,221.01,221.01,,221.01,,,,,,,,,,,,,,,,,,,,,,,,,,,,,,,,,,,,,,T1,,,,,,,
48465,0.115,-0.019,,-0.081,-0.164,,-0.051,0.0,,,,,,,,,,,,,,,,,,,,,,,,,,,,,,,,,,,,,,,,,,,,,,,,,,,,,,,,,,,,,,,,,,,,0.02,0.068,0.096,0.02,-0.055,-0.125,0.124,0.0,-0.014,0.0,0.012,0.013,0.108,0.0,,0.0,,,,,,,,,,0,1710.5,1710.53,,,,,,,,,,,,,,,,,,,,,,,,,,,,,1714.2,1714.2,1714.2,1714.2,1714.2,,,,,,,,,,,,,,,,,,,,,,,,,,,,,,,,,,,,,,T1,,,,,,,
51666,,,,,,,,,,-0.014,,-0.254,,0.005,-0.025,,,,,,,,,,,,,,,,,,,,,,,,,,,,,,,,,,,,,,,,,,,,,,,,,,,,,,,,,,,,,-0.009,0.202,-0.702,-0.009,0.075,-0.125,,,,,0.013,0.013,0.017,0.0,0.0,0.0,,,,,,,,,,0,,,,,122.32,122.36,,,,,,,,,,,,,,,,,,,,,,,,,131.09,131.09,131.09,,131.09,131.12,,,,,,,,,,,,,,,,,,,,,,,,,,,,,,,,,,,,,,,,,,,,
5841,,,,,,,,,,,,,,,,,,,,,,,,,,,,,,,,,,,0.055,0.047,-0.039,,-0.102,,0.011,,,,,,,,,,,,,,,,,,,,,,,,,,,,,,0.022,0.068,,,,0.084,-0.028,0.057,0.084,-0.016,-0.151,-0.092,0.0,0.029,0.0,0.017,0.013,-0.029,0.0,0.0,0.0,,,,,,,,,,0,,,,,,,,,,,,,,707.49,707.5,707.5,,,,,,,,,,,,,741.9,,743.22,743.22,743.22,743.22,743.22,743.24,,,,,,,,,,,,,,,,,,,,T1,,,,,,,,,,,,,,,,,,,,,,,,
3251,-0.167,-0.126,0.0,,-0.164,-0.039,,,,,,,,,,,,,,,,,,,,,,,,,,,,,,,,,,,,,,,,,,,,,,,,,,,,,,,,,,,,,,,,,,,,,,,,,,,,,,,,,,,,,,0.0,0.0,-0.039,,-0.063,-0.119,0.0,,0.0,0,1376.71,,1376.74,,,,,,,,,,,,,,,,,,,,,,,,,,,,,,,,,,1378.05,,1378.06,1378.07,,,,,,,,,,,,,,,,,,,,,,,,,,,,,,,,,,,,,,,,
15323,0.101,0.163,0.0,,,,0.032,0.0,,,,,,,,,,,,,,,,,,,,,,,,,,,,,,,,,,,,,,,,,,,,,,,,,,,,,,,,,,,,,,,,,,,,0.16,-0.04,0.082,0.16,0.027,-0.099,,,,,0.014,0.013,0.017,0.0,0.0,0.0,,,,,,,,,,0,520.13,,,,,,,,,,,,,,,,,,,,,,,,,,,,,,521.01,521.01,521.01,,521.01,521.04,,,,,,,,,,,,,,,,,,,,,,,,,,,,,,,,,,,,,,,,,,,,
13522,,,,,,,,,,-0.006,,-0.254,-0.01,0.03,-0.08,,,,,,,,,,,,,,,,,,,,,,,,,,,,,,,,,,,,,,,,,,,,,,,,,,,,,,,,,,,,,0.205,-0.04,-0.68,0.205,0.125,0.112,,,,,0.01,0.013,0.108,0.0,0.0,0.0,,,,,,,,,,0,,,,,29.88,29.91,,,,,,,,,,,,,,,,,,,,,,,,,30.78,30.78,30.79,,30.79,30.81,,,,,,,,,,,,,,,,,,,,,,,,,,,,,,,,,,,,,T1,,,,,,,
44733,,,,,,,,,,,,,,,,,,,,,,,,,,,,,,,,,,,0.072,-0.008,-0.036,,0.016,,-0.027,,,,,,,,,,,,,,,,,,,,,,,,,,,,,,0.071,0.177,,,,0.058,0.081,0.057,0.058,-0.031,0.217,-0.119,0.0,0.021,0.0,0.017,0.013,-0.119,0.0,0.0,0.0,,,,,,,,,,0,,,,,,,,,,,,,,744.17,744.2,744.2,,,,,,,,,,,,,767.77,,770.84,770.84,770.85,770.85,770.85,770.87,,,,,,,,,,,,,,,,,,,,T1,,,,,,,,,,,,,,,,,,,,,,,,
48011,-0.016,0.056,0.0,,-0.164,,0.012,0.001,,,,,,,,,,,,,,,,,,,,,,,,,,,,,,,,,,,,,,,,,,,,,,,,,,,,,,,,,,,,,,,,,,,,-0.005,0.068,0.063,-0.005,0.086,0.033,-0.038,0.0,0.012,0.0,0.013,0.013,0.244,0.0,0.0,0.0,,,,,,,,,,0,971.88,,,,,,,,,,,,,,,,,,,,,,,,,,,,,,973.82,973.82,973.82,973.82,973.82,973.84,,,,,,,,,,,,,,,,,,,,,,,,,,,,,,,,,,,,,T1,,,,,,,
53102,,,,,,,,,,0.014,,-0.284,,-0.01,-0.263,,,,,,,,,,,,,,,,,,,,,,,,,,,,,,,,,,,,,,,,,,,,,,,,,,,,,,,,,,,,,-0.132,0.023,0.104,-0.132,-0.082,-0.072,-0.038,0.0,0.004,0.0,0.01,0.013,-0.074,0.0,,0.0,,,,,,,,,,0,,,,,1602.47,1602.86,,,,,,,,,,,,,,,,,,,,,,,,,1613.57,1613.57,1613.57,1613.57,1613.57,,,,,,,,,,,,,,,,,,,,,,,,,,,,,,,,,,,,,,T1,,,,,,,
28477,0.069,0.142,0.0,,,-0.011,,,,,,,,,,,,,,,,,,,,,,,,,,,,,,,,,,,,,,,,,,,,,,,,,,,,,,,,,,,,,,,,,,,,,,-0.132,-0.015,0.082,-0.132,-0.082,0.296,-0.146,0.0,-0.003,0.0,0.009,0.013,-0.256,0.0,,0.0,,,,,,,,,,0,1389.75,,1389.78,,,,,,,,,,,,,,,,,,,,,,,,,,,,1390.96,1390.96,1390.96,1390.96,1390.96,,,,,,,,,,,,,,,,,,,,,,,,,,,,,,,,,,,,,,T1,,,,,,,
12341,,,,,,,,,,,,,,,,,,,,,,,,,,,,,,,,,,,,,,,,,,,,,,,,,,0.022,-0.001,-0.004,,0.156,,0.026,,,,,,,,,,,,,,,0.044,-0.173,,,,0.096,0.061,0.063,0.096,-0.043,-0.072,0.097,0.0,0.013,0.0,0.008,0.013,0.108,0.0,0.0,0.0,,,,,,,,,,0,,,,,,,,,,,,,,,,,,,,1162.08,1168.86,,,,,,,,1187.56,,1190.03,1190.03,1190.03,1190.03,1190.03,1190.05,,,,,,,,,,,,,,,,,,,,,,,,,,,,,,,,,,,,,T1,,,,,,,
16723,-0.095,-0.201,,0.019,-0.164,,-0.073,-0.001,,,,,,,,,,,,,,,,,,,,,,,,,,,,,,,,,,,,,,,,,,,,,,,,,,,,,,,,,,,,,,,,,,,,-0.156,0.106,0.037,-0.156,0.0,-0.204,,,,,0.014,0.013,-0.074,0.0,0.0,0.0,,,,,,,,,,0,259.05,259.05,,,,,,,,,,,,,,,,,,,,,,,,,,,,,259.44,259.44,259.44,,259.44,259.47,,,,,,,,,,,,,,,,,,,,,,,,,,,,,,,,,,,,,T1,,,,,,,
48440,,,,,,,,,,-0.018,-0.034,,,,,-0.024,,,,,,,,,,,,,,,,,,,,,,,,,,,,,,,,,,,,,,,,,,,,,,,,,,,,,,,-0.123,-0.147,,,,0.129,0.093,-0.702,0.129,0.078,0.191,,,,,0.012,0.013,-0.074,0.0,,0.0,,,,,,,,,,1,,,,,,,,,,,,,,,,,,,,,,,,,,,,,46.86,,50.18,50.18,50.19,,50.19,,,,,,,,,,,,,,,,,,,,,,,,,,,,,,,,,,,,,,,,,,,,,
55855,0.206,-0.131,,0.019,,,-0.034,0.002,,,,,,,,,,,,,,,,,,,,,,,,,,,,,,,,,,,,,,,,,,,,,,,,,,,,,,,,,,,,,,,,,,,,-0.031,0.017,0.104,-0.031,-0.035,0.059,0.097,0.0,0.012,0.0,0.013,0.013,0.062,0.0,0.0,0.0,,,,,,,,,,0,1635.98,1635.98,,,,,,,,,,,,,,,,,,,,,,,,,,,,,1641.13,1641.13,1641.14,1641.14,1641.14,1641.15,,,,,,,,,,,,,,,,,,,,,,,,,,,,,,,,,,,,,T1,,,,,,,
34634,0.088,0.168,,0.019,,,-0.041,0.0,,,,,,,,,,,,,,,,,,,,,,,,,,,,,,,,,,,,,,,,,,,,,,,,,,,,,,,,,,,,,,,,,0.895,,,0.033,-0.021,0.063,0.033,0.051,-0.02,0.016,0.0,-0.013,0.0,0.012,0.013,-0.074,0.0,0.0,0.0,,,,,,,,,,0,924.64,924.64,,,,,,,,,,,,,,,,,,,,,,,,,,,,,929.6,929.6,929.6,929.6,929.6,929.62,,,,,,,,,,,,,,,,,,,,,,,,,,,,,,,,,,,,,T1,,,,,,,
29370,0.082,0.072,0.0,,-0.164,,,,0.009,,,,,,,,,,,,,,,,,,,,,,,,,,,,,,,,,,,,,,,,,,,,,,,,,,,,,,,,,,,,,,-0.005,-0.012,,,,0.058,0.017,0.057,0.058,-0.008,0.164,0.043,0.0,-0.013,0.0,0.017,0.013,0.062,0.0,0.0,0.0,,,,,,,,,,0,838.39,,,838.42,,,,,,,,,,,,,,,,,,,,,,,,,877.55,,880.29,880.29,880.3,880.3,880.3,880.31,,,,,,,,,,,,,,,,,,,,,,,,,,,,,,,,,,,,,T1,,,,,,,
15644,-0.003,-0.056,,0.019,-0.164,-0.163,,,,,,,,,,,,,,,,,,,,,,,,,,,,,,,,,,,,,,,,,,,,,,,,,,,,,,,,,,,,,,,,,,,,,,-0.081,0.023,0.104,-0.081,-0.075,0.138,0.016,0.0,-0.004,0.0,0.018,0.013,-0.029,0.0,0.0,0.0,,,,,,,,,,0,1460.6,1460.6,1460.62,,,,,,,,,,,,,,,,,,,,,,,,,,,,1462.47,1462.47,1462.48,1462.48,1462.48,1462.49,,,,,,,,,,,,,,,,,,,,,,,,,,,,,,,,,,,,,T1,,,,,,,
25478,,,,,,,,,,,,,,,,,,,,,,,,,,,,,,,,,,,-0.149,,,-0.392,,0.02,0.1,,,,,,,,,,,,,,,,,,,,,,,,,,,,,,-0.241,0.042,,,,,,,,,,,,,,,,,,,,0.0,0.0,0.041,0.006,,0.038,0.0,0.069,0.0,0,,,,,,,,,,,,,,774.41,,,,,,,,,,,,,,,790.29,,,,,,,,794.34,,794.36,794.37,,,,,,,,,,,,,,,,T1,,T1,,,,,,,,,,,,,,,,,,,,,,
54341,0.056,0.142,0.0,,-0.164,0.03,,,,,,,,,,,,,,,,,,,,,,,,,,,,,,,,,,,,,,,,,,,,,,,,,,,,,,,,,,,,,,,,,,,,,,-0.031,-0.002,0.104,-0.031,-0.067,0.059,0.07,0.0,-0.004,0.0,0.013,0.013,0.062,0.0,,0.0,,,,,,,,,,0,1476.43,,1476.46,,,,,,,,,,,,,,,,,,,,,,,,,,,,1479.23,1479.23,1479.24,1479.24,1479.24,,,,,,,,,,,,,,,,,,,,,,,,,,,,,,,,,,,,,,,,,,,,,
10923,,,,,,,,,,,,,,,,,,,,,,,,,,,0.094,-0.194,-0.079,,,0.172,,0.123,,,,,,,,,,,,,,,,,,,,,,,,,,,,,,,,,,,,,,,,,,0.182,-0.06,0.126,0.182,0.082,-0.072,,,,,0.004,0.013,0.017,0.0,,0.0,,,,,,,,,,0,,,,,,,,,,,399.14,399.15,399.16,,,,,,,,,,,,,,,,,,458.79,458.79,458.8,,458.8,,,,,,,,,,,,,,,,,,T1,,,,,,,,,,,,,,,,,,,,,,,,,,,
30370,0.147,0.072,0.0,,,,,,-0.014,,,,,,,,,,,,,,,,,,,,,,,,,,,,,,,,,,,,,,,,,,,,,,,,,,,,,,,,,,,,,,,,,,,0.045,0.023,0.063,0.045,-0.024,0.007,-0.065,0.0,-0.014,0.0,0.017,0.013,0.108,0.0,,0.0,,,,,,,,,,1,1106.06,,,1106.09,,,,,,,,,,,,,,,,,,,,,,,,,,,1107.69,1107.69,1107.7,1107.7,1107.7,,,,,,,,,,,,,,,,,,,,,,,,,,,,,,,,,,,,,,T1,,,,,,,
6562,-0.062,0.174,0.0,,,,,,-0.047,,,,,,,,,,,,,,,,,,,,,,,,,,,,,,,,,,,,,,,,,,,,,,,,,,,,,,,,,,,,,,,,,,,-0.157,-0.009,0.104,-0.157,-0.059,0.112,0.205,0.0,0.047,0.0,0.01,0.013,-0.029,0.0,0.0,0.0,,,,,,,,,,0,1440.87,,,1440.9,,,,,,,,,,,,,,,,,,,,,,,,,,,1443.19,1443.19,1443.2,1443.2,1443.2,1443.21,,,,,,,,,,,,,,,,,,,,,,,,,,,,,,,,,,,,,T1,,,,,,,
39726,-0.147,-0.179,0.0,,-0.164,,,,0.01,,,,,,,,,,,,,,,,,,,,,,,,,,,,,,,,,,,,,,,,,,,,,,,,,,,,,,,,,,,,,,,,,,,,,,,,,,,,,,,,,,,0.0,0.0,0.041,,-0.05,-0.094,0.0,,0.0,0,1376.51,,,1376.55,,,,,,,,,,,,,,,,,,,,,,,,,,,,,,,,,1378.01,,1378.03,1378.03,,,,,,,,,,,,,,,,,,,,,,,,,,,,,,,,,,,,,,,,
45017,,,,,,,,,,-0.018,,0.516,-0.01,,,0.067,,,,,,,,,,,,,,,,,,,,,,,,,,,,,,,,,,,,,,,,,,,,,,,,,,,,,,,,,,,,-0.047,0.011,0.037,-0.047,0.0,-0.204,,,,,0.012,0.013,0.062,0.0,,0.0,,,,,,,,,,1,,,,,351.05,,,,,,,,,,,,,,,,,,,,,,,,,,351.86,351.86,351.86,,351.86,,,,,,,,,,,,,,,,,,,,,,,,,,,,,,,,,,,,,,T1,,,,,,,
53871,,,,,,,,,,-0.002,-0.034,,,,,,0.006,0.032,,,,,,,,,,,,,,,,,,,,,,,,,,,,,,,,,,,,,,,,,,,,,,,,,,,,,,,,,,0.256,0.182,-0.702,0.256,,-0.02,,,,,-0.969,-0.987,-0.029,0.0,0.0,0.0,,,,,,,,,,0,,,,,,,72.72,,,,,,,,,,,,,,,,,,,,,,,,78.16,78.16,78.2,,78.2,78.35,,,,,,,,,,,,,,,,,,,,,,,,,,,,,,,,,,,,,,,,,,,,
2227,,,,,,,,,,-0.006,,0.206,-0.01,-0.088,-0.153,,,,,,,,,,,,,,,,,,,,,,,,,,,,,,,,,,,,,,,,,,,,,,,,,,,,,,,,,,,,,-0.185,-0.021,0.015,-0.185,0.098,0.191,,,,,0.012,0.013,-0.029,0.0,0.0,0.0,,,,,,,,,,0,,,,,234.52,234.59,,,,,,,,,,,,,,,,,,,,,,,,,235.73,235.73,235.74,,235.74,235.96,,,,,,,,,,,,,,,,,,,,,,,,,,,,,,,,,,,,,,,,,,,,
25564,-0.075,0.174,0.0,,-0.164,,-0.062,0.0,,,,,,,,,,,,,,,,,,,,,,,,,,,,,,,,,,,,,,,,,,,,,,,,,,,,,,,,,,,,,,,,,,,,0.155,-0.053,-0.702,0.155,0.082,0.164,,,,,0.011,0.013,-0.074,0.0,0.001,0.0,,,,,,,,,,0,39.07,,,,,,,,,,,,,,,,,,,,,,,,,,,,,,45.78,45.78,45.79,,45.79,45.8,,,,,,,,,,,,,,,,,,,,,,,,,,,,,,,,,,,,,T1,,,,,,,
44821,,,,,,,,,,,,,,,,,,,,,,,,,,,,,,,,,,,-0.115,,,0.129,-0.184,,-0.081,,,,,,,,,,,,,,,,,,,,,,,,,,,,,,0.143,0.238,,,,-0.005,-0.104,0.063,-0.005,-0.051,0.164,-0.038,0.0,0.013,0.0,0.012,0.013,0.244,0.0,0.0,0.0,,,,,,,,,,0,,,,,,,,,,,,,,1189.09,,1189.1,,,,,,,,,,,,,1194.97,,1205.12,1205.12,1205.13,1205.13,1205.13,1205.14,,,,,,,,,,,,,,,,,,,,T1,,T1,,,,,,,,,,,,,,,,,,,,,,
7572,-0.082,0.142,,0.119,,-0.057,,,,,,,,,,,,,,,,,,,,,,,,,,,,,,,,,,,,,,,,,,,,,,,,,,,,,,,,,,,,,,,,,,,,,,0.23,0.023,-0.725,0.23,0.071,-0.02,,,,,0.009,0.013,0.017,0.0,,0.0,,,,,,,,,,0,6.41,6.42,6.51,,,,,,,,,,,,,,,,,,,,,,,,,,,,14.31,14.31,14.31,,14.31,,,,,,,,,,,,,,,,,,,,,,,,,,,,,,,,,,,,,,T1,,,,,,,
25092,,,,,,,,,,,,,,,,,,,,,,,,,,,,,,,,,,,,,,,,,,,,,,,,,,,,,,,,,-0.1,,,,,,,,,,0.033,-0.068,,-0.262,0.225,-0.051,,,,0.185,-0.028,0.057,0.185,0.051,0.007,-0.011,0.0,0.021,0.0,0.012,0.013,0.199,0.0,,0.0,,,,,,,,,,0,,,,,,,,,,,,,,,,,,,,,,,,,,,681.3,681.31,719.71,,721.97,721.97,721.97,721.97,721.97,,,,,,,,,,,,,,,,,,,,,,,,,,,,,,,,,,,,,,T1,,,,,,,
15448,0.167,0.093,0.0,,0.336,,,,-0.042,,,,,,,,,,,,,,,,,,,,,,,,,,,,,,,,,,,,,,,,,,,,,,,,,,,,,,,,,,,,,,,,,,,-0.056,-0.009,0.063,-0.056,-0.031,-0.072,0.016,0.0,0.003,0.0,0.013,0.013,0.108,0.0,0.0,0.0,,,,,,,,,,0,1095.39,,,1095.41,,,,,,,,,,,,,,,,,,,,,,,,,,,1096.05,1096.05,1096.05,1096.05,1096.05,1096.06,,,,,,,,,,,,,,,,,,,,,,,,,,,,,,,,,,,,,,,,,,,,
10868,-0.101,0.142,0.0,,,,-0.01,-0.001,,,,,,,,,,,,,,,,,,,,,,,,,,,,,,,,,,,,,,,,,,,,,,,,,,,,,,,,,,,,,,,,,,,,0.045,-0.04,0.082,0.045,-0.059,0.059,0.016,0.0,-0.012,0.0,0.012,0.013,-0.029,0.0,0.0,0.0,,,,,,,,,,0,1381.62,,,,,,,,,,,,,,,,,,,,,,,,,,,,,,1383.63,1383.63,1383.63,1383.63,1383.63,1383.66,,,,,,,,,,,,,,,,,,,,,,,,,,,,,,,,,,,,,,,,,,,,
38957,,,,,,,,,,,,,,,,,,,,,,,,,,,,,,,,,,,0.126,-0.008,0.008,,,-0.041,-0.078,,,,,,,,,,,,,,,,,,,,,,,,,,,,,,0.099,-0.017,,,,0.16,0.112,0.057,0.16,-0.02,0.007,-0.011,0.0,0.004,0.0,0.016,0.013,0.199,0.0,0.0,0.0,,,,,,,,,,0,,,,,,,,,,,,,,775.46,775.46,,,,,,,,,,,,,,785.33,,790.26,790.26,790.27,790.27,790.27,790.28,,,,,,,,,,,,,,,,,,,,T1,,,,,,,,,,,,,,,,,T1,,,,,,,
45662,,,,,,,,,,-0.002,,0.239,,,,,-0.028,-0.202,,,,,,,,,,,,,,,,,,,,,,,,,,,,,,,,,,,,,,,,,,,,,,,,,,,,,,,,,,0.104,0.278,-0.657,0.104,,-0.072,,,,,0.01,0.013,-0.074,0.0,0.0,0.0,,,,,,,,,,0,,,,,30.68,,30.7,,,,,,,,,,,,,,,,,,,,,,,,36.95,36.95,36.95,,36.95,36.97,,,,,,,,,,,,,,,,,,,,,,,,,,,,,,,,,,,,,T1,,,,,,,
10671,-0.068,0.072,,0.019,-0.164,,0.12,0.001,,,,,,,,,,,,,,,,,,,,,,,,,,,,,,,,,,,,,,,,,,,,,,,,,,,,,,,,,,,,,,,,,,,,-0.081,-0.072,0.104,-0.081,-0.098,-0.178,-0.011,0.0,-0.004,0.0,0.017,0.013,-0.074,0.0,0.0,0.0,,,,,,,,,,0,1514.06,1514.06,,,,,,,,,,,,,,,,,,,,,,,,,,,,,1516.2,1516.2,1516.21,1516.21,1516.21,1516.22,,,,,,,,,,,,,,,,,,,,,,,,,,,,,,,,,,,,,T1,,,,,,,
29313,,,,,,,,,,-0.006,-0.034,,-0.01,,,,0.025,-0.182,,,,,,,,,,,,,,,,,,,,,,,,,,,,,,,,,,,,,,,,,,,,,,,,,,,,,,,,,,-0.096,-0.085,0.082,-0.096,0.043,-0.046,-0.011,0.0,-0.012,0.0,0.012,0.013,0.017,0.0,,0.0,,,,,,,,,,0,,,,,,,573.1,,,,,,,,,,,,,,,,,,,,,,,,574.91,574.91,574.92,574.92,574.92,,,,,,,,,,,,,,,,,,,,,,,,,,,,,,,,,,,,,,,,,,,,,
2423,,,,,,,,,,0.006,,0.063,-0.01,,,0.022,,,,,,,,,,,,,,,,,,,,,,,,,,,,,,,,,,,,,,,,,,,,,,,,,,,,,,,,,,,,-0.198,-0.028,0.037,-0.198,0.098,-0.178,,,,,0.01,0.013,0.017,0.0,0.0,0.0,,,,,,,,,,0,,,,,291.45,,,,,,,,,,,,,,,,,,,,,,,,,,296.74,296.74,296.75,,296.75,296.76,,,,,,,,,,,,,,,,,,,,,,,,,,,,,,,,,,,,,,,,,,,,
37188,,,,,,,,,,,,,,,,,,,,,,,,,,,,,,,,,,,,,,,,,,,,,,,,,,0.022,,,,,,,,,,,,,,,-0.02,,0.164,0.018,0.135,0.057,0.228,-0.07,,,,-0.081,-0.04,0.063,-0.081,0.075,-0.046,-0.038,0.0,-0.013,0.0,0.016,0.013,-0.029,0.0,,0.0,,,,,,,,,,0,,,,,,,,,,,,,,,,,,,,999.84,,,,,,1008.91,1008.91,1008.92,1028.56,,1041.12,1041.12,1041.12,1041.12,1041.12,,,,,,,,,,,,,,,,,,,,,,,,,,,,,,,,,,,,,,,,,,,,,
57598,,,,,,,,,,,,,,,,,,,,,,,,,,,-0.13,-0.154,0.048,,,,0.016,0.291,,,,,,,,,,,,,,,,,,,,,,,,,,,,,,,,,,,,,-0.152,0.199,,,,-0.006,0.004,0.082,-0.006,0.051,-0.151,,,,,0.011,0.013,-0.029,0.0,0.0,0.0,,,,,,,,,,0,,,,,,,,,,,399.45,399.46,,,,,,,,,,,,,,,,,452.11,,464.66,464.66,464.68,,464.68,464.71,,,,,,,,,,,,,,,,,T1,,,,,,,,,,,,,,,,,,,,T1,,,,,,,
20363,0.121,-0.067,,0.019,,,,,0.008,,,,,,,,,,,,,,,,,,,,,,,,,,,,,,,,,,,,,,,,,,,,,,,,,,,,,,,,,,,,,,,,,,,-0.017,-0.028,0.057,-0.017,0.043,-0.072,-0.011,0.0,-0.005,0.0,0.012,0.013,-0.074,0.0,,0.0,,,,,,,,,,0,828.25,828.26,,828.28,,,,,,,,,,,,,,,,,,,,,,,,,,,836.3,836.3,836.31,836.31,836.31,,,,,,,,,,,,,,,,,,,,,,,,,,,,,,,,,,,,,,,,,,,,,
4523,,,,,,,,,,,,,,,,,,,,,,,,,,,,,,,,,,,0.029,-0.008,0.059,,,0.033,-0.102,,,,,,,,,,,,,,,,,,,,,,,,,,,,,,0.117,0.077,,,,-0.017,0.023,0.057,-0.017,-0.008,0.007,-0.011,0.0,-0.013,0.0,0.019,0.013,-0.165,0.0,,0.0,,,,,,,,,,0,,,,,,,,,,,,,,795.03,795.05,,,,,,,,,,,,,,796.18,,803.35,803.35,803.35,803.35,803.35,,,,,,,,,,,,,,,,,,,,,T1,,,,,,,,,,,,,,,,,T1,,,,,,,
56875,,,,,,,,,,0.01,,-0.275,-0.01,,,,-0.01,0.043,,,,,,,,,,,,,,,,,,,,,,,,,,,,,,,,,,,,,,,,,,,,,,,,,,,,,,,,,,-0.157,-0.009,0.082,-0.157,-0.063,0.138,0.097,0.0,0.022,0.0,0.009,0.013,-0.074,0.0,0.0,0.0,,,,,,,,,,0,,,,,1394.32,,1394.35,,,,,,,,,,,,,,,,,,,,,,,,1395.2,1395.2,1395.2,1395.2,1395.2,1395.22,,,,,,,,,,,,,,,,,,,,,,,,,,,,,,,,,,,,,,,,,,,,
11696,-0.082,-0.083,,0.019,,,0.013,0.0,,,,,,,,,,,,,,,,,,,,,,,,,,,,,,,,,,,,,,,,,,,,,,,,,,,,,,,,,,,,,,,,,,,,-0.081,-0.002,0.104,-0.081,-0.082,-0.072,0.016,0.0,0.004,0.0,0.012,0.013,0.017,0.0,,0.0,,,,,,,,,,0,1508.49,1508.5,,,,,,,,,,,,,,,,,,,,,,,,,,,,,1511.04,1511.04,1511.05,1511.05,1511.05,,,,,,,,,,,,,,,,,,,,,,,,,,,,,,,,,,,,,,T1,,,,,,,
12157,,,,,,,,,,-0.014,,0.459,,,,-0.054,,,,,,,,,,,,,,,,,,,,,,,,,,,,,,,,,,,,,,,,,,,,,,,,,,,,,,,,,,,,0.193,0.061,-0.029,0.193,0.035,-0.125,,,,,0.013,0.013,0.108,0.0,0.0,0.0,,,,,,,,,,0,,,,,186.5,,,,,,,,,,,,,,,,,,,,,,,,,,187.92,187.92,187.93,,187.93,187.95,,,,,,,,,,,,,,,,,,,,,,,,,,,,,,,,,,,,,T1,,,,,,,
55101,-0.219,-0.286,,0.019,,,,,0.04,,,,,,,,,,,,,,,,,,,,,,,,,,,,,,,,,,,,,,,,,,,,,,,,,,,,,,,,,,,,,,,,,,,0.104,0.227,0.037,0.104,0.039,-0.125,,,,,0.009,0.013,0.017,0.0,,0.0,,,,,,,,,,0,283.65,283.65,,283.68,,,,,,,,,,,,,,,,,,,,,,,,,,,288.48,288.48,288.49,,288.49,,,,,,,,,,,,,,,,,,,,,,,,,,,,,,,,,,,,,,T1,,,,,,,
5177,,,,,,,,,,,,,,,,,,,,,,,,,,,,,,,,,,,-0.194,-0.119,-0.056,,,0.074,0.05,,,,,,,,,,,,,,,,,,,,,,,,,,,,,,-0.031,0.073,,,,0.058,-0.009,0.057,0.058,0.059,-0.046,-0.038,0.0,0.004,0.0,-0.969,-0.987,-0.074,0.0,0.0,0.0,,,,,,,,,,1,,,,,,,,,,,,,,612.45,612.47,,,,,,,,,,,,,,709.89,,718.24,718.24,718.31,718.31,718.31,718.33,,,,,,,,,,,,,,,,,,,,T1,,,,,,,,,,,,,,,,,T1,,,,,,,
44088,,,,,,,,,,-0.006,,-0.296,-0.01,0.033,-0.152,,,,,,,,,,,,,,,,,,,,,,,,,,,,,,,,,,,,,,,,,,,,,,,,,,,,,,,,,,,,,0.004,-0.034,0.037,0.004,0.078,0.059,,,,,0.01,0.013,-0.119,0.0,0.0,0.0,,,,,,,,,,0,,,,,266.4,266.42,,,,,,,,,,,,,,,,,,,,,,,,,268.0,268.0,268.0,,268.0,268.02,,,,,,,,,,,,,,,,,,,,,,,,,,,,,,,,,,,,,T1,,,,,,,
540,-0.029,-0.147,0.0,,-0.164,0.025,,,,,,,,,,,,,,,,,,,,,,,,,,,,,,,,,,,,,,,,,,,,,,,,,,,,,,,,,,,,,,,,,,,,,,-0.132,-0.009,0.104,-0.132,0.027,-0.072,0.043,0.0,-0.004,0.0,0.012,0.013,-0.119,0.0,,0.0,,,,,,,,,,0,1593.06,,1593.08,,,,,,,,,,,,,,,,,,,,,,,,,,,,1595.27,1595.27,1595.27,1595.27,1595.27,,,,,,,,,,,,,,,,,,,,,,,,,,,,,,,,,,,,,,T1,,,,,,,
31424,,,,,,,,,,,,,,,,,,,,,,,,,,,,,,,,,,,0.042,,,-0.232,-0.011,,-0.009,,,,,,,,,,,,,,,,,,,,,,,,,,,,,,-0.099,0.251,,,,0.084,-0.015,0.057,0.084,-0.008,-0.02,0.043,0.0,-0.004,0.0,0.014,0.013,0.017,0.0,0.0,0.0,,,,,,,,,,0,,,,,,,,,,,,,,751.46,,751.48,,,,,,,,,,,,,771.8,,773.96,773.96,773.96,773.96,773.96,773.98,,,,,,,,,,,,,,,,,,,,T1,,T1,,,,,,,,,,,,,,,,,,,,,,
48233,0.082,0.051,0.0,,0.336,,,,-0.08,,,,,,,,,,,,,,,,,,,,,,,,,,,,,,,,,,,,,,,,,,,,,,,,,,,,,,,,,,,,,,,,,,,0.185,0.233,0.063,0.185,-0.047,-0.046,-0.065,0.0,0.028,0.0,0.014,0.013,0.153,0.0,,0.0,,,,,,,,,,0,921.27,,,921.3,,,,,,,,,,,,,,,,,,,,,,,,,,,923.56,923.56,923.56,923.56,923.56,,,,,,,,,,,,,,,,,,,,,,,,,,,,,,,,,,,,,,T1,,,,,,,
20381,-0.029,0.008,,0.019,,,0.008,-0.001,,,,,,,,,,,,,,,,,,,,,,,,,,,,,,,,,,,,,,,,,,,,,,,,,,,,,,,,,,,,,,,,,,,,-0.005,-0.015,0.082,-0.005,-0.059,0.164,0.097,0.0,0.029,0.0,0.01,0.013,0.153,0.0,,0.0,,,,,,,,,,0,1389.44,1389.45,,,,,,,,,,,,,,,,,,,,,,,,,,,,,1390.19,1390.19,1390.19,1390.19,1390.19,,,,,,,,,,,,,,,,,,,,,,,,,,,,,,,,,,,,,,T1,,,,,,,
6830,-0.147,-0.078,,-0.081,,,-0.043,-0.001,,,,,,,,,,,,,,,,,,,,,,,,,,,,,,,,,,,,,,,,,,,,,,,,,,,,,,,,,,,,,,,,,,,,0.033,0.119,0.101,0.033,0.075,-0.046,-0.092,0.0,-0.012,0.0,0.012,0.013,0.017,0.0,0.0,0.0,,,,,,,,,,0,602.47,602.47,,,,,,,,,,,,,,,,,,,,,,,,,,,,,605.88,605.88,605.88,605.88,605.88,605.9,,,,,,,,,,,,,,,,,,,,,,,,,,,,,,,,,,,,,T1,,,,,,,
16619,0.115,-0.03,,0.019,0.336,,,,-0.015,,,,,,,,,,,,,,,,,,,,,,,,,,,,,,,,,,,,,,,,,,,,,,,,,,,,,,,,,,,,,,,,,,,-0.056,-0.021,0.063,-0.056,-0.039,-0.072,0.016,0.0,0.032,0.0,0.012,0.013,0.017,0.0,0.0,0.0,,,,,,,,,,0,1107.9,1107.91,,1107.93,,,,,,,,,,,,,,,,,,,,,,,,,,,1109.43,1109.43,1109.44,1109.44,1109.44,1109.46,,,,,,,,,,,,,,,,,,,,,,,,,,,,,,,,,,,,,,,,,,,,
57149,0.03,-0.11,0.0,,-0.164,,0.082,0.002,,,,,,,,,,,,,,,,,,,,,,,,,,,,,,,,,,,,,,,,,,,,,,,,,,,,,,,,,,,,,,,,,,,,0.033,0.112,0.101,0.033,0.09,-0.23,0.016,0.0,-0.012,0.0,0.011,0.013,-0.119,0.0,,0.0,,,,,,,,,,0,654.72,,,,,,,,,,,,,,,,,,,,,,,,,,,,,,656.09,656.09,656.09,656.09,656.09,,,,,,,,,,,,,,,,,,,,,,,,,,,,,,,,,,,,,,T1,,,,,,,
46808,,,,,,,,,,0.022,0.066,,-0.01,,,,0.061,0.318,,,,,,,,,,,,,,,,,,,,,,,,,,,,,,,,,,,,,,,,,,,,,,,,,,,,,,,,,,-0.17,-0.009,0.082,-0.17,0.004,-0.151,-0.065,0.0,0.013,0.0,0.012,0.013,-0.029,0.0,,0.0,,,,,,,,,,1,,,,,,,565.9,,,,,,,,,,,,,,,,,,,,,,,,568.04,568.04,568.04,568.04,568.04,,,,,,,,,,,,,,,,,,,,,,,,,,,,,,,,,,,,,,T1,,,,,,,
24355,,,,,,,,,,-0.006,,-0.127,,,,0.033,,,,,,,,,,,,,,,,,,,,,,,,,,,,,,,,,,,,,,,,,,,,,,,,,,,,,,,,,,,,-0.132,-0.034,0.082,-0.132,-0.051,0.007,0.016,0.0,-0.012,0.0,0.014,0.013,-0.21,0.0,,0.0,,,,,,,,,,0,,,,,1378.01,,,,,,,,,,,,,,,,,,,,,,,,,,1378.5,1378.5,1378.51,1378.51,1378.51,,,,,,,,,,,,,,,,,,,,,,,,,,,,,,,,,,,,,,,,,,,,,
56135,0.075,0.158,0.0,,-0.164,,-0.132,-0.001,,,,,,,,,,,,,,,,,,,,,,,,,,,,,,,,,,,,,,,,,,,,,,,,,,,,,,,,,,,,,,,,,,,,0.033,0.068,0.063,0.033,-0.043,0.033,-0.011,0.0,0.003,0.0,0.016,0.013,-0.029,0.0,,0.0,,,,,,,,,,0,921.11,,,,,,,,,,,,,,,,,,,,,,,,,,,,,,923.31,923.31,923.32,923.32,923.32,,,,,,,,,,,,,,,,,,,,,,,,,,,,,,,,,,,,,,T1,,,,,,,
38375,,,,,,,,,,,,,,,,,,,,,,,,,,,0.115,-0.166,,-0.038,-0.089,,0.098,0.02,,,,,,,,,,,,,,,,,,,,,,,,,,,,,,,,,,,,,0.082,-0.045,,,,-0.132,0.011,0.063,-0.132,0.067,0.112,-0.038,0.0,-0.013,0.0,0.014,0.013,-0.074,0.0,0.0,0.0,,,,,,,,,,0,,,,,,,,,,,1006.81,,,,,,,,,,,,,,,,,,1039.47,,1042.56,1042.56,1042.57,1042.57,1042.57,1042.58,,,,,,,,,,,,,,,,,,,,,,,,,,,,,,,,,,,,,T1,,,,,,,
17736,,,,,,,,,,,,,,,,,,,,,,,,,,,,,,,,,,,0.07,-0.008,0.123,,,-0.054,-0.03,,,,,,,,,,,,,,,,,,,,,,,,,,,,,,-0.044,-0.012,,,,-0.068,0.074,0.057,-0.068,-0.027,-0.125,-0.065,0.0,0.029,0.0,0.01,0.013,-0.119,0.0,0.0,0.0,,,,,,,,,,0,,,,,,,,,,,,,,704.47,704.49,,,,,,,,,,,,,,738.18,,741.77,741.77,741.78,741.78,741.78,741.8,,,,,,,,,,,,,,,,,,,,T1,,,,,,,,,,,,,,,,,,,,,,,,
18292,,,,,,,,,,,,,,,,,,,,,,,,,,,,,,,,,,,0.068,,,0.211,0.044,,0.036,,,,,,,,,,,,,,,,,,,,,,,,,,,,,,0.021,0.019,,,,-0.148,-0.053,0.037,-0.148,0.067,0.033,,,,,0.012,0.013,0.062,0.0,0.0,0.0,,,,,,,,,,0,,,,,,,,,,,,,,368.01,,368.04,,,,,,,,,,,,,406.78,,418.8,418.8,418.8,,418.8,418.82,,,,,,,,,,,,,,,,,,,,T1,,T1,,,,,,,,,,,,,,,T1,,,,,,,
47456,,,,,,,,,,0.002,,-0.131,-0.01,,,0.026,,,,,,,,,,,,,,,,,,,,,,,,,,,,,,,,,,,,,,,,,,,,,,,,,,,,,,,,,,,,-0.206,0.093,0.037,-0.206,0.082,-0.046,,,,,0.013,0.013,-0.029,0.0,,0.0,,,,,,,,,,1,,,,,251.17,,,,,,,,,,,,,,,,,,,,,,,,,,252.17,252.17,252.17,,252.17,,,,,,,,,,,,,,,,,,,,,,,,,,,,,,,,,,,,,,T1,,,,,,,
40151,,,,,,,,,,,,,,,,,,,0.211,-0.067,0.002,0.079,,0.102,,0.279,,,,,,,,,,,,,,,,,,,,,,,,,,,,,,,,,,,,,,,,,,,,,,,,,,0.109,0.093,0.057,0.109,-0.027,0.191,0.016,0.0,-0.012,0.0,0.012,0.013,-0.029,0.0,0.0,0.0,,,,,,,,,,1,,,,,,,,807.87,807.88,,,,,,,,,,,,,,,,,,,,,,812.03,812.03,812.03,812.03,812.03,812.05,,,,,,,,,,,,T1,,,T3,,,,,,,,,,,,,,,,,,,,,,,,,,,,,
5790,0.115,0.019,,0.019,,-0.064,,,,,,,,,,,,,,,,,,,,,,,,,,,,,,,,,,,,,,,,,,,,,,,,,,,,,,,,,,,,,,,,,,,-0.035,,,0.109,0.023,0.057,0.109,-0.02,0.007,-0.065,0.0,-0.013,0.0,0.014,0.013,0.017,0.0,0.0,0.0,,,,,,,,,,0,837.28,837.29,837.31,,,,,,,,,,,,,,,,,,,,,,,,,,,,879.17,879.17,879.17,879.17,879.17,879.2,,,,,,,,,,,,,,,,,,,,,,,,,,,,,,,,,,,,,T1,,,,,,,
31361,,,,,,,,,,-0.022,,0.283,-0.01,,,0.082,,,,,,,,,,,,,,,,,,,,,,,,,,,,,,,,,,,,,,,,,,,,,,,,,,,,,,,,,-0.035,,,0.134,0.068,0.063,0.134,0.043,0.112,0.043,0.0,0.012,0.0,0.018,0.013,0.017,0.0,,0.0,,,,,,,,,,0,,,,,930.82,,,,,,,,,,,,,,,,,,,,,,,,,,940.39,940.39,940.39,940.39,940.39,,,,,,,,,,,,,,,,,,,,,,,,,,,,,,,,,,,,,,T1,,,,,,,
53346,,,,,,,,,,-0.014,-0.034,,-0.01,-0.068,-0.238,,,,,,,,,,,,,,,,,,,,,,,,,,,,,,,,,,,,,,,,,,,,,,,,,,,,,,,,,,,,,-0.009,0.081,-0.702,-0.009,,0.164,,,,,0.01,0.013,0.017,0.0,,0.0,,,,,,,,,,0,,,,,,87.38,,,,,,,,,,,,,,,,,,,,,,,,,89.6,89.6,89.61,,89.61,,,,,,,,,,,,,,,,,,,,,,,,,,,,,,,,,,,,,,T1,,,,,,,
4494,0.056,0.019,,-0.081,,0.086,,,,,,,,,,,,,,,,,,,,,,,,,,,,,,,,,,,,,,,,,,,,,,,,,,,,,,,,,,,,,,,,,,,,,,-0.03,0.068,0.082,-0.03,0.063,-0.099,0.016,0.0,-0.011,0.0,0.012,0.013,-0.119,0.0,0.0,0.0,,,,,,,,,,0,551.22,551.22,551.26,,,,,,,,,,,,,,,,,,,,,,,,,,,,552.98,552.98,552.99,552.99,552.99,553.0,,,,,,,,,,,,,,,,,,,,,,,,,,,,,,,,,,,,,,,,,,,,
28815,,,,,,,,,,0.026,-0.034,,-0.01,,,0.018,,,,,,,,,,,,,,,,,,,,,,,,,,,,,,,,,,,,,,,,,,,,,,,,,,,,,,,,,,,,-0.182,0.03,0.104,-0.182,-0.09,0.112,0.07,0.0,0.029,0.0,0.012,0.013,-0.029,0.0,0.0,0.0,,,,,,,,,,0,,,,,,,,,,,,,,,,,,,,,,,,,,,,,,,1616.78,1616.78,1616.78,1616.78,1616.78,1616.79,,,,,,,,,,,,,,,,,,,,,,,,,,,,,,,,,,,,,T1,,,,,,,
57190,,,,,,,,,,-0.006,,0.035,-0.01,,,,-0.03,0.032,,,,,,,,,,,,,,,,,,,,,,,,,,,,,,,,,,,,,,,,,,,,,,,,,,,,,,,,,,-0.199,-0.034,0.06,-0.199,-0.063,-0.178,,,,,0.008,0.013,0.108,0.0,,0.0,,,,,,,,,,0,,,,,179.49,,179.52,,,,,,,,,,,,,,,,,,,,,,,,181.01,181.01,181.02,,181.02,,,,,,,,,,,,,,,,,,,,,,,,,,,,,,,,,,,,,,T1,,,,,,,
3919,0.088,0.04,,0.019,,-0.042,,,,,,,,,,,,,,,,,,,,,,,,,,,,,,,,,,,,,,,,,,,,,,,,,,,,,,,,,,,,,,,,,,,,,,,,,,,,,,,,,,,,,,0.0,0.0,-0.007,-0.065,,0.037,0.0,0.069,0.0,0,1390.47,1390.47,1390.51,,,,,,,,,,,,,,,,,,,,,,,,,,,,,,,,,,1391.79,,1391.81,1391.82,,,,,,,,,,,,,,,,,,,,,,,,,,,,,,,,,,,,,,,,
27769,,,,,,,,,,,,,,,,,,,,,,,,,,,,,,,,,,,,,,,,,,,,,,,,,,-0.228,,,,,,,,,,,,,,,0.03,0.0,,,0.141,0.014,0.238,-0.054,,,,-0.081,-0.085,0.063,-0.081,-0.031,-0.072,0.178,0.0,-0.013,0.0,0.013,0.013,0.017,0.0,0.0,0.0,,,,,,,,,,0,,,,,,,,,,,,,,,,,,,,1003.83,,,,,,1009.41,,1009.42,1028.73,,1040.79,1040.79,1040.79,1040.79,1040.79,1040.82,,,,,,,,,,,,,,,,,,,,,,,,,,,,,,,,,,,,,T1,,,,,,,
22162,,,,,,,,,,,,,,,,,,,,,,,,,,,,,,,,,,,,,,,,,,0.105,,,-0.054,-0.008,,0.096,,,,,,,,,,,,,,,,,,,,,,,,,,,,-0.017,0.03,0.057,-0.017,-0.031,-0.151,-0.119,0.0,0.004,0.0,0.011,0.013,-0.165,0.0,,0.0,,,,,,,,,,0,,,,,,,,,,,,,,,,,707.26,707.38,,,,,,,,,,,,,753.65,753.65,753.65,753.65,753.65,,,,,,,,,,,,,,,,,,,,,,,,,,,,,,,,,,,,,,,,,,,,,
25916,0.075,0.072,,0.019,,,,,0.08,,,,,,,,,,,,,,,,,,,,,,,,,,,,,,,,,,,,,,,,,,,,,,,,,,,,,,,,,,,,,,,,,,,0.067,0.138,-0.029,0.067,0.082,-0.178,,,,,0.012,0.013,-0.074,0.0,0.0,0.0,,,,,,,,,,0,190.5,190.5,,190.52,,,,,,,,,,,,,,,,,,,,,,,,,,,191.06,191.06,191.06,,191.06,191.09,,,,,,,,,,,,,,,,,,,,,,,,,,,,,,,,,,,,,,,,,,,,
35513,-0.003,-0.19,,0.019,,,,,-0.025,,,,,,,,,,,,,,,,,,,,,,,,,,,,,,,,,,,,,,,,,,,,,,,,,,,,,,,,,,,,,,,,,,,-0.031,-0.028,0.082,-0.031,-0.039,-0.125,0.016,0.0,-0.012,0.0,0.012,0.013,0.199,0.0,,0.0,,,,,,,,,,0,1291.48,1291.48,,1291.51,,,,,,,,,,,,,,,,,,,,,,,,,,,1294.78,1294.78,1294.79,1294.79,1294.79,,,,,,,,,,,,,,,,,,,,,,,,,,,,,,,,,,,,,,,,,,,,,
1550,-0.036,0.216,0.0,,-0.164,,,,0.007,,,,,,,,,,,,,,,,,,,,,,,,,,,,,,,,,,,,,,,,,,,,,,,,,,,,,,,,,,,,,,,,,,,-0.056,-0.002,0.104,-0.056,-0.059,0.138,0.07,0.0,-0.003,0.0,0.012,0.013,0.062,0.0,,0.0,,,,,,,,,,0,1441.17,,,1441.19,,,,,,,,,,,,,,,,,,,,,,,,,,,1443.13,1443.13,1443.14,1443.14,1443.14,,,,,,,,,,,,,,,,,,,,,,,,,,,,,,,,,,,,,,T1,,,,,,,
44881,,,,,,,,,,,,,,,,,,,,,,,,,,,,,,,,,,,-0.016,,,-0.156,0.035,,-0.013,,,,,,,,,,,,,,,,,,,,,,,,,,,,,,-0.254,-0.039,,,,0.16,-0.06,0.057,0.16,0.047,-0.072,-0.119,0.0,-0.004,0.0,0.011,0.013,0.108,0.0,,0.0,,,,,,,,,,0,,,,,,,,,,,,,,684.68,,684.71,,,,,,,,,,,,,720.44,,723.28,723.28,723.29,723.29,723.29,,,,,,,,,,,,,,,,,,,,,T1,,T1,,,,,,,,,,,,,,,T1,,,,,,,
5139,0.128,-0.046,0.0,,-0.164,-0.028,,,,,,,,,,,,,,,,,,,,,,,,,,,,,,,,,,,,,,,,,,,,,,,,,,,,,,,,,,,,,,,,,,,-0.035,,,0.008,0.042,0.057,0.008,-0.024,-0.02,-0.038,0.0,-0.013,0.0,0.011,0.013,0.017,0.0,,0.0,,,,,,,,,,0,837.17,,837.19,,,,,,,,,,,,,,,,,,,,,,,,,,,,879.3,879.3,879.3,879.3,879.3,,,,,,,,,,,,,,,,,,,,,,,,,,,,,,,,,,,,,,,,,,,,,
43399,,,,,,,,,,-0.002,0.066,,,,,-0.027,,,,,,,,,,,,,,,,,,,,,,,,,,,,,,,,,,,,,,,,,,,,,,,,,,,,,,,,,,,,0.03,0.246,0.037,0.03,0.075,-0.178,,,,,0.011,0.013,-0.029,0.0,,0.0,,,,,,,,,,0,,,,,,,,,,,,,,,,,,,,,,,,,,,,,,,271.47,271.47,271.47,,271.47,,,,,,,,,,,,,,,,,,,,,,,,,,,,,,,,,,,,,,T1,,,,,,,
25984,,,,,,,,,,,,,,,,,,,,,,,,,,,,,,,,,,,0.029,-0.008,-0.028,,,-0.054,-0.109,,,,,,,,,,,,,,,,,,,,,,,,,,,,,,0.192,-0.048,,,,0.033,0.125,0.057,0.033,-0.02,0.033,-0.146,0.0,-0.004,0.0,0.014,0.013,-0.074,0.0,,0.0,,,,,,,,,,0,,,,,,,,,,,,,,724.91,724.94,,,,,,,,,,,,,,755.87,,761.69,761.69,761.69,761.69,761.69,,,,,,,,,,,,,,,,,,,,,T1,,,,,,,,,,,,,,,,,T1,,,,,,,
16141,,,,,,,,,,0.01,-0.034,,,,,,0.008,-0.08,,,,,,,,,,,,,,,,,,,,,,,,,,,,,,,,,,,,,,,,,,,,,,,,,,,,,,,,,,-0.03,-0.06,0.082,-0.03,0.008,-0.099,-0.038,0.0,-0.003,0.0,0.012,0.013,-0.074,0.0,,0.0,,,,,,,,,,0,,,,,,,554.85,,,,,,,,,,,,,,,,,,,,,,,,555.72,555.72,555.74,555.74,555.74,,,,,,,,,,,,,,,,,,,,,,,,,,,,,,,,,,,,,,,,,,,,,
1793,0.003,-0.115,,0.119,,0.056,,,,,,,,,,,,,,,,,,,,,,,,,,,,,,,,,,,,,,,,,,,,,,,,,,,,,,,,,,,,,,,,,,,,,,-0.056,-0.021,0.063,-0.056,-0.059,-0.072,0.043,0.0,-0.004,0.0,0.013,0.013,-0.029,0.0,,0.0,,,,,,,,,,1,1153.46,1153.47,1153.5,,,,,,,,,,,,,,,,,,,,,,,,,,,,1154.36,1154.36,1154.36,1154.36,1154.36,,,,,,,,,,,,,,,,,,,,,,,,,,,,,,,,,,,,,,T1,,,,,,,
13598,-0.055,-0.153,0.0,,-0.164,,-0.019,-0.003,,,,,,,,,,,,,,,,,,,,,,,,,,,,,,,,,,,,,,,,,,,,,,,,,,,,,,,,,,,,,,,,,,,,-0.157,-0.111,0.082,-0.157,-0.047,0.164,-0.011,0.0,-0.012,0.0,0.009,0.013,0.153,0.0,,0.0,,,,,,,,,,0,1373.47,,,,,,,,,,,,,,,,,,,,,,,,,,,,,,1375.8,1375.8,1375.8,1375.8,1375.8,,,,,,,,,,,,,,,,,,,,,,,,,,,,,,,,,,,,,,,,,,,,,
22639,-0.029,-0.062,,-0.081,-0.164,-0.132,,,,,,,,,,,,,,,,,,,,,,,,,,,,,,,,,,,,,,,,,,,,,,,,,,,,,,,,,,,,,,,,,,,,,,-0.106,-0.098,0.082,-0.106,-0.027,0.27,-0.146,0.0,-0.012,0.0,0.001,0.013,0.017,0.0,0.0,0.0,,,,,,,,,,0,1432.31,1432.32,1432.34,,,,,,,,,,,,,,,,,,,,,,,,,,,,1433.16,1433.16,1433.16,1433.16,1433.16,1433.17,,,,,,,,,,,,,,,,,,,,,,,,,,,,,,,,,,,,,,,,,,,,
3527,,,,,,,,,,0.002,-0.034,,-0.01,-0.107,-0.145,,,,,,,,,,,,,,,,,,,,,,,,,,,,,,,,,,,,,,,,,,,,,,,,,,,,,,,,,,,,,-0.181,0.253,0.037,-0.181,0.094,-0.072,,,,,0.01,0.013,0.017,0.0,,0.0,,,,,,,,,,1,,,,,,251.15,,,,,,,,,,,,,,,,,,,,,,,,,252.2,252.2,252.21,,252.21,,,,,,,,,,,,,,,,,,,,,,,,,,,,,,,,,,,,,,T1,,,,,,,
17314,,,,,,,,,,,,,,,,,,,,,,,,,,,-0.106,0.047,-0.324,,,,-0.056,-0.05,,,,,,,,,,,,,,,,,,,,,,,,,,,,,,,,,,,,,,,-0.035,,,0.134,0.144,0.057,0.134,-0.02,0.033,-0.146,0.0,0.004,0.0,0.016,0.013,0.153,0.0,0.0,0.0,,,,,,,,,,0,,,,,,,,,,,783.9,783.92,,,,,,,,,,,,,,,,,,,792.19,792.19,792.19,792.19,792.19,792.21,,,,,,,,,,,,,,,,,T1,,,,,,,,,,,,,,,,,,,,T1,,,,,,,
7423,0.036,0.013,,0.019,-0.164,,0.115,-0.001,,,,,,,,,,,,,,,,,,,,,,,,,,,,,,,,,,,,,,,,,,,,,,,,,,,,,,,,,,,,,,,,,,,,-0.056,0.023,0.104,-0.056,-0.078,-0.151,0.016,0.0,-0.004,0.0,0.014,0.013,0.062,0.0,,0.0,,,,,,,,,,0,1577.81,1577.81,,,,,,,,,,,,,,,,,,,,,,,,,,,,,1580.45,1580.45,1580.46,1580.46,1580.46,,,,,,,,,,,,,,,,,,,,,,,,,,,,,,,,,,,,,,,,,,,,,
50680,-0.023,-0.185,,0.019,,,,,-0.146,,,,,,,,,,,,,,,,,,,,,,,,,,,,,,,,,,,,,,,,,,,,,,,,,,,,,,,,,,,,,,,,,,,0.03,-0.047,0.037,0.03,0.047,-0.099,,,,,0.012,0.013,0.017,0.0,0.0,0.0,,,,,,,,,,0,273.06,273.07,,273.09,,,,,,,,,,,,,,,,,,,,,,,,,,,274.25,274.25,274.25,,274.25,274.28,,,,,,,,,,,,,,,,,,,,,,,,,,,,,,,,,,,,,T1,,,,,,,
18182,,,,,,,,,,,,,,,,,,,,,,,,,,,,,,,,,,,,,,,,,,0.047,-0.001,0.0,,-0.01,,0.06,,,,,,,,,,,,,,,,,,,,,,,,,-0.035,,,-0.081,-0.104,0.063,-0.081,-0.02,-0.02,-0.011,0.0,-0.014,0.0,0.016,0.013,0.062,0.0,,0.0,,,,,,,,,,0,,,,,,,,,,,,,,,,,1000.44,,,,,,,,,,,,,,1014.44,1014.44,1014.44,1014.44,1014.44,,,,,,,,,,,,,,,,,,,,,,,,,,,,,,,,,,,,,,T1,,,,,,,
16503,-0.075,-0.126,,-0.081,,-0.026,,,,,,,,,,,,,,,,,,,,,,,,,,,,,,,,,,,,,,,,,,,,,,,,,,,,,,,,,,,,,,,,,,,,,,0.008,0.081,0.101,0.008,0.102,-0.257,-0.011,0.0,-0.012,0.0,0.013,0.013,-0.074,0.0,0.0,0.0,,,,,,,,,,0,602.63,602.63,602.66,,,,,,,,,,,,,,,,,,,,,,,,,,,,605.94,605.94,605.94,605.94,605.94,605.95,,,,,,,,,,,,,,,,,,,,,,,,,,,,,,,,,,,,,T1,,,,,,,
1513,,,,,,,,,,,,,,,,,,,,,,,,,,,,,,,,,,,0.07,,,-0.042,,-0.021,-0.051,,,,,,,,,,,,,,,,,,,,,,,,,,,,,,,,-0.035,,,-0.056,-0.021,0.082,-0.056,-0.075,-0.046,0.26,0.0,-0.003,0.0,0.013,0.013,0.108,0.0,0.0,0.0,,,,,,,,,,0,,,,,,,,,,,,,,1258.53,,,,,,,,,,,,,,,,,1311.4,1311.4,1311.4,1311.4,1311.4,1311.41,,,,,,,,,,,,,,,,,,,,T1,,T1,,,,,,,,,,,,,,,,,,,,,,
46041,,,,,,,,,,-0.018,0.066,,-0.01,-0.075,0.139,,,,,,,,,,,,,,,,,,,,,,,,,,,,,,,,,,,,,,,,,,,,,,,,,,,,,,,,,,,,,0.008,0.061,0.101,0.008,0.141,-0.125,-0.065,0.0,-0.012,0.0,0.016,0.013,-0.074,0.0,0.0,0.0,,,,,,,,,,0,,,,,,656.9,,,,,,,,,,,,,,,,,,,,,,,,,669.46,669.46,669.47,669.47,669.47,669.48,,,,,,,,,,,,,,,,,,,,,,,,,,,,,,,,,,,,,T1,,,,,,,
9283,,,,,,,,,,0.014,,0.057,,,,-0.08,,,,,,,,,,,,,,,,,,,,,,,,,,,,,,,,,,,,,,,,,,,,,,,,,,,,,,,,,,,,,,,,,,,,,,,,,,,,0.0,0.0,-0.07,-0.085,,0.226,0.0,,0.0,0,,,,,1423.94,,,,,,,,,,,,,,,,,,,,,,,,,,,,,,,,1425.48,,1425.5,1425.5,,,,,,,,,,,,,,,,,,,,,,,,,,,,,,,,,,,,,,,,
29472,0.075,0.104,0.0,,-0.164,,0.075,-0.003,,,,,,,,,,,,,,,,,,,,,,,,,,,,,,,,,,,,,,,,,,,,,,,,,,,,,,,,,,,,,,,,,,,,-0.145,-0.066,0.082,-0.145,0.024,-0.046,-0.038,0.0,0.013,0.0,0.012,0.013,0.062,0.0,,0.0,,,,,,,,,,0,560.43,,,,,,,,,,,,,,,,,,,,,,,,,,,,,,566.48,566.48,566.48,566.48,566.48,,,,,,,,,,,,,,,,,,,,,,,,,,,,,,,,,,,,,,T1,,,,,,,
3693,,,,,,,,,,0.002,,-0.254,-0.01,,,-0.015,,,,,,,,,,,,,,,,,,,,,,,,,,,,,,,,,,,,,,,,,,,,,,,,,,,,,,,,,,,,-0.106,-0.04,0.082,-0.106,-0.055,0.059,0.043,0.0,-0.003,0.0,0.01,0.013,-0.119,0.0,0.0,0.0,,,,,,,,,,0,,,,,1398.69,,,,,,,,,,,,,,,,,,,,,,,,,,1400.35,1400.35,1400.35,1400.35,1400.35,1400.37,,,,,,,,,,,,,,,,,,,,,,,,,,,,,,,,,,,,,T1,,,,,,,
51252,,,,,,,,,,0.022,0.066,,-0.01,-0.019,-0.261,,,,,,,,,,,,,,,,,,,,,,,,,,,,,,,,,,,,,,,,,,,,,,,,,,,,,,,,,,,,,-0.081,0.036,0.104,-0.081,-0.078,-0.02,0.097,0.0,-0.013,0.0,0.014,0.013,-0.029,0.0,,0.0,,,,,,,,,,0,,,,,,1628.58,,,,,,,,,,,,,,,,,,,,,,,,,1630.46,1630.46,1630.47,1630.47,1630.47,,,,,,,,,,,,,,,,,,,,,,,,,,,,,,,,,,,,,,T1,,,,,,,
7183,-0.108,-0.051,,0.019,,,,,-0.005,,,,,,,,,,,,,,,,,,,,,,,,,,,,,,,,,,,,,,,,,,,,,,,,,,,,,,,,,,,,,,,,-0.035,,,0.084,-0.04,0.063,0.084,-0.035,-0.099,0.016,0.0,0.004,0.0,0.009,0.013,-0.029,0.0,,0.0,,,,,,,,,,0,956.46,956.46,,956.49,,,,,,,,,,,,,,,,,,,,,,,,,,,959.77,959.77,959.78,959.78,959.78,,,,,,,,,,,,,,,,,,,,,,,,,,,,,,,,,,,,,,T1,,,,,,,
25514,-0.055,0.093,0.0,,0.336,,,,0.023,,,,,,,,,,,,,,,,,,,,,,,,,,,,,,,,,,,,,,,,,,,,,,,,,,,,,,,,,,,,,,,,,,,-0.056,-0.136,0.082,-0.056,-0.035,0.138,0.016,0.0,0.013,0.0,0.014,0.013,0.062,0.0,,0.0,,,,,,,,,,0,1339.16,,,1339.2,,,,,,,,,,,,,,,,,,,,,,,,,,,1342.43,1342.43,1342.43,1342.43,1342.43,,,,,,,,,,,,,,,,,,,,,,,,,,,,,,,,,,,,,,T1,,,,,,,
37451,-0.016,0.024,0.0,,-0.164,,,,0.085,,,,,,,,,,,,,,,,,,,,,,,,,,,,,,,,,,,,,,,,,,,,,,,,,,,,,,,,,,,,,,,,,,,-0.232,-0.034,0.037,-0.232,0.086,-0.072,,,,,0.016,0.013,-0.119,0.0,0.0,0.0,,,,,,,,,,0,255.09,,,255.78,,,,,,,,,,,,,,,,,,,,,,,,,,,256.44,256.44,256.44,,256.44,256.47,,,,,,,,,,,,,,,,,,,,,,,,,,,,,,,,,,,,,T1,,,,,,,
22427,-0.134,-0.153,0.0,,,,-0.023,0.002,,,,,,,,,,,,,,,,,,,,,,,,,,,,,,,,,,,,,,,,,,,,,,,,,,,,,,,,,,,,,,,,,,,,-0.132,-0.009,0.104,-0.132,-0.078,0.191,0.043,0.0,-0.004,0.0,0.01,0.013,-0.119,0.0,0.0,0.0,,,,,,,,,,0,1523.86,,,,,,,,,,,,,,,,,,,,,,,,,,,,,,1528.08,1528.08,1528.08,1528.08,1528.08,1528.11,,,,,,,,,,,,,,,,,,,,,,,,,,,,,,,,,,,,,,,,,,,,
48437,0.082,-0.126,,0.019,,,,,-0.147,,,,,,,,,,,,,,,,,,,,,,,,,,,,,,,,,,,,,,,,,,,,,,,,,,,,,,,,,,,,,,,,,,,-0.081,-0.028,0.104,-0.081,-0.047,0.007,-0.065,0.0,-0.013,0.0,0.01,0.013,-0.165,0.0,,0.0,,,,,,,,,,0,1643.07,1643.07,,1643.1,,,,,,,,,,,,,,,,,,,,,,,,,,,1644.88,1644.88,1644.88,1644.88,1644.88,,,,,,,,,,,,,,,,,,,,,,,,,,,,,,,,,,,,,,T1,,,,,,,
50368,,,,,,,,,,-0.006,,0.182,-0.01,,,,0.041,0.022,,,,,,,,,,,,,,,,,,,,,,,,,,,,,,,,,,,,,,,,,,,,,,,,,,,,,,,,,,0.134,0.03,0.057,0.134,0.016,-0.099,0.043,0.0,-0.012,0.0,0.011,0.013,-0.119,0.0,0.0,0.0,,,,,,,,,,0,,,,,624.51,,624.54,,,,,,,,,,,,,,,,,,,,,,,,626.35,626.35,626.35,626.35,626.35,626.37,,,,,,,,,,,,,,,,,,,,,,,,,,,,,,,,,,,,,T1,,,,,,,
37656,,,,,,,,,,,,,,,,,,,,,,,,,,,,,,,,,,,,,,,,,,0.125,,,-0.03,,0.004,-0.087,,,,,,,,,,,,,,,,,,,,,,,-0.051,0.224,,,,-0.005,-0.034,0.063,-0.005,-0.027,-0.204,0.178,0.0,-0.014,0.0,0.012,0.013,0.108,0.0,0.0,0.0,,,,,,,,,,0,,,,,,,,,,,,,,,,,1000.66,1000.77,1000.77,,,,,,,,,,1011.37,,1013.54,1013.54,1013.54,1013.54,1013.54,1013.56,,,,,,,,,,,,,,,,,,,,,,,,,,,,,,,,,,,,,T1,,,,,,,
6850,-0.023,0.12,,0.019,-0.164,-0.016,,,,,,,,,,,,,,,,,,,,,,,,,,,,,,,,,,,,,,,,,,,,,,,,,,,,,,,,,,,,,,,,,,,,,,-0.106,-0.155,0.063,-0.106,-0.043,-0.072,-0.065,0.0,-0.001,0.0,0.012,0.013,0.017,0.0,,0.0,,,,,,,,,,0,1119.86,1119.87,1119.92,,,,,,,,,,,,,,,,,,,,,,,,,,,,1122.34,1122.34,1122.34,1122.34,1122.34,,,,,,,,,,,,,,,,,,,,,,,,,,,,,,,,,,,,,,T1,,,,,,,
29715,0.016,0.072,0.0,,,,0.005,-0.002,,,,,,,,,,,,,,,,,,,,,,,,,,,,,,,,,,,,,,,,,,,,,,,,,,,,,,,,,,,,,,,,,,,,,,,,,,,,,,,,,,,,0.0,0.0,-0.015,,-0.053,0.039,0.0,,0.0,0,1398.96,,,,,,,,,,,,,,,,,,,,,,,,,,,,,,,,,,,,1399.29,,1399.32,1399.33,,,,,,,,,,,,,,,,,,,,,,,,,,,,,,,,,,,,,,,,
45291,0.049,0.243,0.0,,-0.164,-0.028,,,,,,,,,,,,,,,,,,,,,,,,,,,,,,,,,,,,,,,,,,,,,,,,,,,,,,,,,,,,,,,,,,,-0.035,,,0.185,0.011,0.057,0.185,0.0,-0.072,-0.065,0.0,0.028,0.0,0.017,0.013,0.017,0.0,,0.0,,,,,,,,,,0,889.5,,889.53,,,,,,,,,,,,,,,,,,,,,,,,,,,,895.36,895.36,895.36,895.36,895.36,,,,,,,,,,,,,,,,,,,,,,,,,,,,,,,,,,,,,,T1,,,,,,,
37845,,,,,,,,,,,,,,,,,,,,,,,,,,,,,,,,,,,0.04,,,-0.194,-0.129,,-0.085,,,,,,,,,,,,,,,,,,,,,,,,,,,,,,0.22,-0.023,,,,-0.106,-0.002,0.063,-0.106,-0.055,0.059,-0.227,0.0,-0.012,0.0,0.007,0.013,-0.029,0.0,0.0,0.0,,,,,,,,,,0,,,,,,,,,,,,,,1158.88,,1158.96,,,,,,,,,,,,,1176.36,,1182.33,1182.33,1182.34,1182.34,1182.34,1182.41,,,,,,,,,,,,,,,,,,,,T1,,T1,,,,,,,,,,,,,,,T1,,,,,,,
38816,,,,,,,,,,,,,,,,,,,,,,,,,,,,,,,,,,,-0.229,-0.008,-0.02,,,-0.075,-0.034,,,,,,,,,,,,,,,,,,,,,,,,,,,,,,,,,-0.036,-0.037,0.16,0.004,0.057,0.16,-0.024,0.033,0.016,0.0,-0.013,0.0,0.017,0.013,0.017,0.0,0.0,0.0,,,,,,,,,,0,,,,,,,,,,,,,,693.1,693.11,,,,,,,,,,,,,,,734.65,736.76,736.76,736.77,736.77,736.77,736.78,,,,,,,,,,,,,,,,,,,,T1,,,,,,,,,,,,,,,,,T1,,,,,,,
15506,-0.108,-0.003,0.0,,,,-0.049,-0.004,,,,,,,,,,,,,,,,,,,,,,,,,,,,,,,,,,,,,,,,,,,,,,,,,,,,,,,,,,,,,,,,,,,,-0.132,-0.002,0.082,-0.132,0.02,0.217,-0.092,0.0,-0.012,0.0,0.014,0.013,0.199,0.0,0.0,0.0,,,,,,,,,,0,1374.11,,,,,,,,,,,,,,,,,,,,,,,,,,,,,,1376.19,1376.19,1376.2,1376.2,1376.2,1376.21,,,,,,,,,,,,,,,,,,,,,,,,,,,,,,,,,,,,,T1,,,,,,,
30730,0.075,0.035,0.0,,,,,,0.017,,,,,,,,,,,,,,,,,,,,,,,,,,,,,,,,,,,,,,,,,,,,,,,,,,,,,,,,,,,,,,,,,,,-0.056,-0.028,0.104,-0.056,0.024,0.059,0.151,0.0,-0.014,0.0,0.012,0.013,-0.029,0.0,,0.0,,,,,,,,,,0,1692.11,,,1692.14,,,,,,,,,,,,,,,,,,,,,,,,,,,1698.49,1698.49,1698.49,1698.49,1698.49,,,,,,,,,,,,,,,,,,,,,,,,,,,,,,,,,,,,,,T1,,,,,,,
45760,0.056,-0.078,0.0,,0.336,0.019,,,,,,,,,,,,,,,,,,,,,,,,,,,,,,,,,,,,,,,,,,,,,,,,,,,,,,,,,,,,,,,,,,,,,,,,,,,,,,,,,,,,,,0.0,0.0,-0.007,,0.217,0.181,0.0,0.069,0.0,0,187.67,,187.71,,,,,,,,,,,,,,,,,,,,,,,,,,,,,,,,,,188.8,,188.83,188.84,,,,,,,,,,,,,,,,,,,,,,,,,,,,,,,,,,,,,,,,
11349,-0.055,0.115,,-0.081,-0.164,-0.031,,,,,,,,,,,,,,,,,,,,,,,,,,,,,,,,,,,,,,,,,,,,,,,,,,,,,,,,,,,,,,,,,,,,,,0.07,-0.047,0.082,0.07,-0.059,-0.02,0.124,0.0,-0.003,0.0,0.014,0.013,0.244,0.0,,0.0,,,,,,,,,,0,1357.12,1357.13,1357.15,,,,,,,,,,,,,,,,,,,,,,,,,,,,1361.35,1361.35,1361.36,1361.36,1361.36,,,,,,,,,,,,,,,,,,,,,,,,,,,,,,,,,,,,,,T1,,,,,,,
58766,-0.14,-0.094,,0.019,,,,,-0.028,,,,,,,,,,,,,,,,,,,,,,,,,,,,,,,,,,,,,,,,,,,,,,,,,,,,,,,,,,,,,,,,,,,-0.005,-0.034,0.104,-0.005,-0.078,0.033,-0.011,0.0,-0.004,0.0,0.01,0.013,0.062,0.0,,0.0,,,,,,,,,,0,1518.2,1518.2,,1518.23,,,,,,,,,,,,,,,,,,,,,,,,,,,1525.85,1525.85,1525.86,1525.86,1525.86,,,,,,,,,,,,,,,,,,,,,,,,,,,,,,,,,,,,,,T1,,,,,,,
14089,0.056,0.067,0.0,,,-0.03,,,,,,,,,,,,,,,,,,,,,,,,,,,,,,,,,,,,,,,,,,,,,,,,,,,,,,,,,,,,,,,,,,,,,,0.058,0.017,0.057,0.058,-0.031,-0.204,0.043,0.0,-0.013,0.0,0.019,0.013,-0.074,0.0,,0.0,,,,,,,,,,0,822.83,,822.85,,,,,,,,,,,,,,,,,,,,,,,,,,,,826.51,826.51,826.51,826.51,826.51,,,,,,,,,,,,,,,,,,,,,,,,,,,,,,,,,,,,,,T1,,,,,,,
33288,-0.01,-0.121,,0.019,,0.063,,,,,,,,,,,,,,,,,,,,,,,,,,,,,,,,,,,,,,,,,,,,,,,,,,,,,,,,,,,,,,,,,,,,,,-0.106,-0.002,0.104,-0.106,-0.075,0.007,-0.011,0.0,0.004,0.0,0.009,0.013,-0.029,0.0,0.0,0.0,,,,,,,,,,0,1499.8,1499.81,1499.88,,,,,,,,,,,,,,,,,,,,,,,,,,,,1507.89,1507.89,1507.89,1507.89,1507.89,1507.91,,,,,,,,,,,,,,,,,,,,,,,,,,,,,,,,,,,,,T1,,,,,,,
52392,0.154,-0.003,0.0,,-0.164,0.034,,,,,,,,,,,,,,,,,,,,,,,,,,,,,,,,,,,,,,,,,,,,,,,,,,,,,,,,,,,,,,,,,,,,,,0.033,-0.104,0.101,0.033,0.024,-0.099,0.07,0.0,-0.012,0.0,0.011,0.013,-0.074,0.0,0.0,0.0,,,,,,,,,,0,677.22,,677.25,,,,,,,,,,,,,,,,,,,,,,,,,,,,683.57,683.57,683.57,683.57,683.57,683.59,,,,,,,,,,,,,,,,,,,,,,,,,,,,,,,,,,,,,T1,,,,,,,
23821,,,,,,,,,,0.018,,-0.195,,,,-0.082,,,,,,,,,,,,,,,,,,,,,,,,,,,,,,,,,,,,,,,,,,,,,,,,,,,,,,,,,,,,-0.132,0.011,0.104,-0.132,-0.031,-0.125,0.097,0.0,-0.013,0.0,0.011,0.013,-0.119,0.0,,0.0,,,,,,,,,,1,,,,,1599.71,,,,,,,,,,,,,,,,,,,,,,,,,,1609.71,1609.71,1609.72,1609.72,1609.72,,,,,,,,,,,,,,,,,,,,,,,,,,,,,,,,,,,,,,T1,,,,,,,
8389,-0.075,-0.104,,-0.081,-0.164,0.016,,,,,,,,,,,,,,,,,,,,,,,,,,,,,,,,,,,,,,,,,,,,,,,,,,,,,,,,,,,,,,,,,,,,,,-0.232,0.106,0.037,-0.232,0.024,-0.151,,,,,0.013,0.013,-0.21,0.0,0.0,0.0,,,,,,,,,,1,257.4,257.4,257.43,,,,,,,,,,,,,,,,,,,,,,,,,,,,257.92,257.92,257.93,,257.93,257.94,,,,,,,,,,,,,,,,,,,,,,,,,,,,,,,,,,,,,T1,,,,,,,
58046,-0.042,0.104,0.0,,,0.069,,,,,,,,,,,,,,,,,,,,,,,,,,,,,,,,,,,,,,,,,,,,,,,,,,,,,,,,,,,,,,,,,,,,,,-0.246,-0.028,0.082,-0.246,0.02,-0.072,0.016,0.0,0.013,0.0,0.013,0.013,-0.074,0.0,,0.0,,,,,,,,,,0,567.52,,567.55,,,,,,,,,,,,,,,,,,,,,,,,,,,,569.03,569.03,569.03,569.03,569.03,,,,,,,,,,,,,,,,,,,,,,,,,,,,,,,,,,,,,,T1,,,,,,,
49474,0.043,-0.014,,0.019,-0.164,,-0.021,0.002,,,,,,,,,,,,,,,,,,,,,,,,,,,,,,,,,,,,,,,,,,,,,,,,,,,,,,,,,,,,,,,,,0.891,,,0.084,-0.028,0.057,0.084,0.02,0.191,-0.011,0.0,0.003,0.0,0.017,0.013,,0.0,0.0,0.0,,,,,,,,,,1,889.57,889.57,,,,,,,,,,,,,,,,,,,,,,,,,,,,,895.51,895.51,895.51,895.51,895.51,895.6,,,,,,,,,,,,,,,,,,,,,,,,,,,,,,,,,,,,,T1,,,,,,,
16143,0.023,0.109,0.0,,,,0.164,0.0,,,,,,,,,,,,,,,,,,,,,,,,,,,,,,,,,,,,,,,,,,,,,,,,,,,,,,,,,,,,,,,,,,,,0.016,0.023,-0.702,0.016,0.184,0.138,,,,,0.01,0.013,0.062,0.0,,0.0,,,,,,,,,,0,104.92,,,,,,,,,,,,,,,,,,,,,,,,,,,,,,106.49,106.49,106.49,,106.49,,,,,,,,,,,,,,,,,,,,,,,,,,,,,,,,,,,,,,,,,,,,,
41651,0.016,0.19,,-0.081,-0.164,,,,-0.037,,,,,,,,,,,,,,,,,,,,,,,,,,,,,,,,,,,,,,,,,,,,,,,,,,,,,,,,,,,,,,,,,,,-0.055,-0.028,0.082,-0.055,0.012,-0.02,0.043,0.0,-0.011,0.0,0.013,0.013,-0.074,0.0,,0.0,,,,,,,,,,0,551.18,551.18,,551.21,,,,,,,,,,,,,,,,,,,,,,,,,,,552.82,552.82,552.82,552.82,552.82,,,,,,,,,,,,,,,,,,,,,,,,,,,,,,,,,,,,,,T1,,,,,,,
51234,,,,,,,,,,0.002,-0.034,,-0.01,,,0.041,,,,,,,,,,,,,,,,,,,,,,,,,,,,,,,,,,,,,,,,,,,,,,,,,,,,,,,,,,,,0.154,-0.098,0.082,0.154,-0.016,0.033,0.016,0.0,-0.012,0.0,0.012,0.013,-0.029,0.0,,0.0,,,,,,,,,,0,,,,,,,,,,,,,,,,,,,,,,,,,,,,,,,589.16,589.16,589.16,589.16,589.16,,,,,,,,,,,,,,,,,,,,,,,,,,,,,,,,,,,,,,,,,,,,,
29538,,,,,,,,,,0.006,-0.034,,,0.029,0.077,,,,,,,,,,,,,,,,,,,,,,,,,,,,,,,,,,,,,,,,,,,,,,,,,,,,,,,,,,,,,0.041,-0.053,-0.769,0.041,,-0.046,,,,,0.01,0.013,0.108,0.0,0.0,0.0,,,,,,,,,,1,,,,,,156.06,,,,,,,,,,,,,,,,,,,,,,,,,165.26,165.26,165.26,,165.26,165.29,,,,,,,,,,,,,,,,,,,,,,,,,,,,,,,,,,,,,T1,,,,,,,
16630,0.088,0.035,,0.019,,,-0.008,0.0,,,,,,,,,,,,,,,,,,,,,,,,,,,,,,,,,,,,,,,,,,,,,,,,,,,,,,,,,,,,,,,,,,,,-0.106,0.03,0.104,-0.106,-0.082,-0.046,-0.011,0.0,-0.004,0.0,0.011,0.013,0.017,0.0,0.0,0.0,,,,,,,,,,0,1482.16,1482.17,,,,,,,,,,,,,,,,,,,,,,,,,,,,,1490.38,1490.38,1490.39,1490.39,1490.39,1490.4,,,,,,,,,,,,,,,,,,,,,,,,,,,,,,,,,,,,,T1,,,,,,,
25570,-0.101,-0.174,0.0,,0.336,,,,0.059,,,,,,,,,,,,,,,,,,,,,,,,,,,,,,,,,,,,,,,,,,,,,,,,,,,,,,,,,,,,,,,,,,,0.169,0.125,0.015,0.169,0.004,-0.046,,,,,0.01,0.013,0.153,0.0,0.0,0.0,,,,,,,,,,0,219.45,,,219.48,,,,,,,,,,,,,,,,,,,,,,,,,,,221.01,221.01,221.01,,221.01,221.04,,,,,,,,,,,,,,,,,,,,,,,,,,,,,,,,,,,,,,,,,,,,
6104,,,,,,,,,,,,,,,,,,,,,,,,,,,,,,,,,,,0.098,-0.008,-0.036,,,-0.007,-0.09,,,,,,,,,,,,,,,,,,,,,,,,,,,,,,,,-0.035,,,0.045,-0.047,0.063,0.045,-0.02,-0.125,-0.038,0.0,0.012,0.0,0.016,0.013,-0.029,0.0,0.0,0.0,,,,,,,,,,0,,,,,,,,,,,,,,972.58,972.6,,,,,,,,,,,,,,,,990.47,990.47,990.48,990.48,990.48,990.49,,,,,,,,,,,,,,,,,,,,T1,,,,,,,,,,,,,,,,,,,,,,,,
8153,,,,,,,,,,,,,,,,,,,,,,,,,,,,,,,,,,,,,,,,,,-0.064,,,-0.033,,-0.078,-0.21,,,,,,,,,,,,,,,,,,,,,,,0.169,-0.043,,,,0.02,0.011,0.063,0.02,-0.055,-0.099,-0.038,0.0,-0.006,0.0,0.016,0.013,-0.029,0.0,,0.0,,,,,,,,,,0,,,,,,,,,,,,,,,,,1053.92,1054.04,1054.04,,,,,,,,,,1079.38,,1081.9,1081.9,1081.9,1081.9,1081.9,,,,,,,,,,,,,,,,,,,,,,,,,,,,,,,,,,,,,,,,,,,,,
33228,-0.036,0.072,,-0.081,,,0.038,-0.002,,,,,,,,,,,,,,,,,,,,,,,,,,,,,,,,,,,,,,,,,,,,,,,,,,,,,,,,,,,,,,,,,,,,,,,,,,,,,,,,,,,,0.0,0.0,0.057,,-0.031,0.093,0.0,-0.131,0.0,0,525.07,525.07,,,,,,,,,,,,,,,,,,,,,,,,,,,,,,,,,,,532.73,,532.77,532.79,,,,,,,,,,,,,,,,,,,,,,,,,,,,,,,,,,,,,,,,
5906,,,,,,,,,,-0.01,0.066,,,,,,0.041,0.002,,,,,,,,,,,,,,,,,,,,,,,,,,,,,,,,,,,,,,,,,,,,,,,,,,,,,,,,,,-0.005,0.036,0.063,-0.005,-0.031,0.138,0.016,0.0,-0.013,0.0,0.011,0.013,0.108,0.0,0.0,0.0,,,,,,,,,,0,,,,,,,977.93,,,,,,,,,,,,,,,,,,,,,,,,980.41,980.41,980.41,980.41,980.41,980.42,,,,,,,,,,,,,,,,,,,,,,,,,,,,,,,,,,,,,T1,,,,,,,
46790,,,,,,,,,,,,,,,,,,,,,,,,,,,,,,,,,,,-0.16,,,-0.405,,0.054,-0.048,,,,,,,,,,,,,,,,,,,,,,,,,,,,,,0.104,-0.019,,,,-0.056,-0.111,0.063,-0.056,-0.004,0.007,-0.119,0.0,-0.013,0.0,0.014,0.013,-0.029,0.0,,0.0,,,,,,,,,,0,,,,,,,,,,,,,,961.59,,,,,,,,,,,,,,,976.36,,987.86,987.86,987.86,987.86,987.86,,,,,,,,,,,,,,,,,,,,,T1,,T1,,,,,,,,,,,,,,,T1,,,,,,,
25654,0.056,0.179,,-0.081,,,,,0.058,,,,,,,,,,,,,,,,,,,,,,,,,,,,,,,,,,,,,,,,,,,,,,,,,,,,,,,,,,,,,,,,,,,0.155,-0.149,-0.702,0.155,,-0.151,,,,,0.007,0.013,0.062,0.0,,0.0,,,,,,,,,,0,62.87,62.88,,62.9,,,,,,,,,,,,,,,,,,,,,,,,,,,65.76,65.76,65.76,,65.76,,,,,,,,,,,,,,,,,,,,,,,,,,,,,,,,,,,,,,T1,,,,,,,
32654,0.049,-0.121,,0.019,,,,,-0.065,,,,,,,,,,,,,,,,,,,,,,,,,,,,,,,,,,,,,,,,,,,,,,,,,,,,,,,,,,,,,,0.006,0.142,,,,0.039,-0.072,0.037,0.039,0.063,-0.151,,,,,0.013,0.013,0.062,0.0,0.0,0.0,,,,,,,,,,0,343.2,343.21,,343.26,,,,,,,,,,,,,,,,,,,,,,,,,343.34,,348.62,348.62,348.62,,348.62,348.64,,,,,,,,,,,,,,,,,,,,,,,,,,,,,,,,,,,,,T1,,,,,,,
43218,,,,,,,,,,,,,,,,,,,,,,,,,,,,,,,,,,,-0.211,,,0.136,-0.129,,-0.023,,,,,,,,,,,,,,,,,,,,,,,,,,,,,,,,,,,-0.031,-0.021,0.063,-0.031,0.067,0.033,0.178,0.0,-0.003,0.0,0.006,0.013,0.017,0.0,0.0,0.0,,,,,,,,,,0,,,,,,,,,,,,,,1182.18,,1182.24,,,,,,,,,,,,,,,1198.39,1198.39,1198.39,1198.39,1198.39,1198.42,,,,,,,,,,,,,,,,,,,,T1,,T1,,,,,,,,,,,,,,,T1,,,,,,,
25991,0.115,0.045,0.0,,,0.008,,,,,,,,,,,,,,,,,,,,,,,,,,,,,,,,,,,,,,,,,,,,,,,,,,,,,,,,,,,,,,,,,,,,,,0.185,0.074,0.057,0.185,-0.016,-0.099,0.124,0.0,0.028,0.0,0.011,0.013,0.108,0.0,,0.0,,,,,,,,,,0,888.51,,888.54,,,,,,,,,,,,,,,,,,,,,,,,,,,,894.3,894.3,894.31,894.31,894.31,,,,,,,,,,,,,,,,,,,,,,,,,,,,,,,,,,,,,,,,,,,,,
34973,,,,,,,,,,,,,,,,,,,,,,,,,,,,,,,,,,,0.061,-0.064,-0.039,,,-0.007,0.066,,,,,,,,,,,,,,,,,,,,,,,,,,,,,,0.268,0.107,,,,0.033,-0.009,0.057,0.033,0.039,-0.178,-0.038,0.0,0.004,0.0,0.009,0.013,-0.165,0.0,0.0,0.0,,,,,,,,,,0,,,,,,,,,,,,,,669.63,669.66,,,,,,,,,,,,,,703.3,,708.86,708.86,708.86,708.86,708.86,708.88,,,,,,,,,,,,,,,,,,,,T1,,,,,,,,,,,,,,,,,T1,,,,,,,
18880,-0.003,-0.158,0.0,,-0.164,-0.009,,,,,,,,,,,,,,,,,,,,,,,,,,,,,,,,,,,,,,,,,,,,,,,,,,,,,,,,,,,,,,,,,,,,,,0.269,-0.015,0.037,0.269,0.055,0.033,,,,,0.013,0.013,0.108,0.0,,0.0,,,,,,,,,,0,354.46,,354.5,,,,,,,,,,,,,,,,,,,,,,,,,,,,365.33,365.33,365.33,,365.33,,,,,,,,,,,,,,,,,,,,,,,,,,,,,,,,,,,,,,,,,,,,,
54298,,,,,,,,,,-0.002,0.066,,,,,,0.008,0.186,,,,,,,,,,,,,,,,,,,,,,,,,,,,,,,,,,,,,,,,,,,,,,,,,,,,,,,,,,0.281,-0.002,-0.702,0.281,0.09,0.033,,,,,0.009,0.013,0.062,0.0,,0.0,,,,,,,,,,0,,,,,,,71.98,,,,,,,,,,,,,,,,,,,,,,,,73.68,73.68,73.68,,73.68,,,,,,,,,,,,,,,,,,,,,,,,,,,,,,,,,,,,,,T1,,,,,,,
57248,-0.049,-0.062,,0.019,0.336,,,,0.042,,,,,,,,,,,,,,,,,,,,,,,,,,,,,,,,,,,,,,,,,,,,,,,,,,,,,,,,,,,,,,,,,,,-0.132,-0.13,0.082,-0.132,-0.027,0.322,-0.038,0.0,0.013,0.0,0.013,0.013,-0.165,0.0,0.0,0.0,,,,,,,,,,0,1338.98,1338.99,,1339.04,,,,,,,,,,,,,,,,,,,,,,,,,,,1342.32,1342.32,1342.32,1342.32,1342.32,1342.35,,,,,,,,,,,,,,,,,,,,,,,,,,,,,,,,,,,,,,,,,,,,
55548,0.101,0.029,0.0,,,,0.022,0.001,,,,,,,,,,,,,,,,,,,,,,,,,,,,,,,,,,,,,,,,,,,,,,,,,,,,,,,,,,,,,,,,,,,,0.058,0.023,0.057,0.058,0.004,-0.072,0.016,0.0,-0.013,0.0,0.009,0.013,0.017,0.0,,0.0,,,,,,,,,,0,824.48,,,,,,,,,,,,,,,,,,,,,,,,,,,,,,827.57,827.57,827.57,827.57,827.57,,,,,,,,,,,,,,,,,,,,,,,,,,,,,,,,,,,,,,,,,,,,,
50015,,,,,,,,,,,,,,,,,,,,,,,,,,,,,,,,,,,0.237,,,-0.309,,-0.007,-0.11,,,,,,,,,,,,,,,,,,,,,,,,,,,,,,0.232,-0.069,,,,-0.031,-0.091,0.063,-0.031,-0.035,-0.02,0.097,0.0,0.022,0.0,0.014,0.013,-0.029,0.0,0.0,0.0,,,,,,,,,,0,,,,,,,,,,,,,,1175.45,,,,,,,,,,,,,,,1182.81,,1193.84,1193.84,1193.84,1193.84,1193.84,1193.86,,,,,,,,,,,,,,,,,,,,T1,,T1,,,,,,,,,,,,,,,,,,,,,,
22684,0.023,0.056,,0.019,-0.164,,,,0.038,,,,,,,,,,,,,,,,,,,,,,,,,,,,,,,,,,,,,,,,,,,,,,,,,,,,,,,,,,,,,,,,-0.035,,,0.109,0.049,0.063,0.109,-0.008,0.059,0.016,0.0,0.004,0.0,0.012,0.013,0.017,0.0,0.0,0.0,,,,,,,,,,0,946.86,946.86,,946.88,,,,,,,,,,,,,,,,,,,,,,,,,,,955.8,955.8,955.8,955.8,955.8,955.83,,,,,,,,,,,,,,,,,,,,,,,,,,,,,,,,,,,,,T1,,,,,,,
23765,-0.199,-0.169,0.0,,0.336,,,,-0.026,,,,,,,,,,,,,,,,,,,,,,,,,,,,,,,,,,,,,,,,,,,,,,,,,,,,,,,,,,,,,,,,,,,-0.081,-0.009,0.063,-0.081,-0.012,0.086,-0.038,0.0,-0.012,0.0,0.01,0.013,0.153,0.0,0.0,0.0,,,,,,,,,,0,958.72,,,958.74,,,,,,,,,,,,,,,,,,,,,,,,,,,961.27,961.27,961.28,961.28,961.28,961.29,,,,,,,,,,,,,,,,,,,,,,,,,,,,,,,,,,,,,T1,,,,,,,
27286,-0.212,-0.142,0.0,,-0.164,,,,-0.04,,,,,,,,,,,,,,,,,,,,,,,,,,,,,,,,,,,,,,,,,,,,,,,,,,,,,,,,,,,,,,,,,,,,,,,,,,,,,,,,,,,0.0,0.0,-0.126,-0.086,,0.008,0.0,-0.131,0.0,1,1456.9,,,1456.92,,,,,,,,,,,,,,,,,,,,,,,,,,,,,,,,,1457.42,,1457.45,1457.45,,,,,,,,,,,,,,,,,,,,,,,,,,,,,,,,,,,,,,,,
9368,,,,,,,,,,,,,,,,,,,0.111,-0.067,0.011,-0.119,-0.048,-0.011,,-0.075,,,,,,,,,,,,,,,,,,,,,,,,,,,,,,,,,,,,,,,,,,,,,-0.104,0.052,,,,0.033,-0.034,0.057,0.033,-0.024,0.033,0.043,0.0,0.004,0.0,0.013,0.013,-0.256,0.0,0.0,0.0,,,,,,,,,,1,,,,,,,,708.96,709.0,,,,,,,,,,,,,,,,,,,,742.74,,745.16,745.16,745.17,745.17,745.17,745.19,,,,,,,,,,,,T1,T1,T1,T3,,,,,,,,,,,,,,,,,,,,,,T1,,,,,,,
17560,-0.088,0.04,0.0,,,,,,-0.018,,,,,,,,,,,,,,,,,,,,,,,,,,,,,,,,,,,,,,,,,,,,,,,,,,,,,,,,,,,,,,,,,,,-0.232,0.042,0.037,-0.232,0.071,0.164,,,,,0.01,0.013,0.017,0.0,0.0,0.0,,,,,,,,,,0,249.73,,,249.78,,,,,,,,,,,,,,,,,,,,,,,,,,,251.59,251.59,251.59,,251.59,251.61,,,,,,,,,,,,,,,,,,,,,,,,,,,,,,,,,,,,,,,,,,,,
32677,-0.068,-0.104,,0.019,,,,,0.054,,,,,,,,,,,,,,,,,,,,,,,,,,,,,,,,,,,,,,,,,,,,,,,,,,,,,,,,,,,,,,,,,,,0.23,0.036,-0.725,0.23,0.075,0.007,,,,,0.012,0.013,-0.029,0.0,0.0,0.0,,,,,,,,,,0,1.9,1.91,,1.94,,,,,,,,,,,,,,,,,,,,,,,,,,,2.98,2.98,2.99,,2.99,3.01,,,,,,,,,,,,,,,,,,,,,,,,,,,,,,,,,,,,,,,,,,,,
11841,-0.003,-0.26,,0.019,,,-0.057,-0.002,,,,,,,,,,,,,,,,,,,,,,,,,,,,,,,,,,,,,,,,,,,,,,,,,,,,,,,,,,,,,,,,,,,,-0.081,-0.053,0.104,-0.081,-0.047,-0.072,-0.038,0.0,-0.013,0.0,0.01,0.013,-0.029,0.0,,0.0,,,,,,,,,,0,1619.59,1619.6,,,,,,,,,,,,,,,,,,,,,,,,,,,,,1625.79,1625.79,1625.8,1625.8,1625.8,,,,,,,,,,,,,,,,,,,,,,,,,,,,,,,,,,,,,,T1,,,,,,,
21124,,,,,,,,,,,,,,,,,,,,,,,,,,,,,,,,,,,0.074,-0.064,-0.019,,,-0.021,0.108,,,,,,,,,,,,,,,,,,,,,,,,,,,,,,0.052,0.03,,,,0.008,0.061,0.057,0.008,-0.027,-0.099,-0.011,0.0,0.004,0.0,0.012,0.013,-0.074,0.0,,0.0,,,,,,,,,,1,,,,,,,,,,,,,,707.68,707.75,,,,,,,,,,,,,,740.48,,744.55,744.55,744.57,744.57,744.57,,,,,,,,,,,,,,,,,,,,,T1,,,,,,,,,,,,,,,,,T1,,,,,,,
7020,,,,,,,,,,,,,,,,,,,,,,,,,,,,,,,,,,,-0.117,,,0.123,0.189,,0.012,,,,,,,,,,,,,,,,,,,,,,,,,,,,,,0.013,0.088,,,,0.109,0.068,0.057,0.109,-0.035,0.086,-0.038,0.0,-0.004,0.0,0.011,0.013,-0.029,0.0,0.0,0.0,,,,,,,,,,0,,,,,,,,,,,,,,804.49,,804.51,,,,,,,,,,,,,805.5,,807.48,807.48,807.49,807.49,807.49,807.5,,,,,,,,,,,,,,,,,,,,T1,,T1,,,,,,,,,,,,,,,T1,,,,,,,
48972,-0.075,-0.169,0.0,,0.336,-0.005,,,,,,,,,,,,,,,,,,,,,,,,,,,,,,,,,,,,,,,,,,,,,,,,,,,,,,,,,,,,,,,,,,,,,,0.068,-0.002,-0.029,0.068,,0.007,,,,,0.011,0.013,-0.119,0.0,0.0,0.0,,,,,,,,,,0,205.59,,205.62,,,,,,,,,,,,,,,,,,,,,,,,,,,,216.28,216.28,216.28,,216.28,216.31,,,,,,,,,,,,,,,,,,,,,,,,,,,,,,,,,,,,,T1,,,,,,,
56927,0.023,0.099,0.0,,-0.164,,-0.005,0.001,,,,,,,,,,,,,,,,,,,,,,,,,,,,,,,,,,,,,,,,,,,,,,,,,,,,,,,,,,,,,,,,,,,,0.205,-0.117,-0.657,0.205,0.063,0.007,,,,,0.01,0.013,0.153,0.0,,0.0,,,,,,,,,,0,36.41,,,,,,,,,,,,,,,,,,,,,,,,,,,,,,38.48,38.48,38.5,,38.5,,,,,,,,,,,,,,,,,,,,,,,,,,,,,,,,,,,,,,,,,,,,,
27619,,,,,,,,,,,,,,,,,,,,,,,,,,,,,,,,,,,0.1,-0.008,-0.054,,,-0.007,-0.087,,,,,,,,,,,,,,,,,,,,,,,,,,,,,,,,-0.035,,,0.058,-0.047,0.057,0.058,-0.047,0.007,0.016,0.0,0.004,0.0,0.012,0.013,-0.029,0.0,0.0,0.0,,,,,,,,,,0,,,,,,,,,,,,,,753.27,753.28,,,,,,,,,,,,,,,,786.44,786.44,786.44,786.44,786.44,786.45,,,,,,,,,,,,,,,,,,,,T1,,,,,,,,,,,,,,,,,,,,,,,,
4104,,,,,,,,,,-0.006,0.166,,,,,,0.014,0.053,,,,,,,,,,,,,,,,,,,,,,,,,,,,,,,,,,,,,,,,,,,,,,,,,,,,,,,,,,-0.28,0.132,-0.029,-0.28,0.118,-0.072,,,,,0.012,0.013,-0.029,0.0,0.0,0.0,,,,,,,,,,1,,,,,,,200.65,,,,,,,,,,,,,,,,,,,,,,,,201.72,201.72,201.72,,201.72,201.74,,,,,,,,,,,,,,,,,,,,,,,,,,,,,,,,,,,,,T1,,,,,,,
52734,-0.082,-0.238,0.0,,0.336,0.008,,,,,,,,,,,,,,,,,,,,,,,,,,,,,,,,,,,,,,,,,,,,,,,,,,,,,,,,,,,,,,,,,,,,,,0.045,-0.009,0.063,0.045,-0.051,-0.072,-0.011,0.0,-0.014,0.0,0.012,0.013,0.199,0.0,,0.0,,,,,,,,,,0,1098.78,,1098.81,,,,,,,,,,,,,,,,,,,,,,,,,,,,1105.47,1105.47,1105.48,1105.48,1105.48,,,,,,,,,,,,,,,,,,,,,,,,,,,,,,,,,,,,,,T1,,,,,,,
13441,,,,,,,,,,,,,,,,,,,,,,,,,,,,,,,,,,,0.031,,,0.166,,0.013,-0.077,,,,,,,,,,,,,,,,,,,,,,,,,,,,,,,,,,,0.058,0.042,0.057,0.058,-0.027,-0.02,-0.011,0.0,-0.013,0.0,0.014,0.013,-0.21,0.0,0.0,0.0,,,,,,,,,,0,,,,,,,,,,,,,,790.47,,,,,,,,,,,,,,,,,802.19,802.19,802.19,802.19,802.19,802.22,,,,,,,,,,,,,,,,,,,,T1,,T1,,,,,,,,,,,,,,,,,,,,,,
6025,,,,,,,,,,0.006,-0.034,,-0.01,,,,-0.001,0.186,,,,,,,,,,,,,,,,,,,,,,,,,,,,,,,,,,,,,,,,,,,,,,,,,,,,,,,,,,-0.106,-0.015,0.082,-0.106,-0.047,-0.046,0.043,0.0,-0.012,0.0,0.017,0.013,-0.029,0.0,,0.0,,,,,,,,,,0,,,,,,,1400.71,,,,,,,,,,,,,,,,,,,,,,,,1408.26,1408.26,1408.26,1408.26,1408.26,,,,,,,,,,,,,,,,,,,,,,,,,,,,,,,,,,,,,,T1,,,,,,,
16113,0.075,-0.083,0.0,,-0.164,,-0.081,-0.002,,,,,,,,,,,,,,,,,,,,,,,,,,,,,,,,,,,,,,,,,,,,,,,,,,,,,,,,,,,,,,,,,,,,0.02,0.017,0.104,0.02,-0.078,0.112,0.097,0.0,-0.013,0.0,0.006,0.013,0.153,0.0,0.0,0.0,,,,,,,,,,1,1642.4,,,,,,,,,,,,,,,,,,,,,,,,,,,,,,1644.24,1644.24,1644.25,1644.25,1644.25,1644.26,,,,,,,,,,,,,,,,,,,,,,,,,,,,,,,,,,,,,T1,,,,,,,
26369,-0.042,0.104,,0.019,-0.164,-0.023,,,,,,,,,,,,,,,,,,,,,,,,,,,,,,,,,,,,,,,,,,,,,,,,,,,,,,,,,,,,,,,,,,,,,,0.16,-0.021,0.063,0.16,-0.02,0.086,0.016,0.0,0.008,0.0,0.011,0.013,0.062,0.0,,0.0,,,,,,,,,,0,938.57,938.57,938.6,,,,,,,,,,,,,,,,,,,,,,,,,,,,943.51,943.51,943.51,943.51,943.51,,,,,,,,,,,,,,,,,,,,,,,,,,,,,,,,,,,,,,T1,,,,,,,
38011,0.069,0.002,,0.019,,0.041,,,,,,,,,,,,,,,,,,,,,,,,,,,,,,,,,,,,,,,,,,,,,,,,,,,,,,,,,,,,,,,,,,,,,,0.16,0.03,0.057,0.16,-0.02,-0.099,0.016,0.0,-0.005,0.0,0.013,0.013,,,,0.0,,,,,,,,,,1,829.92,829.92,829.95,,,,,,,,,,,,,,,,,,,,,,,,,,,,837.53,837.53,837.54,837.54,837.54,,,,,,,,,,,,,,,,,,,,,,,,,,,,,,,,,,,,,,T1,,,,,,,
18747,-0.062,-0.083,0.0,,,,,,0.068,,,,,,,,,,,,,,,,,,,,,,,,,,,,,,,,,,,,,,,,,,,,,,,,,,,,,,,,,,,,,,,,,,,0.23,0.253,-0.725,0.23,0.067,0.138,,,,,0.007,0.013,0.062,0.0,,0.0,,,,,,,,,,0,2.08,,,2.14,,,,,,,,,,,,,,,,,,,,,,,,,,,3.27,3.27,3.27,,3.27,,,,,,,,,,,,,,,,,,,,,,,,,,,,,,,,,,,,,,T1,,,,,,,
22633,,,,,,,,,,,,,,,,,,,,,,,,,,,,,,,,,,,,,,,,,,0.057,0.001,0.0,,,0.075,-0.045,,,,,,,,,,,,,,,,,,,,,,,-0.004,-0.204,,,,0.104,0.214,0.037,0.104,0.09,-0.125,,,,,0.005,0.013,,,0.0,0.0,,,,,,,,,,0,,,,,,,,,,,,,,,,,376.11,,376.22,,,,,,,,,,414.67,,423.77,423.77,423.78,,423.78,423.83,,,,,,,,,,,,,,,,,,,,,,,,,,,,,,,,,,,,,T1,,,,,,,
53673,0.088,-0.088,0.0,,,-0.004,,,,,,,,,,,,,,,,,,,,,,,,,,,,,,,,,,,,,,,,,,,,,,,,,,,,,,,,,,,,,,,,,,,,,,0.117,-0.098,-0.752,0.117,-0.075,-0.125,,,,,0.01,0.013,0.062,0.0,,0.0,,,,,,,,,,0,169.26,,169.29,,,,,,,,,,,,,,,,,,,,,,,,,,,,170.03,170.03,170.03,,170.03,,,,,,,,,,,,,,,,,,,,,,,,,,,,,,,,,,,,,,,,,,,,,
24925,,,,,,,,,,,,,,,,,,,,,,,,,,,,,,,,,,,0.128,-0.008,-0.01,,0.198,,-0.086,,,,,,,,,,,,,,,,,,,,,,,,,,,,,,-0.146,0.077,,,,0.058,0.055,0.057,0.058,0.059,-0.046,-0.011,0.0,-0.004,0.0,0.019,0.013,-0.119,0.0,,0.0,,,,,,,,,,0,,,,,,,,,,,,,,796.99,797.0,797.01,,,,,,,,,,,,,804.57,,807.28,807.28,807.29,807.29,807.29,,,,,,,,,,,,,,,,,,,,,T1,,,,,,,,,,,,,,,,,T1,,,,,,,
29259,,,,,,,,,,,,,,,,,,,,,,,,,,,,,,,,,,,,,,,,,,,,,,,,,,,,,,,,,,,,,,,,,,-0.009,,,,0.048,0.233,-0.166,,,,0.13,0.03,0.037,0.13,0.071,-0.099,,,,,0.01,0.013,-0.119,0.0,0.0,0.0,,,,,,,,,,0,,,,,,,,,,,,,,,,,,,,,,,,,,,,379.4,408.52,,423.72,423.72,423.75,,423.75,423.76,,,,,,,,,,,,,,,,,,,,,,,,,,,,,,,,,,,,,T1,,,,,,,
46793,0.043,-0.163,,0.019,-0.164,,,,0.003,,,,,,,,,,,,,,,,,,,,,,,,,,,,,,,,,,,,,,,,,,,,,,,,,,,,,,,,,,,,,,,,,,,-0.207,0.055,0.104,-0.207,-0.059,0.059,-0.011,0.0,-0.013,0.0,0.01,0.013,-0.074,0.0,0.0,0.0,,,,,,,,,,0,1650.29,1650.29,,1650.32,,,,,,,,,,,,,,,,,,,,,,,,,,,1652.55,1652.55,1652.55,1652.55,1652.55,1652.57,,,,,,,,,,,,,,,,,,,,,,,,,,,,,,,,,,,,,T1,,,,,,,
25715,-0.14,-0.03,0.0,,,0.004,,,,,,,,,,,,,,,,,,,,,,,,,,,,,,,,,,,,,,,,,,,,,,,,,,,,,,,,,,,,,,,,,,,,,,-0.206,0.182,0.037,-0.206,,-0.125,,,,,0.01,0.013,0.017,0.0,,0.0,,,,,,,,,,0,246.83,,246.86,,,,,,,,,,,,,,,,,,,,,,,,,,,,247.71,247.71,247.71,,247.71,,,,,,,,,,,,,,,,,,,,,,,,,,,,,,,,,,,,,,T1,,,,,,,
47145,0.016,-0.211,,-0.081,,,0.02,0.0,,,,,,,,,,,,,,,,,,,,,,,,,,,,,,,,,,,,,,,,,,,,,,,,,,,,,,,,,,,,,,,,,,,,-0.017,-0.015,0.057,-0.017,0.024,0.007,-0.065,0.0,0.013,0.0,0.01,0.013,-0.165,0.0,,0.0,,,,,,,,,,0,622.33,622.33,,,,,,,,,,,,,,,,,,,,,,,,,,,,,625.3,625.3,625.3,625.3,625.3,,,,,,,,,,,,,,,,,,,,,,,,,,,,,,,,,,,,,,,,,,,,,
47961,0.069,0.163,0.0,,,,0.011,0.0,,,,,,,,,,,,,,,,,,,,,,,,,,,,,,,,,,,,,,,,,,,,,,,,,,,,,,,,,,,,,,,,,,,,-0.081,0.004,0.104,-0.081,-0.086,0.059,0.232,0.0,-0.003,0.0,0.013,0.013,0.062,0.0,,0.0,,,,,,,,,,0,1446.34,,,,,,,,,,,,,,,,,,,,,,,,,,,,,,1447.98,1447.98,1447.99,1447.99,1447.99,,,,,,,,,,,,,,,,,,,,,,,,,,,,,,,,,,,,,,T1,,,,,,,
30946,-0.023,0.013,,-0.081,0.336,-0.013,,,,,,,,,,,,,,,,,,,,,,,,,,,,,,,,,,,,,,,,,,,,,,,,,,,,,,,,,,,,,,,,,,,,,,-0.123,0.284,0.082,-0.123,0.125,0.007,-0.092,0.0,-0.012,0.0,0.007,0.013,-0.119,0.0,,0.0,,,,,,,,,,0,575.59,575.6,575.62,,,,,,,,,,,,,,,,,,,,,,,,,,,,582.92,582.92,582.94,582.94,582.94,,,,,,,,,,,,,,,,,,,,,,,,,,,,,,,,,,,,,,T1,,,,,,,
40316,,,,,,,,,,0.022,,-0.26,,,,,0.007,-0.029,,,,,,,,,,,,,,,,,,,,,,,,,,,,,,,,,,,,,,,,,,,,,,,,,,,,,,,,,,-0.106,-0.047,0.104,-0.106,-0.035,0.138,0.205,0.0,0.012,0.0,0.013,0.013,-0.029,0.0,,0.0,,,,,,,,,,0,,,,,1628.39,,1628.42,,,,,,,,,,,,,,,,,,,,,,,,1630.18,1630.18,1630.18,1630.18,1630.18,,,,,,,,,,,,,,,,,,,,,,,,,,,,,,,,,,,,,,T1,,,,,,,
31347,,,,,,,,,,,,,,,,,,,,,,,,,,,,,,,,,,,0.119,,,-0.319,0.053,,0.164,,,,,,,,,,,,,,,,,,,,,,,,,,,,,,-0.042,0.042,,,,0.058,0.004,0.057,0.058,-0.012,-0.072,0.043,0.0,0.004,0.0,0.016,0.013,-0.029,0.0,,0.0,,,,,,,,,,0,,,,,,,,,,,,,,707.4,,707.43,,,,,,,,,,,,,740.01,,743.17,743.17,743.18,743.18,743.18,,,,,,,,,,,,,,,,,,,,,T1,,T1,,,,,,,,,,,,,,,T1,,,,,,,
55264,,,,,,,,,,0.014,,0.519,-0.01,,,0.043,,,,,,,,,,,,,,,,,,,,,,,,,,,,,,,,,,,,,,,,,,,,,,,,,,,,,,,,,,,,,,,,,,,,,,,,,,,,0.0,0.0,0.192,,0.007,0.123,0.0,,0.0,0,,,,,566.24,,,,,,,,,,,,,,,,,,,,,,,,,,,,,,,,568.32,,568.34,568.34,,,,,,,,,,,,,,,,,,,,,,,,,,,,,,,,,,,,,,,,
12161,,,,,,,,,,-0.022,-0.034,,-0.01,,,,-0.002,0.247,,,,,,,,,,,,,,,,,,,,,,,,,,,,,,,,,,,,,,,,,,,,,,,,,,,,,,,,,,-0.031,-0.04,0.104,-0.031,-0.09,0.164,0.043,0.0,0.029,0.0,0.013,0.013,0.108,0.0,0.0,0.0,,,,,,,,,,0,,,,,,,1564.04,,,,,,,,,,,,,,,,,,,,,,,,1566.08,1566.08,1566.08,1566.08,1566.08,1566.1,,,,,,,,,,,,,,,,,,,,,,,,,,,,,,,,,,,,,T1,,,,,,,
31201,,,,,,,,,,,,,,,,,,,,,,,,,,,,,,,,,,,0.111,-0.008,-0.012,,0.026,,0.07,,,,,,,,,,,,,,,,,,,,,,,,,,,,,,-0.014,0.063,,,,0.084,0.004,0.057,0.084,-0.008,0.033,0.016,0.0,-0.004,0.0,0.018,0.013,0.017,0.0,,0.0,,,,,,,,,,0,,,,,,,,,,,,,,744.82,744.83,744.83,,,,,,,,,,,,,768.45,,772.26,772.26,772.27,772.27,772.27,,,,,,,,,,,,,,,,,,,,,T1,,,,,,,,,,,,,,,,,T1,,,,,,,
12748,-0.114,-0.046,0.0,,-0.164,-0.019,,,,,,,,,,,,,,,,,,,,,,,,,,,,,,,,,,,,,,,,,,,,,,,,,,,,,,,,,,,,,,,,,,,,,,-0.182,-0.066,0.063,-0.182,0.075,-0.072,0.043,0.0,-0.012,0.0,0.012,0.013,-0.165,0.0,,0.0,,,,,,,,,,0,959.18,,959.21,,,,,,,,,,,,,,,,,,,,,,,,,,,,961.8,961.8,961.81,961.81,961.81,,,,,,,,,,,,,,,,,,,,,,,,,,,,,,,,,,,,,,,,,,,,,
55891,,,,,,,,,,,,,,,,,,,,,,,,,,,0.064,0.009,,0.034,-0.118,,0.098,-0.139,,,,,,,,,,,,,,,,,,,,,,,,,,,,,,,,,,,,,0.077,-0.048,,,,-0.106,0.036,0.063,-0.106,-0.004,0.164,0.016,0.0,0.033,0.0,0.019,0.013,-0.074,0.0,,0.0,,,,,,,,,,0,,,,,,,,,,,992.07,,,,,,,,,,,,,,,,,,1006.05,,1007.46,1007.46,1007.46,1007.46,1007.46,,,,,,,,,,,,,,,,,,,,,,,,,,,,,,,,,,,,,,,,,,,,,
38234,0.108,-0.046,0.0,,,,,,0.036,,,,,,,,,,,,,,,,,,,,,,,,,,,,,,,,,,,,,,,,,,,,,,,,,,,,,,,,,,,,,,,,,,,0.121,-0.015,0.082,0.121,0.024,-0.046,,,,,0.013,0.013,-0.21,0.0,,0.0,,,,,,,,,,0,509.29,,,509.33,,,,,,,,,,,,,,,,,,,,,,,,,,,510.51,510.51,510.51,,510.51,,,,,,,,,,,,,,,,,,,,,,,,,,,,,,,,,,,,,,T1,,,,,,,
39464,0.016,0.024,0.0,,,,,,-0.048,,,,,,,,,,,,,,,,,,,,,,,,,,,,,,,,,,,,,,,,,,,,,,,,,,,,,,,,,,,,,,,,,,,,,,,,,,,,,,,,,,,0.0,0.0,0.009,,-0.049,0.304,0.0,,0.0,0,1158.72,,,1158.75,,,,,,,,,,,,,,,,,,,,,,,,,,,,,,,,,1160.28,,1160.33,1160.33,,,,,,,,,,,,,,,,,,,,,,,,,,,,,,,,,,,,,,,,
50558,,,,,,,,,,-0.014,-0.034,,-0.01,,,,0.069,0.114,,,,,,,,,,,,,,,,,,,,,,,,,,,,,,,,,,,,,,,,,,,,,,,,,,,,,,,,,,0.033,0.163,0.101,0.033,0.004,-0.178,-0.011,0.0,-0.012,0.0,0.014,0.013,-0.165,0.0,,0.0,,,,,,,,,,0,,,,,,,675.29,,,,,,,,,,,,,,,,,,,,,,,,677.43,677.43,677.44,677.44,677.44,,,,,,,,,,,,,,,,,,,,,,,,,,,,,,,,,,,,,,T1,,,,,,,
12530,-0.023,0.051,,-0.081,,,-0.046,0.0,,,,,,,,,,,,,,,,,,,,,,,,,,,,,,,,,,,,,,,,,,,,,,,,,,,,,,,,,,,,,,,,,,,,0.058,-0.034,0.101,0.058,0.016,-0.178,0.016,0.0,-0.012,0.0,0.009,0.013,-0.074,0.0,,0.0,,,,,,,,,,0,609.61,609.62,,,,,,,,,,,,,,,,,,,,,,,,,,,,,611.55,611.55,611.56,611.56,611.56,,,,,,,,,,,,,,,,,,,,,,,,,,,,,,,,,,,,,,T1,,,,,,,
37279,0.075,-0.115,,0.019,,,,,-0.107,,,,,,,,,,,,,,,,,,,,,,,,,,,,,,,,,,,,,,,,,,,,,,,,,,,,,,,,,,,,,,,,,,,-0.157,-0.034,0.063,-0.157,-0.043,0.243,-0.092,0.0,0.021,0.0,0.006,0.013,-0.301,0.0,0.0,0.0,,,,,,,,,,0,1164.53,1164.53,,1164.59,,,,,,,,,,,,,,,,,,,,,,,,,,,1170.89,1170.89,1170.89,1170.89,1170.89,1170.91,,,,,,,,,,,,,,,,,,,,,,,,,,,,,,,,,,,,,T1,,,,,,,
8428,0.075,0.12,,-0.081,-0.164,,0.0,-0.002,,,,,,,,,,,,,,,,,,,,,,,,,,,,,,,,,,,,,,,,,,,,,,,,,,,,,,,,,,,,,,,,,,,,-0.132,-0.015,0.082,-0.132,-0.082,-0.02,0.016,0.0,0.013,0.0,0.014,0.013,-0.074,0.0,,0.0,,,,,,,,,,0,1429.64,1429.65,,,,,,,,,,,,,,,,,,,,,,,,,,,,,1431.38,1431.38,1431.39,1431.39,1431.39,,,,,,,,,,,,,,,,,,,,,,,,,,,,,,,,,,,,,,,,,,,,,
21342,-0.095,-0.142,0.0,,,0.196,,,,,,,,,,,,,,,,,,,,,,,,,,,,,,,,,,,,,,,,,,,,,,,,,,,,,,,,,,,,,,,,,,,,,,-0.132,-0.021,0.082,-0.132,-0.043,0.164,-0.038,0.0,-0.003,0.0,0.013,0.013,-0.21,0.0,,0.0,,,,,,,,,,1,1393.24,,1393.26,,,,,,,,,,,,,,,,,,,,,,,,,,,,1393.92,1393.92,1393.92,1393.92,1393.92,,,,,,,,,,,,,,,,,,,,,,,,,,,,,,,,,,,,,,,,,,,,,
8866,0.043,-0.099,,0.019,,0.076,,,,,,,,,,,,,,,,,,,,,,,,,,,,,,,,,,,,,,,,,,,,,,,,,,,,,,,,,,,,,,,,,,,,,,0.058,0.023,0.057,0.058,-0.027,0.059,-0.065,0.0,-0.013,0.0,0.013,0.013,-0.029,0.0,,0.0,,,,,,,,,,0,877.07,877.08,877.11,,,,,,,,,,,,,,,,,,,,,,,,,,,,887.46,887.46,887.46,887.46,887.46,,,,,,,,,,,,,,,,,,,,,,,,,,,,,,,,,,,,,,T1,,,,,,,
32063,-0.042,-0.056,0.0,,,0.206,,,,,,,,,,,,,,,,,,,,,,,,,,,,,,,,,,,,,,,,,,,,,,,,,,,,,,,,,,,,,,,,,,,,,,-0.198,0.132,0.037,-0.198,-0.031,0.086,,,,,0.016,0.013,-0.119,0.0,,0.0,,,,,,,,,,1,392.48,,392.54,,,,,,,,,,,,,,,,,,,,,,,,,,,,399.84,399.84,399.84,,399.84,,,,,,,,,,,,,,,,,,,,,,,,,,,,,,,,,,,,,,,,,,,,,
57534,,,,,,,,,,,,,,,,,,,,,,,,,,,,,,,,,,,,,,,,,,0.115,0.0,0.0,,,-0.06,-0.004,,,,,,,,,,,,,,,,,,,,,,,0.056,-0.098,,,,0.02,-0.085,0.063,0.02,-0.02,0.059,-0.038,0.0,-0.014,0.0,0.014,0.013,0.153,0.0,0.0,0.0,,,,,,,,,,0,,,,,,,,,,,,,,,,,1000.61,,1000.73,,,,,,,,,,1011.65,,1013.7,1013.7,1013.7,1013.7,1013.7,1013.73,,,,,,,,,,,,,,,,,,,,,,,,,,,,,,,,,,,,,T1,,,,,,,
8838,,,,,,,,,,-0.014,-0.034,,,-0.046,0.104,,,,,,,,,,,,,,,,,,,,,,,,,,,,,,,,,,,,,,,,,,,,,,,,,,,,,,,,,,,,,-0.06,0.055,-0.702,-0.06,0.078,-0.23,,,,,0.013,0.013,0.108,0.0,,0.0,,,,,,,,,,0,,,,,,122.17,,,,,,,,,,,,,,,,,,,,,,,,,130.76,130.76,130.76,,130.76,,,,,,,,,,,,,,,,,,,,,,,,,,,,,,,,,,,,,,T1,,,,,,,
31977,,,,,,,,,,-0.002,,0.02,,,,-0.098,,,,,,,,,,,,,,,,,,,,,,,,,,,,,,,,,,,,,,,,,,,,,,,,,,,,,,,,,,,,-0.235,0.195,0.015,-0.235,0.122,-0.099,,,,,0.014,0.013,-0.119,0.0,0.0,0.0,,,,,,,,,,0,,,,,239.77,,,,,,,,,,,,,,,,,,,,,,,,,,242.2,242.2,242.2,,242.2,242.21,,,,,,,,,,,,,,,,,,,,,,,,,,,,,,,,,,,,,T1,,,,,,,
19062,,,,,,,,,,,,,,,,,,,,,,,,,,,,,,,,,,,,,,,,,,-0.133,,,0.107,-0.007,,-0.082,,,,,,,,,,,,,,,,,,,,,,,-0.119,-0.122,,,,-0.031,-0.028,0.063,-0.031,-0.055,0.059,-0.146,0.0,-0.004,0.0,0.006,0.013,0.017,0.0,,0.0,,,,,,,,,,0,,,,,,,,,,,,,,,,,1156.92,1157.04,,,,,,,,,,,1175.74,,1181.67,1181.67,1181.67,1181.67,1181.67,,,,,,,,,,,,,,,,,,,,,,,,,,,,,,,,,,,,,,T1,,,,,,,
41605,0.056,0.051,0.0,,-0.164,,-0.004,-0.002,,,,,,,,,,,,,,,,,,,,,,,,,,,,,,,,,,,,,,,,,,,,,,,,,,,,,,,,,,,,,,,,,,,,-0.207,-0.028,0.082,-0.207,-0.055,0.007,-0.038,0.0,0.004,0.0,0.007,0.013,-0.256,0.0,0.0,0.0,,,,,,,,,,0,1390.84,,,,,,,,,,,,,,,,,,,,,,,,,,,,,,1392.0,1392.0,1392.0,1392.0,1392.0,1392.02,,,,,,,,,,,,,,,,,,,,,,,,,,,,,,,,,,,,,T1,,,,,,,
15039,,,,,,,,,,,,,,,,,,,0.068,-0.067,-0.006,0.056,,,0.003,0.006,,,,,,,,,,,,,,,,,,,,,,,,,,,,,,,,,,,,,,,,,,,,,,,,,,0.033,-0.066,0.057,0.033,0.0,-0.072,-0.092,0.0,-0.012,0.0,0.012,0.013,0.017,0.0,0.0,0.0,,,,,,,,,,0,,,,,,,,804.99,805.01,805.02,,,,,,,,,,,,,,,,,,,,,812.19,812.19,812.19,812.19,812.19,812.2,,,,,,,,,,,,T1,,,T3,,,,,,,,,,,,,,,,,,,,,,T1,,,,,,,
33305,-0.049,0.056,0.0,,,-0.038,,,,,,,,,,,,,,,,,,,,,,,,,,,,,,,,,,,,,,,,,,,,,,,,,,,,,,,,,,,,,,,,,,,,,,0.18,0.061,-0.725,0.18,0.067,0.27,,,,,0.008,0.013,-0.119,0.0,,0.0,,,,,,,,,,0,14.63,,14.65,,,,,,,,,,,,,,,,,,,,,,,,,,,,18.42,18.42,18.55,,18.55,,,,,,,,,,,,,,,,,,,,,,,,,,,,,,,,,,,,,,T1,,,,,,,
40613,0.043,-0.11,0.0,,,,,,-0.054,,,,,,,,,,,,,,,,,,,,,,,,,,,,,,,,,,,,,,,,,,,,,,,,,,,,,,,,,,,,,,,,,,,0.054,0.017,0.037,0.054,0.051,-0.046,,,,,0.009,0.013,0.062,0.0,0.0,0.0,,,,,,,,,,0,352.93,,,352.96,,,,,,,,,,,,,,,,,,,,,,,,,,,354.24,354.24,354.24,,354.24,354.25,,,,,,,,,,,,,,,,,,,,,,,,,,,,,,,,,,,,,T1,,,,,,,
824,,,,,,,,,,,,,,,,,,,-0.047,0.146,,,-0.106,-0.056,,-0.07,,,,,,,,,,,,,,,,,,,,,,,,,,,,,,,,,,,,,,,,,,,,,,,-0.035,,,-0.005,-0.079,0.063,-0.005,-0.043,-0.178,0.151,0.0,0.012,0.0,0.012,0.013,0.108,0.0,,0.0,,,,,,,,,,0,,,,,,,,1031.75,,,,,,,,,,,,,,,,,,,,,,,1065.6,1065.6,1065.61,1065.61,1065.61,,,,,,,,,,,,,T1,,T1,T3,,,,,,,,,,,,,,,,,,,,,,T1,,,,,,,
14587,,,,,,,,,,-0.01,,-0.105,,0.11,-0.036,,,,,,,,,,,,,,,,,,,,,,,,,,,,,,,,,,,,,,,,,,,,,,,,,,,,,,,,,,,,,0.045,-0.168,0.063,0.045,-0.02,0.27,-0.2,0.0,-0.009,0.0,0.012,0.013,0.153,0.0,,0.0,,,,,,,,,,0,,,,,1128.87,1128.89,,,,,,,,,,,,,,,,,,,,,,,,,1141.04,1141.04,1141.05,1141.05,1141.05,,,,,,,,,,,,,,,,,,,,,,,,,,,,,,,,,,,,,,T1,,,,,,,
58562,,,,,,,,,,0.026,,-0.164,-0.01,0.103,-0.128,,,,,,,,,,,,,,,,,,,,,,,,,,,,,,,,,,,,,,,,,,,,,,,,,,,,,,,,,,,,,-0.005,-0.072,0.104,-0.005,-0.059,0.059,-0.092,0.0,0.029,0.0,0.012,0.013,-0.074,0.0,0.0,0.0,,,,,,,,,,0,,,,,1491.12,1491.14,,,,,,,,,,,,,,,,,,,,,,,,,1496.51,1496.51,1496.51,1496.51,1496.51,1496.53,,,,,,,,,,,,,,,,,,,,,,,,,,,,,,,,,,,,,,,,,,,,
39786,,,,,,,,,,0.002,,0.253,-0.01,,,,-0.02,0.002,,,,,,,,,,,,,,,,,,,,,,,,,,,,,,,,,,,,,,,,,,,,,,,,,,,,,,,,,,-0.056,-0.079,0.082,-0.056,-0.055,0.059,-0.065,0.0,0.013,0.0,0.014,0.013,-0.165,0.0,0.0,0.0,,,,,,,,,,1,,,,,1327.8,,1327.83,,,,,,,,,,,,,,,,,,,,,,,,1331.06,1331.06,1331.06,1331.06,1331.06,1331.09,,,,,,,,,,,,,,,,,,,,,,,,,,,,,,,,,,,,,T1,,,,,,,
12558,0.069,-0.003,,-0.081,,0.069,,,,,,,,,,,,,,,,,,,,,,,,,,,,,,,,,,,,,,,,,,,,,,,,,,,,,,,,,,,,,,,,,,,,,,,,,,,,,,,,,,,,,,0.0,0.0,0.096,0.059,,-0.01,0.0,,0.0,1,549.5,549.5,549.54,,,,,,,,,,,,,,,,,,,,,,,,,,,,,,,,,,551.09,,551.1,551.11,,,,,,,,,,,,,,,,,,,,,,,,,,,,,,,,,,,,,,,,
42847,,,,,,,,,,-0.022,0.066,,,,,,-0.001,0.012,,,,,,,,,,,,,,,,,,,,,,,,,,,,,,,,,,,,,,,,,,,,,,,,,,,,,,,-0.035,,,0.058,-0.021,0.063,0.058,-0.031,-0.125,-0.119,0.0,0.029,0.0,0.008,0.013,-0.074,0.0,0.0,0.0,,,,,,,,,,1,,,,,,,927.71,,,,,,,,,,,,,,,,,,,,,,,,937.32,937.32,937.33,937.33,937.33,937.35,,,,,,,,,,,,,,,,,,,,,,,,,,,,,,,,,,,,,T1,,,,,,,
49974,,,,,,,,,,0.026,,-0.23,0.24,,,,0.06,0.104,,,,,,,,,,,,,,,,,,,,,,,,,,,,,,,,,,,,,,,,,,,,,,,,,,,,,,,,,,0.093,0.081,0.015,0.093,-0.024,0.007,,,,,0.009,0.013,0.108,0.0,0.0,0.0,,,,,,,,,,0,,,,,220.98,,221.0,,,,,,,,,,,,,,,,,,,,,,,,221.25,221.25,221.25,,221.25,221.27,,,,,,,,,,,,,,,,,,,,,,,,,,,,,,,,,,,,,T1,,,,,,,
18730,0.108,0.275,,0.019,,,,,-0.036,,,,,,,,,,,,,,,,,,,,,,,,,,,,,,,,,,,,,,,,,,,,,,,,,,,,,,,,,,,,,,,,,,,-0.056,-0.04,0.104,-0.056,-0.086,0.138,-0.011,0.0,-0.004,0.0,0.008,0.013,0.062,0.0,0.0,0.0,,,,,,,,,,1,1482.19,1482.2,,1482.23,,,,,,,,,,,,,,,,,,,,,,,,,,,1490.37,1490.37,1490.38,1490.38,1490.38,1490.39,,,,,,,,,,,,,,,,,,,,,,,,,,,,,,,,,,,,,T1,,,,,,,
4864,,,,,,,,,,,,,,,,,,,0.053,0.146,0.002,-0.098,,,0.027,-0.189,,,,,,,,,,,,,,,,,,,,,,,,,,,,,,,,,,,,,,,,,,,,,,,-0.035,,,-0.106,-0.098,0.063,-0.106,-0.051,0.112,-0.092,0.0,-0.013,0.0,0.013,0.013,0.108,0.0,,0.0,,,,,,,,,,0,,,,,,,,1032.0,1032.01,1032.01,,,,,,,,,,,,,,,,,,,,,1065.58,1065.58,1065.59,1065.59,1065.59,,,,,,,,,,,,,T1,,,T3,,,,,,,,,,,,,,,,,,,,,,T1,,,,,,,
23909,,,,,,,,,,,,,,,,,,,,,,,,,,,,,,,,,,,-0.132,,,-0.179,-0.029,,0.219,,,,,,,,,,,,,,,,,,,,,,,,,,,,,,,,,,,0.197,0.004,0.082,0.197,0.043,-0.02,,,,,0.014,0.013,0.108,0.0,0.0,0.0,,,,,,,,,,1,,,,,,,,,,,,,,449.18,,449.21,,,,,,,,,,,,,,,493.65,493.65,493.65,,493.65,493.68,,,,,,,,,,,,,,,,,,,,T1,,T1,,,,,,,,,,,,,,,T1,,,,,,,
5118,0.141,0.067,,,,,,,-0.008,,,,,,,,,,,,,,,,,,,,,,,,,,,,,,,,,,,,,,,,,,,,,,,,,,,,,,,,,,,,,,,,0.893,,,0.033,-0.021,0.063,0.033,-0.012,-0.23,0.178,0.0,0.012,0.0,0.014,0.013,-0.029,0.0,0.0,0.0,,,,,,,,,,0,925.49,,,925.53,,,,,,,,,,,,,,,,,,,,,,,,,,,930.28,930.28,930.28,930.28,930.28,930.31,,,,,,,,,,,,,,,,,,,,,,,,,,,,,,,,,,,,,,,,,,,,
37887,,,,,,,,,,0.006,,-0.079,-0.01,-0.006,0.106,,,,,,,,,,,,,,,,,,,,,,,,,,,,,,,,,,,,,,,,,,,,,,,,,,,,,,,,,,,,,-0.255,0.151,-0.029,-0.255,0.024,-0.072,,,,,0.011,0.013,0.062,0.0,,0.0,,,,,,,,,,0,,,,,202.65,202.67,,,,,,,,,,,,,,,,,,,,,,,,,203.23,203.23,203.24,,203.24,,,,,,,,,,,,,,,,,,,,,,,,,,,,,,,,,,,,,,,,,,,,,
55226,,,,,,,,,,,,,,,,,,,,,,,,,,,,,,,,,,,0.123,-0.008,0.092,,,-0.122,0.004,,,,,,,,,,,,,,,,,,,,,,,,,,,,,,-0.111,-0.137,,,,0.13,0.081,0.082,0.13,-0.008,-0.046,,,,,0.013,0.013,-0.029,0.0,,0.0,,,,,,,,,,0,,,,,,,,,,,,,,392.54,392.54,,,,,,,,,,,,,,425.94,,448.74,448.74,448.75,,448.75,,,,,,,,,,,,,,,,,,,,,T1,,,,,,,,,,,,,,,,,T1,,,,,,,
46351,0.003,-0.078,,0.019,,,-0.06,-0.002,,,,,,,,,,,,,,,,,,,,,,,,,,,,,,,,,,,,,,,,,,,,,,,,,,,,,,,,,,,,,,,,,,,,0.131,0.144,0.037,0.131,0.004,-0.125,,,,,0.013,0.013,,,,0.0,,,,,,,,,,1,273.23,273.24,,,,,,,,,,,,,,,,,,,,,,,,,,,,,274.68,274.68,274.68,,274.68,,,,,,,,,,,,,,,,,,,,,,,,,,,,,,,,,,,,,,T1,,,,,,,
25433,0.056,0.136,0.0,,,,,,-0.076,,,,,,,,,,,,,,,,,,,,,,,,,,,,,,,,,,,,,,,,,,,,,,,,,,,,,,,,,,,,,,,,,,,0.008,0.157,0.101,0.008,0.094,-0.072,-0.065,0.0,0.014,0.0,0.012,0.013,-0.074,0.0,0.0,0.0,,,,,,,,,,0,603.25,,,603.28,,,,,,,,,,,,,,,,,,,,,,,,,,,607.45,607.45,607.45,607.45,607.45,607.47,,,,,,,,,,,,,,,,,,,,,,,,,,,,,,,,,,,,,T1,,,,,,,
32247,0.088,-0.072,,0.019,0.336,,,,0.023,,,,,,,,,,,,,,,,,,,,,,,,,,,,,,,,,,,,,,,,,,,,,,,,,,,,,,,,,,,,,,,,,,,0.235,-0.098,0.082,0.235,0.031,-0.23,,,,,0.013,0.013,0.062,0.0,0.0,0.0,,,,,,,,,,0,520.23,520.24,,520.26,,,,,,,,,,,,,,,,,,,,,,,,,,,521.11,521.11,521.12,,521.12,521.13,,,,,,,,,,,,,,,,,,,,,,,,,,,,,,,,,,,,,,,,,,,,
45026,,,,,,,,,,,,,,,,,,,,,,,,,,,,,,,,,,,0.078,,,-0.385,,0.013,-0.077,,,,,,,,,,,,,,,,,,,,,,,,,,,,,,,,-0.035,,,0.109,0.036,0.057,0.109,0.067,0.086,-0.011,0.0,-0.004,0.0,0.013,0.013,0.153,0.0,0.0,0.0,,,,,,,,,,1,,,,,,,,,,,,,,762.42,,,,,,,,,,,,,,,,,777.44,777.44,777.44,777.44,777.44,777.46,,,,,,,,,,,,,,,,,,,,T1,,T1,,,,,,,,,,,,,,,T1,,,,,,,
28188,-0.029,-0.078,,0.019,-0.164,-0.014,,,,,,,,,,,,,,,,,,,,,,,,,,,,,,,,,,,,,,,,,,,,,,,,,,,,,,,,,,,,,,,,,-0.059,-0.012,,,,0.134,0.017,0.057,0.134,-0.051,0.059,0.043,0.0,-0.013,0.0,0.013,0.013,,,,0.0,,,,,,,,,,1,910.05,910.06,910.09,,,,,,,,,,,,,,,,,,,,,,,,,,911.45,,913.52,913.52,913.53,913.53,913.53,,,,,,,,,,,,,,,,,,,,,,,,,,,,,,,,,,,,,,,,,,,,,
12517,,,,,,,,,,,,,,,,,,,,,,,,,,,-0.107,-0.164,-0.154,,,0.009,,0.14,,,,,,,,,,,,,,,,,,,,,,,,,,,,,,,,,,,,,-0.081,-0.013,,,,0.081,-0.034,0.073,0.081,0.039,0.033,,,,,0.003,0.013,-0.165,0.0,,0.0,,,,,,,,,,0,,,,,,,,,,,398.98,399.0,399.01,,,,,,,,,,,,,,,,436.44,,459.28,459.28,459.29,,459.29,,,,,,,,,,,,,,,,,,T1,,,,,,,,,,,,,,,,,,,,T1,,,,,,,
41436,0.036,0.206,,0.019,,-0.04,,,,,,,,,,,,,,,,,,,,,,,,,,,,,,,,,,,,,,,,,,,,,,,,,,,,,,,,,,,,,,,,,,,,,,0.218,0.093,-0.029,0.218,0.047,0.059,,,,,0.012,0.013,0.017,0.0,0.0,0.0,,,,,,,,,,0,188.41,188.41,188.44,,,,,,,,,,,,,,,,,,,,,,,,,,,,188.89,188.89,188.89,,188.89,188.92,,,,,,,,,,,,,,,,,,,,,,,,,,,,,,,,,,,,,T1,,,,,,,
5397,,,,,,,,,,,,,,,,,,,,,,,,,,,,,,,,,,,0.149,,,0.031,,-0.021,0.261,,,,,,,,,,,,,,,,,,,,,,,,,,,,,,0.131,0.011,,,,0.033,-0.009,0.057,0.033,-0.055,0.112,-0.146,0.0,-0.004,0.0,0.017,0.013,-0.119,0.0,,0.0,,,,,,,,,,0,,,,,,,,,,,,,,744.27,,,,,,,,,,,,,,,768.93,,771.93,771.93,771.94,771.94,771.94,,,,,,,,,,,,,,,,,,,,,T1,,T1,,,,,,,,,,,,,,,T1,,,,,,,
54086,,,,,,,,,,-0.006,,-0.044,-0.01,,,0.086,,,,,,,,,,,,,,,,,,,,,,,,,,,,,,,,,,,,,,,,,,,,,,,,,,,,,,,,,,,,-0.132,-0.028,0.082,-0.132,-0.067,-0.099,0.097,0.0,0.022,0.0,0.008,0.013,-0.21,0.0,0.0,0.0,,,,,,,,,,0,,,,,1295.36,,,,,,,,,,,,,,,,,,,,,,,,,,1299.77,1299.77,1299.77,1299.77,1299.77,1299.79,,,,,,,,,,,,,,,,,,,,,,,,,,,,,,,,,,,,,T1,,,,,,,
52376,,,,,,,,,,,,,,,,,,,,,,,,,,,,,,,,,,,0.074,,,0.22,,0.02,-0.067,,,,,,,,,,,,,,,,,,,,,,,,,,,,,,0.066,0.046,,,,0.033,-0.002,0.057,0.033,0.035,-0.046,0.016,0.0,0.014,0.0,0.013,0.013,-0.256,0.0,,0.0,,,,,,,,,,0,,,,,,,,,,,,,,670.99,,,,,,,,,,,,,,,708.79,,710.93,710.93,710.94,710.94,710.94,,,,,,,,,,,,,,,,,,,,,T1,,T1,,,,,,,,,,,,,,,T1,,,,,,,
58946,,,,,,,,,,-0.014,,-0.312,,-0.075,-0.015,,,,,,,,,,,,,,,,,,,,,,,,,,,,,,,,,,,,,,,,,,,,,,,,,,,,,,,,,,,,,-0.225,-0.028,0.06,-0.225,,0.164,,,,,0.013,0.013,0.108,0.0,,0.0,,,,,,,,,,1,,,,,175.3,175.33,,,,,,,,,,,,,,,,,,,,,,,,,180.53,180.53,180.54,,180.54,,,,,,,,,,,,,,,,,,,,,,,,,,,,,,,,,,,,,,T1,,,,,,,
13562,0.049,-0.19,0.0,,0.336,,-0.083,-0.001,,,,,,,,,,,,,,,,,,,,,,,,,,,,,,,,,,,,,,,,,,,,,,,,,,,,,,,,,,,,,,,,,,,,-0.056,0.093,0.104,-0.056,-0.035,-0.046,-0.038,0.0,-0.013,0.0,0.011,0.013,0.199,0.0,,0.0,,,,,,,,,,0,1624.66,,,,,,,,,,,,,,,,,,,,,,,,,,,,,,1625.89,1625.89,1625.9,1625.9,1625.9,,,,,,,,,,,,,,,,,,,,,,,,,,,,,,,,,,,,,,T1,,,,,,,
44531,-0.075,0.088,,0.119,-0.164,,,,-0.02,,,,,,,,,,,,,,,,,,,,,,,,,,,,,,,,,,,,,,,,,,,,,,,,,,,,,,,,,,,,,,,,,,,0.02,0.017,0.104,0.02,-0.075,0.191,-0.065,0.0,-0.003,0.0,0.01,0.013,0.108,0.0,,0.0,,,,,,,,,,0,1458.07,1458.08,,1458.1,,,,,,,,,,,,,,,,,,,,,,,,,,,1460.31,1460.31,1460.31,1460.31,1460.31,,,,,,,,,,,,,,,,,,,,,,,,,,,,,,,,,,,,,,T1,,,,,,,
4137,0.023,-0.062,0.0,,-0.164,-0.071,,,,,,,,,,,,,,,,,,,,,,,,,,,,,,,,,,,,,,,,,,,,,,,,,,,,,,,,,,,,,,,,,,,,,,0.03,0.074,0.037,0.03,0.125,-0.125,,,,,0.014,0.013,-0.074,0.0,0.0,0.0,,,,,,,,,,0,321.08,,321.11,,,,,,,,,,,,,,,,,,,,,,,,,,,,322.67,322.67,322.68,,322.68,322.7,,,,,,,,,,,,,,,,,,,,,,,,,,,,,,,,,,,,,T1,,,,,,,
15107,-0.049,0.077,0.0,,,,-0.011,0.0,,,,,,,,,,,,,,,,,,,,,,,,,,,,,,,,,,,,,,,,,,,,,,,,,,,,,,,,,,,,,,,,,,,,-0.157,-0.04,0.104,-0.157,-0.075,-0.046,-0.038,0.0,-0.003,0.0,0.011,0.013,0.017,0.0,0.0,0.0,,,,,,,,,,0,1441.19,,,,,,,,,,,,,,,,,,,,,,,,,,,,,,1443.14,1443.14,1443.14,1443.14,1443.14,1443.16,,,,,,,,,,,,,,,,,,,,,,,,,,,,,,,,,,,,,T1,,,,,,,
56695,0.075,0.254,,0.019,-0.164,-0.066,,,,,,,,,,,,,,,,,,,,,,,,,,,,,,,,,,,,,,,,,,,,,,,,,,,,,,,,,,,,,,,,,,,-0.035,,,,,,,,,,,,,,,,,,,0.0,0.0,-0.047,0.016,,-0.094,0.0,0.069,0.0,0,835.05,835.06,835.08,,,,,,,,,,,,,,,,,,,,,,,,,,,,,,,,,,838.09,,838.11,838.11,,,,,,,,,,,,,,,,,,,,,,,,,,,,,,,,,,,,,,,,
20908,,,,,,,,,,,,,,,,,,,,,,,,,,,,,,,,,,,0.087,-0.008,0.271,,-0.165,,0.03,,,,,,,,,,,,,,,,,,,,,,,,,,,,,,,,,,,0.02,-0.085,0.082,0.02,-0.059,-0.178,-0.011,0.0,-0.003,0.0,0.01,0.013,0.062,0.0,0.0,0.0,,,,,,,,,,0,,,,,,,,,,,,,,1258.47,1258.48,1258.49,,,,,,,,,,,,,,,1311.46,1311.46,1311.46,1311.46,1311.46,1311.48,,,,,,,,,,,,,,,,,,,,T1,,,,,,,,,,,,,,,,,,,,,,,,
34150,0.003,-0.083,0.0,,,,0.025,0.001,,,,,,,,,,,,,,,,,,,,,,,,,,,,,,,,,,,,,,,,,,,,,,,,,,,,,,,,,,,,,,,,,,,,0.008,0.081,0.101,0.008,0.059,-0.362,-0.092,0.0,0.03,0.0,0.01,0.013,-0.165,0.0,,0.0,,,,,,,,,,1,670.69,,,,,,,,,,,,,,,,,,,,,,,,,,,,,,671.12,671.12,671.12,671.12,671.12,,,,,,,,,,,,,,,,,,,,,,,,,,,,,,,,,,,,,,T1,,,,,,,
39691,,,,,,,,,,,,,,,,,,,,,,,,,,,,,,,,,,,0.175,,,-0.394,-0.211,,-0.166,,,,,,,,,,,,,,,,,,,,,,,,,,,,,,0.436,-0.101,,,,0.02,-0.098,0.063,0.02,0.055,-0.046,0.178,0.0,-0.012,0.0,0.009,0.013,0.29,0.0,0.0,0.0,,,,,,,,,,0,,,,,,,,,,,,,,1172.8,,1172.81,,,,,,,,,,,,,1179.17,,1189.12,1189.12,1189.13,1189.13,1189.13,1189.14,,,,,,,,,,,,,,,,,,,,T1,,T1,,,,,,,,,,,,,,,T1,,,,,,,
18198,0.03,-0.121,,0.019,,,0.065,0.006,,,,,,,,,,,,,,,,,,,,,,,,,,,,,,,,,,,,,,,,,,,,,,,,,,,,,,,,,,,,,,,,,,,,-0.157,0.023,0.063,-0.157,-0.055,-0.072,0.124,0.0,-0.012,0.0,0.016,0.013,-0.074,0.0,0.0,0.0,,,,,,,,,,0,1210.13,1210.14,,,,,,,,,,,,,,,,,,,,,,,,,,,,,1211.3,1211.3,1211.31,1211.31,1211.31,1211.33,,,,,,,,,,,,,,,,,,,,,,,,,,,,,,,,,,,,,T1,,,,,,,
3667,0.108,-0.083,,0.019,-0.164,,,,0.043,,,,,,,,,,,,,,,,,,,,,,,,,,,,,,,,,,,,,,,,,,,,,,,,,,,,,,,,,,,,,,,,,,,-0.157,0.049,0.104,-0.157,0.071,0.086,0.205,0.0,-0.005,0.0,-0.969,-0.987,-0.074,0.0,0.0,0.0,,,,,,,,,,0,1596.5,1596.5,,1596.52,,,,,,,,,,,,,,,,,,,,,,,,,,,1601.2,1601.2,1601.26,1601.26,1601.26,1601.27,,,,,,,,,,,,,,,,,,,,,,,,,,,,,,,,,,,,,T1,,,,,,,
38710,0.056,0.024,0.0,,-0.164,,-0.134,-0.003,,,,,,,,,,,,,,,,,,,,,,,,,,,,,,,,,,,,,,,,,,,,,,,,,,,,,,,,,,,,,,,,,,,,0.21,0.081,0.063,0.21,-0.043,-0.02,-0.065,0.0,0.003,0.0,0.012,0.013,0.153,0.0,,0.0,,,,,,,,,,0,921.28,,,,,,,,,,,,,,,,,,,,,,,,,,,,,,923.56,923.56,923.56,923.56,923.56,,,,,,,,,,,,,,,,,,,,,,,,,,,,,,,,,,,,,,,,,,,,,
37148,,,,,,,,,,,,,,,,,,,,,,,,,,,,,,,,,,,,,,,,,,0.059,,,0.1,,0.049,-0.012,,,,,,,,,,,,,,,,,,,,,,,,,-0.035,,,0.205,-0.117,0.082,0.205,0.063,0.086,,,,,0.012,0.013,0.153,0.0,0.0,0.0,,,,,,,,,,1,,,,,,,,,,,,,,,,,391.87,391.98,391.98,,,,,,,,,,,,448.8,448.8,448.81,,448.81,448.83,,,,,,,,,,,,,,,,,,,,,,,,,,,,,,,,,,,,,T1,,,,,,,
4442,-0.062,-0.014,,0.019,-0.164,,,,0.06,,,,,,,,,,,,,,,,,,,,,,,,,,,,,,,,,,,,,,,,,,,,,,,,,,,,,,,,,,,,,,,,,,,-0.206,-0.002,0.037,-0.206,0.071,0.007,,,,,0.009,0.013,-0.074,0.0,0.0,0.0,,,,,,,,,,0,257.39,257.4,,257.42,,,,,,,,,,,,,,,,,,,,,,,,,,,257.91,257.91,257.92,,257.92,257.94,,,,,,,,,,,,,,,,,,,,,,,,,,,,,,,,,,,,,T1,,,,,,,
27071,,,,,,,,,,0.022,,-0.357,-0.01,,,-0.004,,,,,,,,,,,,,,,,,,,,,,,,,,,,,,,,,,,,,,,,,,,,,,,,,,,,,,,,,,,,0.251,0.023,-0.029,0.251,0.122,-0.02,,,,,0.01,0.013,,,0.0,0.0,,,,,,,,,,1,,,,,197.53,,,,,,,,,,,,,,,,,,,,,,,,,,198.18,198.18,198.18,,198.18,198.22,,,,,,,,,,,,,,,,,,,,,,,,,,,,,,,,,,,,,T1,,,,,,,
6700,0.128,0.136,0.0,,,-0.005,,,,,,,,,,,,,,,,,,,,,,,,,,,,,,,,,,,,,,,,,,,,,,,,,,,,,,,,,,,,,,,,,,,,,,-0.031,-0.021,0.063,-0.031,0.047,0.086,-0.173,0.0,-0.011,0.0,0.011,0.013,0.017,0.0,,0.0,,,,,,,,,,0,975.53,,975.57,,,,,,,,,,,,,,,,,,,,,,,,,,,,978.11,978.11,978.11,978.11,978.11,,,,,,,,,,,,,,,,,,,,,,,,,,,,,,,,,,,,,,T1,,,,,,,
47532,0.147,-0.072,0.0,,,0.055,,,,,,,,,,,,,,,,,,,,,,,,,,,,,,,,,,,,,,,,,,,,,,,,,,,,,,,,,,,,,,,,,,,,,,-0.056,0.061,0.104,-0.056,-0.043,0.191,0.07,0.0,0.012,0.0,0.011,0.013,-0.029,0.0,,0.0,,,,,,,,,,0,1645.16,,1645.18,,,,,,,,,,,,,,,,,,,,,,,,,,,,1649.19,1649.19,1649.2,1649.2,1649.2,,,,,,,,,,,,,,,,,,,,,,,,,,,,,,,,,,,,,,T1,,,,,,,
6566,0.056,0.045,0.0,,0.336,,,,0.076,,,,,,,,,,,,,,,,,,,,,,,,,,,,,,,,,,,,,,,,,,,,,,,,,,,,,,,,,,,,,,,,,,,-0.157,-0.028,0.104,-0.157,-0.082,0.059,0.016,0.0,-0.005,0.0,0.017,0.013,-0.165,0.0,0.0,0.0,,,,,,,,,,0,1509.0,,,1509.03,,,,,,,,,,,,,,,,,,,,,,,,,,,1511.97,1511.97,1511.97,1511.97,1511.97,1512.0,,,,,,,,,,,,,,,,,,,,,,,,,,,,,,,,,,,,,T1,,,,,,,
13836,-0.16,-0.083,0.0,,-0.164,,,,-0.028,,,,,,,,,,,,,,,,,,,,,,,,,,,,,,,,,,,,,,,,,,,,,,,,,,,,,,,,,,,,,,,,,,,,,,,,,,,,,,,,,,,0.0,0.0,0.009,-0.013,,-0.279,0.0,-0.131,0.0,0,1377.45,,,1377.92,,,,,,,,,,,,,,,,,,,,,,,,,,,,,,,,,1378.45,,1378.47,1378.47,,,,,,,,,,,,,,,,,,,,,,,,,,,,,,,,,,,,,,,,
18908,0.023,0.131,0.0,,,0.021,,,,,,,,,,,,,,,,,,,,,,,,,,,,,,,,,,,,,,,,,,,,,,,,,,,,,,,,,,,,,,,,,,,,,,0.323,-0.111,0.082,0.323,0.024,-0.125,,,,,0.008,0.013,-0.029,0.0,0.0,0.0,,,,,,,,,,0,515.77,,515.79,,,,,,,,,,,,,,,,,,,,,,,,,,,,518.02,518.02,518.02,,518.02,518.04,,,,,,,,,,,,,,,,,,,,,,,,,,,,,,,,,,,,,,,,,,,,
53946,,,,,,,,,,,,,,,,,,,,,,,,,,,,,,,,,,,,,,,,,,,,,,,,,,,,,,,,,,,,,,,,,,,,,,,,,,,,0.256,-0.155,-0.725,0.256,,-0.072,,,,,0.01,0.013,0.062,0.0,0.0,0.0,,,,,,,,,,0,,,,,,,,,,,,,,,,,,,,,,,,,,,,,,,0.69,0.69,0.7,,0.7,0.72,,,,,,,,,,,,,,,,,,,,,,,,,,,,,,,,,,,,,T1,,,,,,,
12800,0.082,0.131,0.0,,,,-0.068,0.001,,,,,,,,,,,,,,,,,,,,,,,,,,,,,,,,,,,,,,,,,,,,,,,,,,,,,,,,,,,,,,,,,,,,0.181,-0.021,0.037,0.181,0.082,-0.178,,,,,0.007,0.013,0.153,0.0,0.0,0.0,,,,,,,,,,0,339.45,,,,,,,,,,,,,,,,,,,,,,,,,,,,,,341.09,341.09,341.09,,341.09,341.11,,,,,,,,,,,,,,,,,,,,,,,,,,,,,,,,,,,,,T1,,,,,,,
23186,-0.167,-0.195,0.0,,,,,,0.045,,,,,,,,,,,,,,,,,,,,,,,,,,,,,,,,,,,,,,,,,,,,,,,,,,,,,,,,,,,,,,,,,,,0.155,0.157,-0.68,0.155,,-0.02,,,,,0.014,0.013,0.199,0.0,0.0,0.0,,,,,,,,,,0,21.86,,,21.89,,,,,,,,,,,,,,,,,,,,,,,,,,,34.41,34.41,34.42,,34.42,34.46,,,,,,,,,,,,,,,,,,,,,,,,,,,,,,,,,,,,,T1,,,,,,,
53615,0.01,-0.051,0.0,,,,0.102,0.001,,,,,,,,,,,,,,,,,,,,,,,,,,,,,,,,,,,,,,,,,,,,,,,,,,,,,,,,,,,,,,,,,,,,0.092,0.106,-0.702,0.092,,0.033,,,,,0.01,0.013,0.108,0.0,0.0,0.0,,,,,,,,,,0,105.5,,,,,,,,,,,,,,,,,,,,,,,,,,,,,,107.18,107.18,107.18,,107.18,107.21,,,,,,,,,,,,,,,,,,,,,,,,,,,,,,,,,,,,,T1,,,,,,,
26459,-0.14,-0.163,,0.019,-0.164,,-0.083,0.0,,,,,,,,,,,,,,,,,,,,,,,,,,,,,,,,,,,,,,,,,,,,,,,,,,,,,,,,,,,,,,,,,,,,-0.156,-0.091,0.037,-0.156,0.086,-0.072,,,,,0.016,0.013,-0.029,0.0,0.0,0.0,,,,,,,,,,0,258.84,258.85,,,,,,,,,,,,,,,,,,,,,,,,,,,,,259.21,259.21,259.21,,259.21,259.24,,,,,,,,,,,,,,,,,,,,,,,,,,,,,,,,,,,,,T1,,,,,,,
36210,0.056,-0.051,0.0,,,,0.019,0.0,,,,,,,,,,,,,,,,,,,,,,,,,,,,,,,,,,,,,,,,,,,,,,,,,,,,,,,,,,,,,,,,,,,,-0.022,-0.04,0.082,-0.022,0.098,-0.125,-0.011,0.0,0.013,0.0,0.011,0.013,-0.074,0.0,0.0,0.0,,,,,,,,,,0,575.93,,,,,,,,,,,,,,,,,,,,,,,,,,,,,,583.17,583.17,583.17,583.17,583.17,583.19,,,,,,,,,,,,,,,,,,,,,,,,,,,,,,,,,,,,,T1,,,,,,,
2861,,,,,,,,,,-0.006,,-0.231,-0.01,-0.069,-0.19,,,,,,,,,,,,,,,,,,,,,,,,,,,,,,,,,,,,,,,,,,,,,,,,,,,,,,,,,,,,,-0.132,-0.149,0.063,-0.132,-0.02,-0.099,-0.065,0.0,-0.005,0.0,0.016,0.013,0.017,0.0,,0.0,,,,,,,,,,0,,,,,1088.98,1089.01,,,,,,,,,,,,,,,,,,,,,,,,,1090.27,1090.27,1090.27,1090.27,1090.27,,,,,,,,,,,,,,,,,,,,,,,,,,,,,,,,,,,,,,T1,,,,,,,
3139,-0.075,0.008,0.0,,,,,,0.022,,,,,,,,,,,,,,,,,,,,,,,,,,,,,,,,,,,,,,,,,,,,,,,,,,,,,,,,,,,,,,,,,,,-0.081,-0.066,0.082,-0.081,-0.059,0.059,0.016,0.0,0.004,0.0,0.009,0.013,0.108,0.0,0.0,0.0,,,,,,,,,,0,1391.07,,,1391.11,,,,,,,,,,,,,,,,,,,,,,,,,,,1392.03,1392.03,1392.03,1392.03,1392.03,1392.05,,,,,,,,,,,,,,,,,,,,,,,,,,,,,,,,,,,,,T1,,,,,,,
40131,0.043,0.019,0.0,,,,,,0.007,,,,,,,,,,,,,,,,,,,,,,,,,,,,,,,,,,,,,,,,,,,,,,,,,,,,,,,,,,,,,,,,,,,-0.056,-0.009,0.082,-0.056,-0.075,0.086,0.097,0.0,0.004,0.0,0.009,0.013,,,,0.0,,,,,,,,,,0,1390.84,,,1390.88,,,,,,,,,,,,,,,,,,,,,,,,,,,1392.0,1392.0,1392.0,1392.0,1392.0,,,,,,,,,,,,,,,,,,,,,,,,,,,,,,,,,,,,,,,,,,,,,
54702,0.01,0.115,,-0.081,,,,,-0.114,,,,,,,,,,,,,,,,,,,,,,,,,,,,,,,,,,,,,,,,,,,,,,,,,,,,,,,,,,,,,,,,,,,0.058,0.042,0.101,0.058,0.016,-0.125,-0.092,0.0,0.013,0.0,0.009,0.013,-0.074,0.0,,0.0,,,,,,,,,,0,610.9,610.91,,610.96,,,,,,,,,,,,,,,,,,,,,,,,,,,617.28,617.28,617.29,617.29,617.29,,,,,,,,,,,,,,,,,,,,,,,,,,,,,,,,,,,,,,T1,,,,,,,
18083,0.023,0.088,,0.019,-0.164,,,,-0.127,,,,,,,,,,,,,,,,,,,,,,,,,,,,,,,,,,,,,,,,,,,,,,,,,,,,,,,,,,,,,,,,,,,0.134,-0.117,0.101,0.134,0.0,-0.046,-0.092,0.0,-0.012,0.0,0.007,0.013,-0.029,0.0,0.0,0.0,,,,,,,,,,0,611.52,611.52,,611.54,,,,,,,,,,,,,,,,,,,,,,,,,,,617.69,617.69,617.69,617.69,617.69,617.7,,,,,,,,,,,,,,,,,,,,,,,,,,,,,,,,,,,,,T1,,,,,,,
33748,,,,,,,,,,-0.022,,0.292,-0.01,,,0.072,,,,,,,,,,,,,,,,,,,,,,,,,,,,,,,,,,,,,,,,,,,,,,,,,,,,,,,,,,,,0.029,-0.002,0.037,0.029,-0.016,-0.046,,,,,0.011,0.013,0.153,0.0,0.0,0.0,,,,,,,,,,0,,,,,349.04,,,,,,,,,,,,,,,,,,,,,,,,,,351.17,351.17,351.18,,351.18,351.2,,,,,,,,,,,,,,,,,,,,,,,,,,,,,,,,,,,,,T1,,,,,,,
41146,0.049,0.109,0.0,,,,,,0.058,,,,,,,,,,,,,,,,,,,,,,,,,,,,,,,,,,,,,,,,,,,,,,,,,,,,,,,,,,,,,,,,,,,-0.081,-0.066,0.082,-0.081,-0.059,-0.02,0.043,0.0,0.022,0.0,0.008,0.013,,0.0,0.0,0.0,,,,,,,,,,1,1394.32,,,1394.35,,,,,,,,,,,,,,,,,,,,,,,,,,,1395.17,1395.17,1395.18,1395.18,1395.18,1395.22,,,,,,,,,,,,,,,,,,,,,,,,,,,,,,,,,,,,,T1,,,,,,,
30990,,,,,,,,,,-0.006,-0.034,,-0.01,,,,-0.038,-0.233,,,,,,,,,,,,,,,,,,,,,,,,,,,,,,,,,,,,,,,,,,,,,,,,,,,,,,,,,,-0.056,-0.104,0.082,-0.056,-0.071,0.007,0.124,0.0,-0.012,0.0,0.011,0.013,0.062,0.0,0.0,0.0,,,,,,,,,,0,,,,,,,1291.81,,,,,,,,,,,,,,,,,,,,,,,,1295.41,1295.41,1295.41,1295.41,1295.41,1295.43,,,,,,,,,,,,,,,,,,,,,,,,,,,,,,,,,,,,,,,,,,,,
49924,-0.101,-0.04,0.0,,,,,,0.087,,,,,,,,,,,,,,,,,,,,,,,,,,,,,,,,,,,,,,,,,,,,,,,,,,,,,,,,,,,,,,,,,,,-0.185,0.03,0.015,-0.185,0.141,-0.02,,,,,0.011,0.013,0.108,0.0,0.0,0.0,,,,,,,,,,0,223.86,,,223.89,,,,,,,,,,,,,,,,,,,,,,,,,,,231.59,231.59,231.59,,231.59,231.62,,,,,,,,,,,,,,,,,,,,,,,,,,,,,,,,,,,,,,,,,,,,
20152,0.003,-0.03,0.0,,,,,,-0.119,,,,,,,,,,,,,,,,,,,,,,,,,,,,,,,,,,,,,,,,,,,,,,,,,,,,,,,,,,,,,,,,,,,-0.047,0.042,0.037,-0.047,-0.008,-0.046,,,,,0.014,0.013,0.108,0.0,0.0,0.0,,,,,,,,,,0,351.94,,,351.97,,,,,,,,,,,,,,,,,,,,,,,,,,,352.7,352.7,352.71,,352.71,352.72,,,,,,,,,,,,,,,,,,,,,,,,,,,,,,,,,,,,,,,,,,,,
34013,,,,,,,,,,0.002,,-0.342,-0.01,0.051,0.089,,,,,,,,,,,,,,,,,,,,,,,,,,,,,,,,,,,,,,,,,,,,,,,,,,,,,,,,,,,,,0.146,-0.066,0.082,0.146,0.024,-0.151,,,,,0.014,0.013,-0.21,0.0,,0.0,,,,,,,,,,0,,,,,508.72,508.75,,,,,,,,,,,,,,,,,,,,,,,,,510.0,510.0,510.0,,510.0,,,,,,,,,,,,,,,,,,,,,,,,,,,,,,,,,,,,,,T1,,,,,,,
44827,-0.023,0.083,,0.019,0.336,,,,-0.002,,,,,,,,,,,,,,,,,,,,,,,,,,,,,,,,,,,,,,,,,,,,,,,,,,,,,,,,,,,,,,,,,,,-0.031,-0.053,0.082,-0.031,-0.055,0.112,0.016,0.0,0.022,0.0,0.012,0.013,0.062,0.0,,0.0,,,,,,,,,,0,1271.81,1271.82,,1271.84,,,,,,,,,,,,,,,,,,,,,,,,,,,1276.74,1276.74,1276.74,1276.74,1276.74,,,,,,,,,,,,,,,,,,,,,,,,,,,,,,,,,,,,,,T1,,,,,,,
32987,,,,,,,,,,,,,,,,,,,,,,,,,,,,,,,,,,,-0.147,,,-0.174,0.08,,0.006,,,,,,,,,,,,,,,,,,,,,,,,,,,,,,,,,,,0.247,-0.104,0.082,0.247,0.016,-0.178,,,,,0.011,0.013,0.153,0.0,,0.0,,,,,,,,,,1,,,,,,,,,,,,,,449.19,,449.22,,,,,,,,,,,,,,,493.65,493.65,493.65,,493.65,,,,,,,,,,,,,,,,,,,,,T1,,T1,,,,,,,,,,,,,,,T1,,,,,,,
47558,,,,,,,,,,,,,,,,,,,,,,,,,,,,,,,,,,,-0.166,,,0.138,,-0.034,-0.001,,,,,,,,,,,,,,,,,,,,,,,,,,,,,,-0.072,-0.048,,,,-0.157,-0.04,0.063,-0.157,-0.055,-0.072,-0.2,0.0,0.006,0.0,0.019,0.013,-0.074,0.0,,0.0,,,,,,,,,,0,,,,,,,,,,,,,,1054.79,,,,,,,,,,,,,,,1081.2,,1088.17,1088.17,1088.17,1088.17,1088.17,,,,,,,,,,,,,,,,,,,,,T1,,T1,,,,,,,,,,,,,,,T1,,,,,,,
10850,-0.082,-0.142,,0.019,0.336,-0.029,,,,,,,,,,,,,,,,,,,,,,,,,,,,,,,,,,,,,,,,,,,,,,,,,,,,,,,,,,,,,,,,,,,-0.035,,,0.16,0.017,0.063,0.16,0.051,-0.178,-0.038,0.0,0.029,0.0,0.012,0.013,0.108,0.0,,0.0,,,,,,,,,,1,956.44,956.44,956.46,,,,,,,,,,,,,,,,,,,,,,,,,,,,959.68,959.68,959.68,959.68,959.68,,,,,,,,,,,,,,,,,,,,,,,,,,,,,,,,,,,,,,T1,,,,,,,
40344,0.036,0.04,0.0,,,,-0.009,0.001,,,,,,,,,,,,,,,,,,,,,,,,,,,,,,,,,,,,,,,,,,,,,,,,,,,,,,,,,,,,,,,,,,,,0.109,-0.04,0.057,0.109,0.0,0.033,0.016,0.0,-0.013,0.0,0.014,0.013,,,0.0,0.0,,,,,,,,,,0,888.33,,,,,,,,,,,,,,,,,,,,,,,,,,,,,,892.28,892.28,892.29,892.29,892.29,894.08,,,,,,,,,,,,,,,,,,,,,,,,,,,,,,,,,,,,,T1,,,,,,,
6540,0.01,0.136,0.0,,0.336,0.015,,,,,,,,,,,,,,,,,,,,,,,,,,,,,,,,,,,,,,,,,,,,,,,,,,,,,,,,,,,,,,,,,,,,,,0.205,0.049,-0.657,0.205,-0.016,-0.02,,,,,0.013,0.013,0.108,0.0,0.0,0.0,,,,,,,,,,0,36.31,,36.37,,,,,,,,,,,,,,,,,,,,,,,,,,,,38.6,38.6,38.6,,38.6,38.62,,,,,,,,,,,,,,,,,,,,,,,,,,,,,,,,,,,,,T1,,,,,,,
51325,,,,,,,,,,,,,,,,,,,,,,,,,,,,,,,,,,,-0.136,-0.008,-0.073,,0.026,,-0.09,,,,,,,,,,,,,,,,,,,,,,,,,,,,,,0.116,0.092,,,,0.033,0.049,0.057,0.033,-0.02,0.007,-0.065,0.0,0.004,0.0,0.013,0.013,-0.165,0.0,0.0,0.0,,,,,,,,,,0,,,,,,,,,,,,,,706.93,707.01,707.02,,,,,,,,,,,,,743.23,,745.13,745.13,745.14,745.14,745.14,745.16,,,,,,,,,,,,,,,,,,,,T1,,,,,,,,,,,,,,,,,T1,,,,,,,
25364,,,,,,,,,,,,,,,,,,,,,,,,,,,,,,,,,,,,,,,,,,,,,,,,,,,,,,,,,,,,,,,,-0.228,-0.02,,0.043,-0.065,-0.248,-0.042,-0.207,0.064,,,,-0.106,-0.034,0.063,-0.106,-0.016,-0.072,0.043,0.0,0.021,0.0,0.014,0.013,-0.074,0.0,,0.0,,,,,,,,,,0,,,,,,,,,,,,,,,,,,,,,,,,,,1148.58,1148.58,1148.59,1172.06,,1175.8,1175.8,1175.81,1175.81,1175.81,,,,,,,,,,,,,,,,,,,,,,,,,,,,,,,,,,,,,,T1,,,,,,,
40872,,,,,,,,,,,,,,,,,,,,,,,,,,,,,,,,,,,,,,,,,,-0.036,,,-0.029,0.025,,-0.066,,,,,,,,,,,,,,,,,,,,,,,,,-0.035,,,0.07,0.03,0.063,0.07,0.086,0.164,-0.011,0.0,0.02,0.0,0.01,0.013,0.29,0.0,0.0,0.0,,,,,,,,,,0,,,,,,,,,,,,,,,,,1038.9,1039.01,,,,,,,,,,,,,1072.73,1072.73,1072.73,1072.73,1072.73,1072.75,,,,,,,,,,,,,,,,,,,,,,,,,,,,,,,,,,,,,T1,,,,,,,
27786,,,,,,,,,,,,,,,,,,,,,,,,,,,,,,,,,,,0.074,-0.119,0.068,,,0.067,0.055,,,,,,,,,,,,,,,,,,,,,,,,,,,,,,,,-0.035,,,0.058,-0.13,0.057,0.058,-0.031,-0.125,-0.038,0.0,0.004,0.0,0.013,0.013,0.017,0.0,,0.0,,,,,,,,,,0,,,,,,,,,,,,,,704.11,704.12,,,,,,,,,,,,,,,,743.24,743.24,743.25,743.25,743.25,,,,,,,,,,,,,,,,,,,,,T1,,,,,,,,,,,,,,,,,T1,,,,,,,
1053,,,,,,,,,,0.002,-0.034,,-0.01,,,0.04,,,,,,,,,,,,,,,,,,,,,,,,,,,,,,,,,,,,,,,,,,,,,,,,,,,,,,,,,,,,-0.046,0.055,0.037,-0.046,0.09,-0.178,,,,,0.012,0.013,0.108,0.0,,0.0,,,,,,,,,,1,,,,,,,,,,,,,,,,,,,,,,,,,,,,,,,302.06,302.06,302.07,,302.07,,,,,,,,,,,,,,,,,,,,,,,,,,,,,,,,,,,,,,T1,,,,,,,
21696,,,,,,,,,,,,,,,,,,,,,,,,,,,-0.08,-0.192,0.291,,,,-0.105,-0.076,,,,,,,,,,,,,,,,,,,,,,,,,,,,,,,,,,,,,,,-0.035,,,0.205,-0.009,0.037,0.205,0.09,-0.02,,,,,0.017,0.013,0.017,0.0,0.0,0.0,,,,,,,,,,0,,,,,,,,,,,383.07,383.09,,,,,,,,,,,,,,,,,,,427.17,427.17,427.18,,427.18,427.19,,,,,,,,,,,,,,,,,T1,,,,,,,,,,,,,,,,,,,,T1,,,,,,,
2952,,,,,,,,,,,,,,,,,,,,,,,,,,,,,,,,,,,0.121,,,0.158,-0.056,,-0.086,,,,,,,,,,,,,,,,,,,,,,,,,,,,,,,,-0.035,,,-0.031,-0.072,0.063,-0.031,-0.004,-0.02,0.043,0.0,-0.013,0.0,0.02,0.013,-0.029,0.0,0.0,0.0,,,,,,,,,,0,,,,,,,,,,,,,,972.54,,972.6,,,,,,,,,,,,,,,990.48,990.48,990.49,990.49,990.49,990.5,,,,,,,,,,,,,,,,,,,,T1,,T1,,,,,,,,,,,,,,,,,,,,,,
8614,,,,,,,,,,,,,,,,,,,,,,,,,,,,,,,,,,,-0.083,,,-0.055,,-0.054,0.029,,,,,,,,,,,,,,,,,,,,,,,,,,,,,,0.024,-0.091,,,,-0.056,0.068,0.063,-0.056,-0.059,-0.099,0.043,0.0,-0.003,0.0,0.009,0.013,-0.074,0.0,,0.0,,,,,,,,,,0,,,,,,,,,,,,,,1048.94,,,,,,,,,,,,,,,1077.76,,1081.42,1081.42,1081.42,1081.42,1081.42,,,,,,,,,,,,,,,,,,,,,T1,,T1,,,,,,,,,,,,,,,,,,,,,,
58942,,,,,,,,,,,,,,,,,,,,,,,,,,,,,,,,,,,,,,,,,,,,,,,,,,,-0.003,-0.004,,,-0.147,-0.248,,,,,,,,,,,,,,,-0.127,-0.091,,,,-0.106,-0.13,0.063,-0.106,-0.035,0.033,0.016,0.0,-0.013,0.0,0.009,0.013,-0.029,0.0,0.0,0.0,,,,,,,,,,0,,,,,,,,,,,,,,,,,,,,,982.89,982.9,,,,,,,996.6,,998.31,998.31,998.32,998.32,998.32,998.33,,,,,,,,,,,,,,,,,,,,,,,,,,,,,,,,,,,,,,,,,,,,
29275,-0.049,-0.04,0.0,,,,,,0.051,,,,,,,,,,,,,,,,,,,,,,,,,,,,,,,,,,,,,,,,,,,,,,,,,,,,,,,,,,,,,,,,,,,-0.282,-0.015,0.037,-0.282,0.004,-0.099,,,,,0.011,0.013,-0.119,0.0,,0.0,,,,,,,,,,1,257.7,,,257.78,,,,,,,,,,,,,,,,,,,,,,,,,,,258.21,258.21,258.21,,258.21,,,,,,,,,,,,,,,,,,,,,,,,,,,,,,,,,,,,,,T1,,,,,,,
36374,,,,,,,,,,,,,,,,,,,,,,,,,,,,,,,,,,,-0.164,,,-0.152,,0.027,-0.074,,,,,,,,,,,,,,,,,,,,,,,,,,,,,,-0.016,0.037,,,,0.084,-0.009,0.057,0.084,0.055,-0.204,0.016,0.0,-0.012,0.0,0.017,0.013,-0.119,0.0,0.0,0.0,,,,,,,,,,0,,,,,,,,,,,,,,676.66,,,,,,,,,,,,,,,709.79,,718.4,718.4,718.4,718.4,718.4,718.42,,,,,,,,,,,,,,,,,,,,T1,,T1,,,,,,,,,,,,,,,T1,,,,,,,
4090,-0.153,-0.126,,-0.081,0.336,,,,0.099,,,,,,,,,,,,,,,,,,,,,,,,,,,,,,,,,,,,,,,,,,,,,,,,,,,,,,,,,,,,,,,,,,,0.068,-0.009,0.015,0.068,-0.031,-0.151,,,,,0.014,0.013,0.108,0.0,0.0,0.0,,,,,,,,,,0,219.77,219.78,,219.81,,,,,,,,,,,,,,,,,,,,,,,,,,,223.78,223.78,223.78,,223.78,223.8,,,,,,,,,,,,,,,,,,,,,,,,,,,,,,,,,,,,,,,,,,,,
55656,,,,,,,,,,,,,,,,,,,,,,,,,,,,,,,,,,,,,,,,,,0.012,-0.001,-0.001,,,0.119,0.007,,,,,,,,,,,,,,,,,,,,,,,,,-0.035,,,-0.106,-0.021,0.063,-0.106,-0.02,0.086,-0.146,0.0,-0.013,0.0,0.014,0.013,-0.029,0.0,0.0,0.0,,,,,,,,,,0,,,,,,,,,,,,,,,,,969.47,,969.61,,,,,,,,,,,,991.49,991.49,991.49,991.49,991.49,991.51,,,,,,,,,,,,,,,,,,,,,,,,,,,,,,,,,,,,,T1,,,,,,,
58448,-0.121,-0.137,0.0,,0.336,,,,0.096,,,,,,,,,,,,,,,,,,,,,,,,,,,,,,,,,,,,,,,,,,,,,,,,,,,,,,,,,,,,,,,,,,,0.155,0.106,-0.68,0.155,0.125,0.059,,,,,0.012,0.013,0.062,0.0,,0.0,,,,,,,,,,0,21.4,,,21.44,,,,,,,,,,,,,,,,,,,,,,,,,,,34.35,34.35,34.35,,34.35,,,,,,,,,,,,,,,,,,,,,,,,,,,,,,,,,,,,,,T1,,,,,,,
47284,-0.042,-0.03,,-0.081,,0.258,,,,,,,,,,,,,,,,,,,,,,,,,,,,,,,,,,,,,,,,,,,,,,,,,,,,,,,,,,,,,,,,,,,,,,0.205,0.112,-0.702,0.205,0.102,0.007,,,,,0.012,0.013,0.062,0.0,0.0,0.0,,,,,,,,,,0,63.36,63.36,63.4,,,,,,,,,,,,,,,,,,,,,,,,,,,,66.25,66.25,66.25,,66.25,66.27,,,,,,,,,,,,,,,,,,,,,,,,,,,,,,,,,,,,,,,,,,,,
34097,,,,,,,,,,-0.018,,-0.028,-0.01,,,0.024,,,,,,,,,,,,,,,,,,,,,,,,,,,,,,,,,,,,,,,,,,,,,,,,,,,,,,,,,,,,-0.005,-0.047,0.063,-0.005,-0.039,0.059,-0.011,0.0,0.024,0.0,0.011,0.013,0.199,0.0,0.0,0.0,,,,,,,,,,0,,,,,1125.07,,,,,,,,,,,,,,,,,,,,,,,,,,1127.07,1127.07,1127.07,1127.07,1127.07,1127.09,,,,,,,,,,,,,,,,,,,,,,,,,,,,,,,,,,,,,,,,,,,,
12855,-0.068,-0.142,0.0,,,,-0.056,0.002,,,,,,,,,,,,,,,,,,,,,,,,,,,,,,,,,,,,,,,,,,,,,,,,,,,,,,,,,,,,,,,,,,,,0.045,0.023,0.063,0.045,-0.055,-0.02,0.097,0.0,0.011,0.0,0.013,0.013,0.108,0.0,,0.0,,,,,,,,,,0,1096.07,,,,,,,,,,,,,,,,,,,,,,,,,,,,,,1097.39,1097.39,1097.4,1097.4,1097.4,,,,,,,,,,,,,,,,,,,,,,,,,,,,,,,,,,,,,,T1,,,,,,,
1615,,,,,,,,,,,,,,,,,,,,,,,,,,,,,,,,,,,-0.252,,,-0.29,,-0.108,0.031,,,,,,,,,,,,,,,,,,,,,,,,,,,,,,0.104,0.024,,,,-0.106,-0.066,0.063,-0.106,-0.055,0.138,0.07,0.0,0.013,0.0,0.009,0.013,-0.029,0.0,,0.0,,,,,,,,,,0,,,,,,,,,,,,,,1188.02,,,,,,,,,,,,,,,1194.58,,1205.39,1205.39,1205.4,1205.4,1205.4,,,,,,,,,,,,,,,,,,,,,T1,,T1,,,,,,,,,,,,,,,T1,,,,,,,
49252,-0.003,0.104,,0.019,-0.164,-0.017,,,,,,,,,,,,,,,,,,,,,,,,,,,,,,,,,,,,,,,,,,,,,,,,,,,,,,,,,,,,,,,,,,,-0.035,,,0.058,-0.002,0.063,0.058,,-0.151,0.016,0.0,0.006,0.0,-0.969,-0.987,-0.074,0.0,,0.0,,,,,,,,,,0,936.88,936.88,936.91,,,,,,,,,,,,,,,,,,,,,,,,,,,,941.47,941.47,941.51,941.51,941.51,,,,,,,,,,,,,,,,,,,,,,,,,,,,,,,,,,,,,,T1,,,,,,,
26172,,,,,,,,,,,,,,,,,,,,,,,,,,,0.046,-0.257,0.337,,,,-0.066,-0.11,,,,,,,,,,,,,,,,,,,,,,,,,,,,,,,,,,,,,-0.039,-0.201,,,,-0.081,-0.066,0.063,-0.081,-0.016,-0.046,-0.065,0.0,0.033,0.0,0.013,0.013,0.017,0.0,0.0,0.0,,,,,,,,,,0,,,,,,,,,,,992.12,992.19,,,,,,,,,,,,,,,,,1003.07,,1007.01,1007.01,1007.02,1007.02,1007.02,1007.03,,,,,,,,,,,,,,,,,T1,,,,,,,,,,,,,,,,,,,,T1,,,,,,,
47116,0.069,-0.083,0.0,,,,-0.074,0.0,,,,,,,,,,,,,,,,,,,,,,,,,,,,,,,,,,,,,,,,,,,,,,,,,,,,,,,,,,,,,,,,,,,,-0.106,-0.002,0.104,-0.106,-0.051,0.112,-0.038,0.0,-0.013,0.0,0.011,0.013,0.017,0.0,,0.0,,,,,,,,,,0,1625.78,,,,,,,,,,,,,,,,,,,,,,,,,,,,,,1628.21,1628.21,1628.21,1628.21,1628.21,,,,,,,,,,,,,,,,,,,,,,,,,,,,,,,,,,,,,,T1,,,,,,,
49705,,,,,,,,,,,,,,,,,,,,,,,,,,,-0.038,-0.037,-0.25,,,,-0.007,-0.028,,,,,,,,,,,,,,,,,,,,,,,,,,,,,,,,,,,,,0.072,-0.012,,,,0.134,-0.015,0.057,0.134,-0.016,0.059,-0.065,0.0,-0.013,0.0,0.018,0.013,0.108,0.0,0.0,0.0,,,,,,,,,,0,,,,,,,,,,,786.66,786.68,,,,,,,,,,,,,,,,,790.36,,795.38,795.38,795.38,795.38,795.38,795.39,,,,,,,,,,,,,,,,,T1,,,,,,,,,,,,,,,,,,,,T1,,,,,,,
2116,,,,,,,,,,,,,,,,,,,,,,,,,,,,,,,,,,,-0.063,,,0.267,,-0.021,0.129,,,,,,,,,,,,,,,,,,,,,,,,,,,,,,0.133,-0.145,,,,-0.032,-0.015,0.082,-0.032,0.016,-0.099,,,,,0.012,0.013,-0.074,0.0,0.0,0.0,,,,,,,,,,0,,,,,,,,,,,,,,404.26,,,,,,,,,,,,,,,455.89,,466.73,466.73,466.74,,466.74,466.75,,,,,,,,,,,,,,,,,,,,T1,,T1,,,,,,,,,,,,,,,T1,,,,,,,
37314,0.016,0.131,0.0,,-0.164,,0.035,0.003,,,,,,,,,,,,,,,,,,,,,,,,,,,,,,,,,,,,,,,,,,,,,,,,,,,,,,,,,,,,,,,,,-0.035,,,-0.056,-0.04,0.063,-0.056,-0.035,0.059,0.016,0.0,-0.012,0.0,0.012,0.013,0.108,0.0,0.0,0.0,,,,,,,,,,1,957.98,,,,,,,,,,,,,,,,,,,,,,,,,,,,,,961.29,961.29,961.3,961.3,961.3,961.31,,,,,,,,,,,,,,,,,,,,,,,,,,,,,,,,,,,,,,,,,,,,
49694,0.062,0.029,0.0,,-0.164,,,,-0.044,,,,,,,,,,,,,,,,,,,,,,,,,,,,,,,,,,,,,,,,,,,,,,,,,,,,,,,,,,,,,,,,,-0.036,-0.037,-0.056,-0.021,0.063,-0.056,-0.024,0.033,-0.227,0.0,-0.013,0.0,0.012,0.013,0.108,0.0,0.0,0.0,,,,,,,,,,0,962.68,,,962.7,,,,,,,,,,,,,,,,,,,,,,,,,,962.92,964.65,964.65,964.65,964.65,964.65,964.68,,,,,,,,,,,,,,,,,,,,,,,,,,,,,,,,,,,,,,,,,,,,
42280,,,,,,,,,,0.014,0.066,,,,,0.037,,,,,,,,,,,,,,,,,,,,,,,,,,,,,,,,,,,,,,,,,,,,,,,,,,,,,,,,,,,,-0.182,0.011,0.082,-0.182,-0.051,-0.02,-0.038,0.0,-0.003,0.0,0.011,0.013,-0.301,0.0,0.0,0.0,,,,,,,,,,0,,,,,,,,,,,,,,,,,,,,,,,,,,,,,,,1393.35,1393.35,1393.35,1393.35,1393.35,1393.37,,,,,,,,,,,,,,,,,,,,,,,,,,,,,,,,,,,,,,,,,,,,
21660,0.056,0.072,,0.019,-0.164,0.019,,,,,,,,,,,,,,,,,,,,,,,,,,,,,,,,,,,,,,,,,,,,,,,,,,,,,,,,,,,,,,,,,,,,,,,,,,,,,,,,,,,,,,0.0,0.0,-0.078,-0.015,,0.236,0.0,,0.0,0,1215.22,1215.22,1215.25,,,,,,,,,,,,,,,,,,,,,,,,,,,,,,,,,,1217.04,,1217.06,1217.06,,,,,,,,,,,,,,,,,,,,,,,,,,,,,,,,,,,,,,,,
15005,,,,,,,,,,-0.002,-0.034,,0.24,,,,-0.032,-0.059,,,,,,,,,,,,,,,,,,,,,,,,,,,,,,,,,,,,,,,,,,,,,,,,,,,,,,,,,,-0.132,-0.053,0.082,-0.132,-0.063,0.243,-0.038,0.0,0.013,0.0,0.011,0.013,-0.21,0.0,0.0,0.0,,,,,,,,,,0,,,,,,,1328.09,,,,,,,,,,,,,,,,,,,,,,,,1331.28,1331.28,1331.28,1331.28,1331.28,1331.31,,,,,,,,,,,,,,,,,,,,,,,,,,,,,,,,,,,,,,,,,,,,
21755,0.036,0.163,,0.019,-0.164,,,,-0.048,,,,,,,,,,,,,,,,,,,,,,,,,,,,,,,,,,,,,,,,,,,,,,,,,,,,,,,,,,,,,,,,,,,-0.031,0.03,0.104,-0.031,-0.067,0.191,-0.065,0.0,-0.004,0.0,0.009,0.013,-0.074,0.0,0.0,0.0,,,,,,,,,,1,1476.39,1476.39,,1476.42,,,,,,,,,,,,,,,,,,,,,,,,,,,1479.1,1479.1,1479.1,1479.1,1479.1,1479.12,,,,,,,,,,,,,,,,,,,,,,,,,,,,,,,,,,,,,T1,,,,,,,
38590,,,,,,,,,,0.006,0.066,,-0.01,,,,0.002,0.032,,,,,,,,,,,,,,,,,,,,,,,,,,,,,,,,,,,,,,,,,,,,,,,,,,,,,,,,,,0.256,-0.028,-0.68,0.256,,-0.02,,,,,0.005,0.013,0.017,0.0,,0.0,,,,,,,,,,0,,,,,,,18.8,,,,,,,,,,,,,,,,,,,,,,,,28.82,28.82,28.88,,28.88,,,,,,,,,,,,,,,,,,,,,,,,,,,,,,,,,,,,,,T1,,,,,,,
15141,0.134,-0.051,0.0,,0.336,0.006,,,,,,,,,,,,,,,,,,,,,,,,,,,,,,,,,,,,,,,,,,,,,,,,,,,,,,,,,,,,,,,,,,,,,,-0.106,-0.06,0.104,-0.106,-0.051,0.033,0.016,0.0,-0.013,0.0,0.011,0.013,0.062,0.0,0.0,0.0,,,,,,,,,,0,1625.81,,1625.83,,,,,,,,,,,,,,,,,,,,,,,,,,,,1628.11,1628.11,1628.18,1628.18,1628.18,1628.19,,,,,,,,,,,,,,,,,,,,,,,,,,,,,,,,,,,,,T1,,,,,,,
43910,,,,,,,,,,0.006,-0.034,,,,,,-0.013,-0.08,,,,,,,,,,,,,,,,,,,,,,,,,,,,,,,,,,,,,,,,,,,,,,,,,,,,,,,,,,-0.046,0.023,0.037,-0.046,0.122,-0.046,,,,,0.011,0.013,0.108,0.0,,0.0,,,,,,,,,,0,,,,,,,291.68,,,,,,,,,,,,,,,,,,,,,,,,298.06,298.06,298.06,,298.06,,,,,,,,,,,,,,,,,,,,,,,,,,,,,,,,,,,,,,,,,,,,,
19902,,,,,,,,,,-0.022,,0.404,,0.057,0.199,,,,,,,,,,,,,,,,,,,,,,,,,,,,,,,,,,,,,,,,,,,,,,,,,,,,,,,,,,-0.035,,,0.033,0.068,0.063,0.033,-0.031,0.059,-0.065,0.0,-0.013,0.0,0.009,0.013,-0.119,0.0,0.0,0.0,,,,,,,,,,0,,,,,930.51,930.53,,,,,,,,,,,,,,,,,,,,,,,,,940.33,940.33,940.33,940.33,940.33,940.35,,,,,,,,,,,,,,,,,,,,,,,,,,,,,,,,,,,,,T1,,,,,,,
29369,0.069,0.077,0.0,,,,0.011,0.0,,,,,,,,,,,,,,,,,,,,,,,,,,,,,,,,,,,,,,,,,,,,,,,,,,,,,,,,,,,,,,,,,,,,0.021,-0.028,0.082,0.021,0.035,-0.046,-0.092,0.0,-0.003,0.0,0.016,0.013,0.062,0.0,0.0,0.0,,,,,,,,,,0,552.53,,,,,,,,,,,,,,,,,,,,,,,,,,,,,,554.39,554.39,554.39,554.39,554.39,554.42,,,,,,,,,,,,,,,,,,,,,,,,,,,,,,,,,,,,,T1,,,,,,,
49570,,,,,,,,,,0.022,,0.04,-0.01,,,,0.008,0.134,,,,,,,,,,,,,,,,,,,,,,,,,,,,,,,,,,,,,,,,,,,,,,,,,,,,,,,,,,,,,,,,,,,,,,,,,,0.0,0.0,-0.047,,-0.037,0.377,0.0,0.069,0.0,1,,,,,1289.23,,1289.24,,,,,,,,,,,,,,,,,,,,,,,,,,,,,,1291.25,,1291.27,1291.28,,,,,,,,,,,,,,,,,,,,,,,,,,,,,,,,,,,,,,,,
56806,-0.016,-0.046,0.0,,,,,,-0.037,,,,,,,,,,,,,,,,,,,,,,,,,,,,,,,,,,,,,,,,,,,,,,,,,,,,,,,,,,,,,,,,-0.035,,,0.134,0.1,0.057,0.134,-0.02,-0.02,-0.038,0.0,0.028,0.0,0.014,0.013,0.062,0.0,0.0,0.0,,,,,,,,,,0,892.9,,,892.93,,,,,,,,,,,,,,,,,,,,,,,,,,,897.18,897.18,897.19,897.19,897.19,897.21,,,,,,,,,,,,,,,,,,,,,,,,,,,,,,,,,,,,,T1,,,,,,,
33249,,,,,,,,,,,,,,,,,,,0.025,0.146,0.008,-0.106,,-0.026,,-0.202,,,,,,,,,,,,,,,,,,,,,,,,,,,,,,,,,,,,,,,,,,,,,,,-0.035,,,-0.005,-0.034,0.063,-0.005,0.067,-0.125,0.124,0.0,-0.013,0.0,0.018,0.013,0.199,0.0,0.0,0.0,,,,,,,,,,0,,,,,,,,1028.42,1028.43,,,,,,,,,,,,,,,,,,,,,,1061.7,1061.7,1061.7,1061.7,1061.7,1061.72,,,,,,,,,,,,T1,,,T3,,,,,,,,,,,,,,,,,,,,,,T1,,,,,,,
15665,,,,,,,,,,,,,,,,,,,,,,,,,,,,,,,,,,,,,,,,,,-0.024,,,-0.057,,-0.005,0.087,,,,,,,,,,,,,,,,,,,,,,,0.043,-0.012,,,,0.008,-0.066,0.057,0.008,-0.024,-0.125,-0.038,0.0,0.004,0.0,0.014,0.013,-0.21,0.0,,0.0,,,,,,,,,,0,,,,,,,,,,,,,,,,,702.53,702.64,702.64,,,,,,,,,,705.41,,756.54,756.54,756.54,756.54,756.54,,,,,,,,,,,,,,,,,,,,,,,,,,,,,,,,,,,,,,,,,,,,,
25175,-0.029,-0.035,0.0,,-0.164,0.007,,,,,,,,,,,,,,,,,,,,,,,,,,,,,,,,,,,,,,,,,,,,,,,,,,,,,,,,,,,,,,,,,,,,,,0.16,0.017,0.057,0.16,-0.027,0.086,-0.038,0.0,-0.013,0.0,0.014,0.013,0.062,0.0,0.0,0.0,,,,,,,,,,0,910.13,,910.19,,,,,,,,,,,,,,,,,,,,,,,,,,,,913.71,913.71,913.71,913.71,913.71,913.73,,,,,,,,,,,,,,,,,,,,,,,,,,,,,,,,,,,,,T1,,,,,,,
42804,,,,,,,,,,0.014,-0.034,,-0.01,,,-0.105,,,,,,,,,,,,,,,,,,,,,,,,,,,,,,,,,,,,,,,,,,,,,,,,,,,,,,,,,,,,-0.081,-0.021,0.082,-0.081,-0.043,-0.02,0.016,0.0,-0.012,0.0,0.013,0.013,-0.029,0.0,0.0,0.0,,,,,,,,,,0,,,,,,,,,,,,,,,,,,,,,,,,,,,,,,,1375.46,1375.46,1375.47,1375.47,1375.47,1375.48,,,,,,,,,,,,,,,,,,,,,,,,,,,,,,,,,,,,,T1,,,,,,,
6030,-0.095,-0.003,,0.019,,,,,-0.055,,,,,,,,,,,,,,,,,,,,,,,,,,,,,,,,,,,,,,,,,,,,,,,,,,,,,,,,,,,,,,,,-0.035,,,-0.182,-0.06,0.063,-0.182,-0.02,0.164,0.097,0.0,0.013,0.0,0.012,0.013,-0.029,0.0,,0.0,,,,,,,,,,0,959.33,959.33,,959.36,,,,,,,,,,,,,,,,,,,,,,,,,,,961.9,961.9,961.91,961.91,961.91,,,,,,,,,,,,,,,,,,,,,,,,,,,,,,,,,,,,,,T1,,,,,,,
28465,-0.042,-0.163,,0.019,,0.042,,,,,,,,,,,,,,,,,,,,,,,,,,,,,,,,,,,,,,,,,,,,,,,,,,,,,,,,,,,,,,,,,,,,,,,,,,,,,,,,,,,,,,0.0,0.0,0.033,,-0.028,-0.076,0.0,0.069,0.0,0,524.7,524.7,524.72,,,,,,,,,,,,,,,,,,,,,,,,,,,,,,,,,,532.85,,532.88,532.88,,,,,,,,,,,,,,,,,,,,,,,,,,,,,,,,,,,,,,,,
15646,-0.003,-0.056,,0.019,-0.164,-0.163,,,,,,,,,,,,,,,,,,,,,,,,,,,,,,,,,,,,,,,,,,,,,,,,,,,,,,,,,,,,,,,,,,,,,,-0.081,0.023,0.104,-0.081,-0.075,0.138,0.016,0.0,-0.004,0.0,0.018,0.013,-0.029,0.0,0.0,0.0,,,,,,,,,,0,1460.6,1460.6,1460.62,,,,,,,,,,,,,,,,,,,,,,,,,,,,1462.47,1462.47,1462.48,1462.48,1462.48,1462.49,,,,,,,,,,,,,,,,,,,,,,,,,,,,,,,,,,,,,T1,,,,,,,
47279,,,,,,,,,,,,,,,,,,,,,,,,,,,,,,,,,,,0.108,,,0.062,-0.147,,0.035,,,,,,,,,,,,,,,,,,,,,,,,,,,,,,,,-0.035,,,0.045,-0.053,0.063,0.045,0.047,0.086,0.07,0.0,-0.005,0.0,0.013,0.013,0.108,0.0,0.0,0.0,,,,,,,,,,0,,,,,,,,,,,,,,1042.07,,1042.09,,,,,,,,,,,,,,,1074.62,1074.62,1074.63,1074.63,1074.63,1074.65,,,,,,,,,,,,,,,,,,,,T1,,T1,,,,,,,,,,,,,,,,,,,,,,
12343,-0.049,-0.003,0.0,,,,,,-0.022,,,,,,,,,,,,,,,,,,,,,,,,,,,,,,,,,,,,,,,,,,,,,,,,,,,,,,,,,,,,,,,,,,,-0.031,-0.079,0.082,-0.031,-0.063,0.112,0.016,0.0,0.022,0.0,0.013,0.013,0.199,0.0,,0.0,,,,,,,,,,0,1361.59,,,1361.62,,,,,,,,,,,,,,,,,,,,,,,,,,,1363.48,1363.48,1363.49,1363.49,1363.49,,,,,,,,,,,,,,,,,,,,,,,,,,,,,,,,,,,,,,T1,,,,,,,
4998,0.095,-0.078,,0.119,,0.033,,,,,,,,,,,,,,,,,,,,,,,,,,,,,,,,,,,,,,,,,,,,,,,,,,,,,,,,,,,,,,,,,,,,,,0.045,0.049,0.104,0.045,-0.063,0.086,0.016,0.0,0.004,0.0,0.011,0.013,0.29,0.0,,0.0,,,,,,,,,,1,1600.39,1601.28,1601.35,,,,,,,,,,,,,,,,,,,,,,,,,,,,1613.51,1613.51,1613.52,1613.52,1613.52,,,,,,,,,,,,,,,,,,,,,,,,,,,,,,,,,,,,,,T1,,,,,,,
430,0.056,-0.142,,0.019,-0.164,,,,-0.036,,,,,,,,,,,,,,,,,,,,,,,,,,,,,,,,,,,,,,,,,,,,,,,,,,,,,,,,,,,,,,,,,,,-0.056,0.036,0.104,-0.056,-0.055,0.296,0.016,0.0,-0.013,0.0,0.008,0.013,0.017,0.0,0.0,0.0,,,,,,,,,,0,1642.68,1642.68,,1642.71,,,,,,,,,,,,,,,,,,,,,,,,,,,1644.37,1644.37,1644.37,1644.37,1644.37,1644.39,,,,,,,,,,,,,,,,,,,,,,,,,,,,,,,,,,,,,T1,,,,,,,
56591,-0.055,0.083,0.0,,,,,,0.007,,,,,,,,,,,,,,,,,,,,,,,,,,,,,,,,,,,,,,,,,,,,,,,,,,,,,,,,,,,,,,,,,,,-0.081,-0.111,0.104,-0.081,-0.082,0.059,-0.038,0.0,0.004,0.0,0.011,0.013,0.062,0.0,0.0,0.0,,,,,,,,,,0,1499.74,,,1499.78,,,,,,,,,,,,,,,,,,,,,,,,,,,1507.89,1507.89,1507.9,1507.9,1507.9,1507.91,,,,,,,,,,,,,,,,,,,,,,,,,,,,,,,,,,,,,T1,,,,,,,
59375,-0.16,0.029,0.0,,,-0.077,,,,,,,,,,,,,,,,,,,,,,,,,,,,,,,,,,,,,,,,,,,,,,,,,,,,,,,,,,,,,,,,,,,,,,-0.031,-0.021,0.082,-0.031,-0.071,0.243,-0.038,0.0,-0.003,0.0,0.016,0.013,-0.074,0.0,,0.0,,,,,,,,,,0,1413.51,,1413.54,,,,,,,,,,,,,,,,,,,,,,,,,,,,1413.84,1413.84,1413.85,1413.85,1413.85,,,,,,,,,,,,,,,,,,,,,,,,,,,,,,,,,,,,,,T1,,,,,,,
38147,,,,,,,,,,,,,,,,,,,,,,,,,,,,,,,,,,,0.141,-0.008,-0.099,,,0.006,0.066,,,,,,,,,,,,,,,,,,,,,,,,,,,,,,0.113,-0.07,,,,-0.132,-0.015,0.063,-0.132,-0.055,0.112,-0.038,0.0,-0.012,0.0,0.011,0.013,0.017,0.0,,0.0,,,,,,,,,,0,,,,,,,,,,,,,,1191.58,1191.59,,,,,,,,,,,,,,1192.83,,1205.36,1205.36,1205.37,1205.37,1205.37,,,,,,,,,,,,,,,,,,,,,T1,,,,,,,,,,,,,,,,,T1,,,,,,,
28030,-0.023,0.2,0.0,,,-0.058,,,,,,,,,,,,,,,,,,,,,,,,,,,,,,,,,,,,,,,,,,,,,,,,,,,,,,,,,,,,,,,,,,,,,,0.03,0.023,0.037,0.03,0.075,-0.072,,,,,0.012,0.013,-0.029,0.0,,0.0,,,,,,,,,,0,270.98,,271.0,,,,,,,,,,,,,,,,,,,,,,,,,,,,271.44,271.44,271.45,,271.45,,,,,,,,,,,,,,,,,,,,,,,,,,,,,,,,,,,,,,T1,,,,,,,
53902,-0.108,-0.121,0.0,,-0.164,,0.03,-0.002,,,,,,,,,,,,,,,,,,,,,,,,,,,,,,,,,,,,,,,,,,,,,,,,,,,,,,,,,,,,,,,,,,,,-0.005,0.011,0.104,-0.005,-0.086,0.138,0.151,0.0,-0.012,0.0,0.004,0.013,0.108,0.0,0.0,0.0,,,,,,,,,,0,1433.95,,,,,,,,,,,,,,,,,,,,,,,,,,,,,,1440.07,1440.07,1440.07,1440.07,1440.07,1440.08,,,,,,,,,,,,,,,,,,,,,,,,,,,,,,,,,,,,,,,,,,,,
16679,-0.003,0.088,,0.019,,-0.083,,,,,,,,,,,,,,,,,,,,,,,,,,,,,,,,,,,,,,,,,,,,,,,,,,,,,,,,,,,,,,,,,,,,,,-0.106,0.061,0.104,-0.106,0.043,0.059,0.043,0.0,-0.014,0.0,0.009,0.013,-0.256,0.0,0.0,0.0,,,,,,,,,,0,1691.95,1691.95,1691.97,,,,,,,,,,,,,,,,,,,,,,,,,,,,1698.38,1698.38,1698.38,1698.38,1698.38,1698.41,,,,,,,,,,,,,,,,,,,,,,,,,,,,,,,,,,,,,T1,,,,,,,
51560,,,,,,,,,,-0.006,-0.034,,,,,,0.043,-0.008,,,,,,,,,,,,,,,,,,,,,,,,,,,,,,,,,,,,,,,,,,,,,,,,,,,,,,,,,,-0.034,-0.034,-0.702,-0.034,0.063,0.007,,,,,0.014,0.013,0.017,0.0,,0.0,,,,,,,,,,0,,,,,,,135.87,,,,,,,,,,,,,,,,,,,,,,,,138.6,138.6,138.6,,138.6,,,,,,,,,,,,,,,,,,,,,,,,,,,,,,,,,,,,,,,,,,,,,
21117,0.016,-0.019,,0.019,-0.164,,-0.018,0.001,,,,,,,,,,,,,,,,,,,,,,,,,,,,,,,,,,,,,,,,,,,,,,,,,,,,,,,,,,,,,,,,,,,,0.033,0.042,0.057,0.033,-0.035,-0.151,0.016,0.0,-0.013,0.0,0.016,0.013,0.017,0.0,0.0,0.0,,,,,,,,,,0,824.1,824.11,,,,,,,,,,,,,,,,,,,,,,,,,,,,,827.24,827.24,827.24,827.24,827.24,827.26,,,,,,,,,,,,,,,,,,,,,,,,,,,,,,,,,,,,,T1,,,,,,,
45375,-0.18,-0.024,,0.019,,0.148,,,,,,,,,,,,,,,,,,,,,,,,,,,,,,,,,,,,,,,,,,,,,,,,,,,,,,,,,,,,,,,,,,,,,,-0.056,-0.047,0.063,-0.056,-0.043,-0.099,0.016,0.0,-0.003,0.0,0.017,0.013,-0.029,0.0,0.0,0.0,,,,,,,,,,0,1161.0,1161.0,1161.03,,,,,,,,,,,,,,,,,,,,,,,,,,,,1165.3,1165.3,1165.31,1165.31,1165.31,1165.32,,,,,,,,,,,,,,,,,,,,,,,,,,,,,,,,,,,,,T1,,,,,,,
57385,0.082,0.163,0.0,,0.336,,-0.052,0.002,,,,,,,,,,,,,,,,,,,,,,,,,,,,,,,,,,,,,,,,,,,,,,,,,,,,,,,,,,,,,,,0.1,-0.13,,,,-0.132,-0.06,0.063,-0.132,-0.024,0.033,-0.119,0.0,-0.001,0.0,0.019,0.013,-0.074,0.0,,0.0,,,,,,,,,,0,1126.25,,,,,,,,,,,,,,,,,,,,,,,,,,,,1128.38,,1129.63,1129.63,1129.63,1129.63,1129.63,,,,,,,,,,,,,,,,,,,,,,,,,,,,,,,,,,,,,,T1,,,,,,,
12870,0.134,-0.131,0.0,,,0.023,,,,,,,,,,,,,,,,,,,,,,,,,,,,,,,,,,,,,,,,,,,,,,,,,,,,,,,,,,,,,,,,,,,,,,-0.056,-0.053,0.104,-0.056,-0.031,-0.02,0.178,0.0,-0.013,0.0,0.016,0.013,0.017,0.0,0.0,0.0,,,,,,,,,,0,1636.1,,1636.19,,,,,,,,,,,,,,,,,,,,,,,,,,,,1641.16,1641.16,1641.16,1641.16,1641.16,1641.18,,,,,,,,,,,,,,,,,,,,,,,,,,,,,,,,,,,,,T1,,,,,,,
33070,-0.036,-0.099,,-0.081,-0.164,,0.216,-0.001,,,,,,,,,,,,,,,,,,,,,,,,,,,,,,,,,,,,,,,,,,,,,,,,,,,,,,,,,,,,,,,,,,,,0.03,0.036,0.037,0.03,0.082,-0.336,,,,,0.008,0.013,0.062,0.0,0.0,0.0,,,,,,,,,,0,264.83,264.83,,,,,,,,,,,,,,,,,,,,,,,,,,,,,266.68,266.68,266.68,,266.68,266.7,,,,,,,,,,,,,,,,,,,,,,,,,,,,,,,,,,,,,T1,,,,,,,
18370,-0.167,-0.003,,0.019,-0.164,,0.186,-0.001,,,,,,,,,,,,,,,,,,,,,,,,,,,,,,,,,,,,,,,,,,,,,,,,,,,,,,,,,,,,,,,,,,,,-0.132,0.011,0.104,-0.132,-0.078,0.007,0.07,0.0,0.029,0.0,0.011,0.013,-0.029,0.0,,0.0,,,,,,,,,,0,1561.88,1561.88,,,,,,,,,,,,,,,,,,,,,,,,,,,,,1565.61,1565.61,1565.61,1565.61,1565.61,,,,,,,,,,,,,,,,,,,,,,,,,,,,,,,,,,,,,,T1,,,,,,,
197,,,,,,,,,,0.014,-0.034,,-0.01,,,,0.015,0.083,,,,,,,,,,,,,,,,,,,,,,,,,,,,,,,,,,,,,,,,,,,,,,,,,,,,,,,-0.035,,,-0.005,0.061,0.063,-0.005,-0.047,-0.046,-0.038,0.0,-0.003,0.0,0.011,0.013,0.108,0.0,,0.0,,,,,,,,,,0,,,,,,,1161.08,,,,,,,,,,,,,,,,,,,,,,,,1165.66,1165.66,1165.66,1165.66,1165.66,,,,,,,,,,,,,,,,,,,,,,,,,,,,,,,,,,,,,,T1,,,,,,,
23658,0.049,-0.062,0.0,,,,-0.001,0.001,,,,,,,,,,,,,,,,,,,,,,,,,,,,,,,,,,,,,,,,,,,,,,,,,,,,,,,,,,,,,,,,,,,,0.058,0.004,0.063,0.058,-0.012,0.164,0.043,0.0,0.012,0.0,0.014,0.013,-0.074,0.0,,0.0,,,,,,,,,,0,923.02,,,,,,,,,,,,,,,,,,,,,,,,,,,,,,927.1,927.1,927.1,927.1,927.1,,,,,,,,,,,,,,,,,,,,,,,,,,,,,,,,,,,,,,,,,,,,,
16286,-0.14,-0.024,0.0,,,0.043,,,,,,,,,,,,,,,,,,,,,,,,,,,,,,,,,,,,,,,,,,,,,,,,,,,,,,,,,,,,,,,,,,,,,,,,,,,,,,,,,,,,,,0.001,0.0,0.017,,-0.007,0.275,0.0,,0.0,0,570.86,,570.9,,,,,,,,,,,,,,,,,,,,,,,,,,,,,,,,,,572.77,,572.79,572.8,,,,,,,,,,,,,,,,,,,,,,,,,,,,,,,,,,,,,,,,
12366,,,,,,,,,,,,,,,,,,,,,,,,,,,,,,,,,,,-0.117,-0.064,-0.015,,0.116,,-0.063,,,,,,,,,,,,,,,,,,,,,,,,,,,,,,,,,,,0.134,0.049,0.057,0.134,0.004,0.033,0.043,0.0,-0.004,0.0,0.017,0.013,-0.165,0.0,0.0,0.0,,,,,,,,,,1,,,,,,,,,,,,,,802.0,802.0,802.0,,,,,,,,,,,,,,,806.5,806.5,806.5,806.5,806.5,806.52,,,,,,,,,,,,,,,,,,,,T1,,,,,,,,,,,,,,,,,,,,,,,,
44360,0.023,0.131,0.0,,,,,,0.03,,,,,,,,,,,,,,,,,,,,,,,,,,,,,,,,,,,,,,,,,,,,,,,,,,,,,,,,,,,,,,,,,,,,,,,,,,,,,,,,,,,0.0,0.0,-0.015,0.059,,0.073,0.0,,0.0,0,575.02,,,575.05,,,,,,,,,,,,,,,,,,,,,,,,,,,,,,,,,577.46,,577.48,577.48,,,,,,,,,,,,,,,,,,,,,,,,,,,,,,,,,,,,,,,,
7288,,,,,,,,,,,,,,,,,,,,,,,,,,,,,,,,,,,-0.063,,,0.158,-0.12,,-0.046,,,,,,,,,,,,,,,,,,,,,,,,,,,,,,,,-0.035,,,0.134,0.049,0.057,0.134,0.027,0.007,-0.011,0.0,-0.004,0.0,0.012,0.013,-0.074,0.0,0.0,0.0,,,,,,,,,,0,,,,,,,,,,,,,,690.09,,690.12,,,,,,,,,,,,,,,726.78,726.78,726.78,726.78,726.78,726.8,,,,,,,,,,,,,,,,,,,,T1,,T1,,,,,,,,,,,,,,,T1,,,,,,,
36896,-0.029,0.195,,-0.081,,,0.013,-0.001,,,,,,,,,,,,,,,,,,,,,,,,,,,,,,,,,,,,,,,,,,,,,,,,,,,,,,,,,,,,,,,,,,,,,,,,,,,,,,,,,,,,0.0,0.0,0.065,,-0.056,0.13,0.0,,0.0,0,1380.73,1380.73,,,,,,,,,,,,,,,,,,,,,,,,,,,,,,,,,,,1381.84,,1381.86,1381.86,,,,,,,,,,,,,,,,,,,,,,,,,,,,,,,,,,,,,,,,
39217,0.049,0.232,0.0,,,0.068,,,,,,,,,,,,,,,,,,,,,,,,,,,,,,,,,,,,,,,,,,,,,,,,,,,,,,,,,,,,,,,,,,,,,,0.205,0.042,-0.657,0.205,,-0.046,,,,,0.013,0.013,0.062,0.0,,0.0,,,,,,,,,,0,36.17,,36.2,,,,,,,,,,,,,,,,,,,,,,,,,,,,38.34,38.34,38.35,,38.35,,,,,,,,,,,,,,,,,,,,,,,,,,,,,,,,,,,,,,T1,,,,,,,
525,-0.042,-0.024,,0.019,,,,,-0.017,,,,,,,,,,,,,,,,,,,,,,,,,,,,,,,,,,,,,,,,,,,,,,,,,,,,,,,,,,,,,,,,,,,0.02,-0.04,0.063,0.02,-0.016,0.007,0.043,0.0,0.021,0.0,0.009,0.013,0.153,0.0,0.0,0.0,,,,,,,,,,0,1153.75,1153.75,,1153.77,,,,,,,,,,,,,,,,,,,,,,,,,,,1154.84,1154.84,1154.84,1154.84,1154.84,1154.87,,,,,,,,,,,,,,,,,,,,,,,,,,,,,,,,,,,,,T1,,,,,,,
42934,,,,,,,,,,,,,,,,,,,,,,,,,,,,,,,,,,,-0.278,-0.008,-0.031,,,0.074,0.078,,,,,,,,,,,,,,,,,,,,,,,,,,,,,,-0.008,0.015,,,,0.033,-0.021,0.057,0.033,-0.012,0.164,-0.092,0.0,-0.013,0.0,0.019,0.013,-0.256,0.0,,0.0,,,,,,,,,,0,,,,,,,,,,,,,,792.23,792.25,,,,,,,,,,,,,,793.71,,796.33,796.33,796.34,796.34,796.34,,,,,,,,,,,,,,,,,,,,,T1,,,,,,,,,,,,,,,,,T1,,,,,,,
9235,-0.101,0.024,0.0,,0.336,,,,0.089,,,,,,,,,,,,,,,,,,,,,,,,,,,,,,,,,,,,,,,,,,,,,,,,,,,,,,,,,,,,,,,,,,,-0.185,0.1,0.015,-0.185,0.102,-0.178,,,,,0.01,0.013,0.017,0.0,0.0,0.0,,,,,,,,,,0,224.18,,,224.2,,,,,,,,,,,,,,,,,,,,,,,,,,,229.58,229.58,229.59,,229.59,229.6,,,,,,,,,,,,,,,,,,,,,,,,,,,,,,,,,,,,,T1,,,,,,,
46256,-0.062,0.083,0.0,,0.336,,0.04,-0.001,,,,,,,,,,,,,,,,,,,,,,,,,,,,,,,,,,,,,,,,,,,,,,,,,,,,,,,,,,,,,,,,,,,,0.084,-0.002,0.082,0.084,0.086,-0.125,-0.065,0.0,-0.003,0.0,0.013,0.013,-0.029,0.0,,0.0,,,,,,,,,,0,527.05,,,,,,,,,,,,,,,,,,,,,,,,,,,,,,534.47,534.47,534.47,534.47,534.47,,,,,,,,,,,,,,,,,,,,,,,,,,,,,,,,,,,,,,T1,,,,,,,
38027,-0.029,0.125,0.0,,-0.164,,-0.042,0.001,,,,,,,,,,,,,,,,,,,,,,,,,,,,,,,,,,,,,,,,,,,,,,,,,,,,,,,,,,,,,,,,,,,,-0.031,0.03,0.104,-0.031,-0.094,0.138,0.124,0.0,-0.004,0.0,0.011,0.013,-0.119,0.0,,0.0,,,,,,,,,,0,1532.44,,,,,,,,,,,,,,,,,,,,,,,,,,,,,,1541.94,1541.94,1541.94,1541.94,1541.94,,,,,,,,,,,,,,,,,,,,,,,,,,,,,,,,,,,,,,T1,,,,,,,
7614,-0.01,0.104,,-0.081,0.336,,0.014,0.001,,,,,,,,,,,,,,,,,,,,,,,,,,,,,,,,,,,,,,,,,,,,,,,,,,,,,,,,,,,,,,,,,,,,0.104,0.1,-0.702,0.104,0.09,0.059,,,,,0.013,0.013,-0.119,0.0,,0.0,,,,,,,,,,0,62.82,62.82,,,,,,,,,,,,,,,,,,,,,,,,,,,,,65.8,65.8,65.81,,65.81,,,,,,,,,,,,,,,,,,,,,,,,,,,,,,,,,,,,,,T1,,,,,,,
52875,,,,,,,,,,,,,,,,,,,,,,,,,,,,,,,,,,,,,,,,,,-0.008,-0.002,0.0,,,0.015,-0.221,,,,,,,,,,,,,,,,,,,,,,,,,-0.035,,,-0.056,-0.034,0.082,-0.056,0.094,-0.046,,,,,0.013,0.013,-0.074,0.0,0.0,0.0,,,,,,,,,,0,,,,,,,,,,,,,,,,,466.28,,466.39,,,,,,,,,,,,504.38,504.38,504.39,,504.39,504.41,,,,,,,,,,,,,,,,,,,,,,,,,,,,,,,,,,,,,T1,,,,,,,
28299,,,,,,,,,,-0.006,-0.034,,,,,,-0.003,0.073,,,,,,,,,,,,,,,,,,,,,,,,,,,,,,,,,,,,,,,,,,,,,,,,,,,,,,,,,,0.021,0.049,0.082,0.021,0.043,-0.204,-0.038,0.0,-0.003,0.0,0.008,0.013,0.062,0.0,,0.0,,,,,,,,,,0,,,,,,,553.98,,,,,,,,,,,,,,,,,,,,,,,,555.31,555.31,555.31,555.31,555.31,,,,,,,,,,,,,,,,,,,,,,,,,,,,,,,,,,,,,,T1,,,,,,,
55995,-0.095,0.088,0.0,,0.336,,-0.054,0.0,,,,,,,,,,,,,,,,,,,,,,,,,,,,,,,,,,,,,,,,,,,,,,,,,,,,,,,,,,,,,,,,,,,,0.129,-0.002,-0.657,0.129,0.118,0.164,,,,,0.012,0.013,0.017,0.0,0.0,0.0,,,,,,,,,,0,37.05,,,,,,,,,,,,,,,,,,,,,,,,,,,,,,40.39,40.39,40.4,,40.4,40.41,,,,,,,,,,,,,,,,,,,,,,,,,,,,,,,,,,,,,T1,,,,,,,
21930,-0.134,-0.099,,0.019,,,,,0.025,,,,,,,,,,,,,,,,,,,,,,,,,,,,,,,,,,,,,,,,,,,,,,,,,,,,,,,,,,,,,,,,-0.035,,,0.109,-0.06,0.063,0.109,-0.016,0.007,-0.038,0.0,0.004,0.0,0.013,0.013,0.062,0.0,0.0,0.0,,,,,,,,,,0,956.47,956.47,,956.49,,,,,,,,,,,,,,,,,,,,,,,,,,,959.78,959.78,959.78,959.78,959.78,959.8,,,,,,,,,,,,,,,,,,,,,,,,,,,,,,,,,,,,,,,,,,,,
949,,,,,,,,,,-0.01,,0.132,-0.01,0.09,0.095,,,,,,,,,,,,,,,,,,,,,,,,,,,,,,,,,,,,,,,,,,,,,,,,,,,,,,,,,,-0.035,,,0.084,0.03,0.063,0.084,,-0.178,-0.011,0.0,-0.009,0.0,0.014,0.013,-0.029,0.0,0.0,0.0,,,,,,,,,,0,,,,,944.23,944.25,,,,,,,,,,,,,,,,,,,,,,,,,952.06,952.06,952.07,952.07,952.07,952.09,,,,,,,,,,,,,,,,,,,,,,,,,,,,,,,,,,,,,,,,,,,,
29059,,,,,,,,,,-0.01,,-0.166,,,,,-0.043,-0.233,,,,,,,,,,,,,,,,,,,,,,,,,,,,,,,,,,,,,,,,,,,,,,,,,,,,,,,,,,-0.005,-0.002,0.063,-0.005,-0.067,0.059,-0.011,0.0,0.024,0.0,0.012,0.013,0.108,0.0,,0.0,,,,,,,,,,0,,,,,1122.51,,1122.53,,,,,,,,,,,,,,,,,,,,,,,,1124.08,1124.08,1124.08,1124.08,1124.08,,,,,,,,,,,,,,,,,,,,,,,,,,,,,,,,,,,,,,T1,,,,,,,
23661,,,,,,,,,,0.018,-0.034,,,,,,-0.03,-0.07,,,,,,,,,,,,,,,,,,,,,,,,,,,,,,,,,,,,,,,,,,,,,,,,,,,,,,,,,,0.02,-0.085,0.082,0.02,-0.024,0.033,0.07,0.0,0.013,0.0,0.014,0.013,0.153,0.0,0.0,0.0,,,,,,,,,,0,,,,,,,1289.34,,,,,,,,,,,,,,,,,,,,,,,,1291.08,1291.08,1291.09,1291.09,1291.09,1291.1,,,,,,,,,,,,,,,,,,,,,,,,,,,,,,,,,,,,,T1,,,,,,,
42347,,,,,,,,,,,,,,,,,,,,,,,,,,,,,,,,,,,,,,,,,,-0.151,,,-0.054,,-0.03,0.052,,,,,,,,,,,,,,,,,,,,,,,,,,,,,,,,,,,,,,,,,,,,0.0,0.0,0.072,,-0.026,-0.018,0.0,-0.131,0.0,0,,,,,,,,,,,,,,,,,466.37,466.48,466.48,,,,,,,,,,,,,,,,,,504.06,,504.08,504.08,,,,,,,,,,,,,,,,,,,,,,,,,,,,,,,,,,,,,,,,
28583,-0.127,0.008,,0.019,,0.053,,,,,,,,,,,,,,,,,,,,,,,,,,,,,,,,,,,,,,,,,,,,,,,,,,,,,,,,,,,,,,,,,,,,,,-0.106,-0.034,0.104,-0.106,-0.067,0.112,0.016,0.0,-0.004,0.0,0.009,0.013,-0.165,0.0,,0.0,,,,,,,,,,0,1584.61,1584.61,1584.64,,,,,,,,,,,,,,,,,,,,,,,,,,,,1592.41,1592.41,1592.41,1592.41,1592.41,,,,,,,,,,,,,,,,,,,,,,,,,,,,,,,,,,,,,,T1,,,,,,,
23918,,,,,,,,,,,,,,,,,,,,,,,,,,,,,,,,,,,-0.078,,,0.234,,-0.095,0.234,,,,,,,,,,,,,,,,,,,,,,,,,,,,,,-0.155,0.053,,,,-0.199,-0.002,0.037,-0.199,-0.008,-0.099,,,,,0.013,0.013,0.108,0.0,,0.0,,,,,,,,,,0,,,,,,,,,,,,,,368.05,,,,,,,,,,,,,,,406.68,,418.7,418.7,418.71,,418.71,,,,,,,,,,,,,,,,,,,,,T1,,T1,,,,,,,,,,,,,,,,,,,,,,
30769,-0.016,-0.115,,0.019,-0.164,,,,-0.042,,,,,,,,,,,,,,,,,,,,,,,,,,,,,,,,,,,,,,,,,,,,,,,,,,,,,,,,,,,,,,,,,,,-0.157,0.049,0.104,-0.157,-0.055,0.164,0.124,0.0,0.029,0.0,0.013,0.013,-0.074,0.0,,0.0,,,,,,,,,,0,1499.78,1499.78,,1499.82,,,,,,,,,,,,,,,,,,,,,,,,,,,1507.94,1507.94,1507.94,1507.94,1507.94,,,,,,,,,,,,,,,,,,,,,,,,,,,,,,,,,,,,,,T1,,,,,,,
58336,0.036,-0.035,0.0,,,,-0.022,0.002,,,,,,,,,,,,,,,,,,,,,,,,,,,,,,,,,,,,,,,,,,,,,,,,,,,,,,,,,,,,,,,,,,,,-0.081,-0.098,0.063,-0.081,-0.063,0.059,0.07,0.0,-0.003,0.0,0.013,0.013,0.062,0.0,0.0,0.0,,,,,,,,,,0,1249.17,,,,,,,,,,,,,,,,,,,,,,,,,,,,,,1260.06,1260.06,1260.07,1260.07,1260.07,1260.08,,,,,,,,,,,,,,,,,,,,,,,,,,,,,,,,,,,,,,,,,,,,
28788,0.036,0.152,,0.019,-0.164,,,,-0.086,,,,,,,,,,,,,,,,,,,,,,,,,,,,,,,,,,,,,,,,,,,,,,,,,,,,,,,,,,,,,,,,,,,0.058,-0.002,0.079,0.058,-0.012,-0.046,-0.119,0.0,-0.012,0.0,0.012,0.013,0.017,0.0,,0.0,,,,,,,,,,0,618.07,618.07,,618.09,,,,,,,,,,,,,,,,,,,,,,,,,,,619.41,619.41,619.41,619.41,619.41,,,,,,,,,,,,,,,,,,,,,,,,,,,,,,,,,,,,,,T1,,,,,,,
16293,0.075,0.04,,0.019,,,-0.041,-0.003,,0.014,,0.203,-0.01,,,0.062,,,,,,,,,,,,,,,,,,,,,,,,,,,,,,,,,,,,,,,,,,,,,,,,,,,,,,,-0.135,0.22,,,,-0.106,-0.117,0.082,-0.106,0.004,-0.046,0.124,0.0,-0.012,0.0,0.016,0.013,0.017,0.0,,0.0,,,,,,,,,,0,1324.36,1324.36,,,1372.93,,,,,,,,,,,,,,,,,,,,,,,,1373.06,,1374.61,1374.61,1374.62,1374.62,1374.62,,,,,,,,,,,,,,,,,,,,,,,,,,,,,,,,,,,,,,T1,,,,,,,
9194,-0.068,0.024,0.0,,,-0.101,,,,,,,,,,,,,,,,,,,,,,,,,,,,,,,,,,,,,,,,,,,,,,,,,,,,,,,,,,,,,,,,,,,,,,0.104,0.125,-0.68,0.104,0.122,-0.072,,,,,0.012,0.013,0.017,0.0,,0.0,,,,,,,,,,0,22.27,,22.31,,,,,,,,,,,,,,,,,,,,,,,,,,,,34.52,34.52,34.52,,34.52,,,,,,,,,,,,,,,,,,,,,,,,,,,,,,,,,,,,,,T1,,,,,,,
18577,,,,,,,,,,,,,,,,,,,0.053,0.146,0.001,-0.077,,-0.041,,-0.066,,,,,,,,,,,,,,,,,,,,,,,,,,,,,,,,,,,,,,,,,,,,,,,-0.035,,,-0.031,-0.098,0.063,-0.031,-0.031,0.112,-0.038,0.0,0.02,0.0,0.012,0.013,0.153,0.0,0.0,0.0,,,,,,,,,,0,,,,,,,,1039.81,1039.85,,,,,,,,,,,,,,,,,,,,,,1071.89,1071.89,1071.9,1071.9,1071.9,1071.92,,,,,,,,,,,,T1,,,T3,,,,,,,,,,,,,,,,,,,,,,T1,,,,,,,
1336,,,,,,,,,,-0.006,-0.034,,,,,0.138,,,,,,,,,,,,,,,,,,,,,,,,,,,,,,,,,,,,,,,,,,,,,,,,,,,,,,,0.241,0.276,,,,-0.132,0.055,0.082,-0.132,-0.071,-0.072,0.151,0.0,0.022,0.0,0.014,0.013,-0.165,0.0,,0.0,,,,,,,,,,0,,,,,,,,,,,,,,,,,,,,,,,,,,,,,1314.49,,1323.39,1323.39,1323.39,1323.39,1323.39,,,,,,,,,,,,,,,,,,,,,,,,,,,,,,,,,,,,,,T1,,,,,,,
1867,,,,,,,,,,0.006,-0.034,,,,,,-0.006,-0.08,,,,,,,,,,,,,,,,,,,,,,,,,,,,,,,,,,,,,,,,,,,,,,,,,,,,,,,,,,-0.106,-0.104,0.082,-0.106,-0.086,0.059,0.016,0.0,-0.003,0.0,0.01,0.013,-0.074,0.0,0.0,0.0,,,,,,,,,,0,,,,,,,1398.67,,,,,,,,,,,,,,,,,,,,,,,,1400.41,1400.41,1400.41,1400.41,1400.41,1400.43,,,,,,,,,,,,,,,,,,,,,,,,,,,,,,,,,,,,,,,,,,,,
21011,,,,,,,,,,0.022,,-0.175,,,,,0.015,0.022,,,,,,,,,,,,,,,,,,,,,,,,,,,,,,,,,,,,,,,,,,,,,,,,,,,,,,,,,,,,,,,,,,,,,,,,,,0.0,0.0,-0.031,-0.038,,-0.274,0.0,,0.0,0,,,,,1378.14,,1378.17,,,,,,,,,,,,,,,,,,,,,,,,,,,,,,1378.63,,1378.7,1378.7,,,,,,,,,,,,,,,,,,,,,,,,,,,,,,,,,,,,,,,,
25299,,,,,,,,,,-0.01,,0.251,,,,-0.011,,,,,,,,,,,,,,,,,,,,,,,,,,,,,,,,,,,,,,,,,,,,,,,,,,,,,,,,,,,,-0.005,-0.085,0.063,-0.005,0.012,-0.02,-0.038,0.0,0.012,0.0,0.014,0.013,0.153,0.0,,0.0,,,,,,,,,,0,,,,,979.02,,,,,,,,,,,,,,,,,,,,,,,,,,980.87,980.87,980.87,980.87,980.87,,,,,,,,,,,,,,,,,,,,,,,,,,,,,,,,,,,,,,T1,,,,,,,
3545,-0.003,0.029,,0.019,-0.164,,,,-0.067,,,,,,,,,,,,,,,,,,,,,,,,,,,,,,,,,,,,,,,,,,,,,,,,,,,,,,,,,,,,,,,,-0.035,,,0.033,0.036,0.063,0.033,0.082,-0.046,0.07,0.0,0.008,0.0,0.013,0.013,-0.119,0.0,0.0,0.0,,,,,,,,,,0,938.98,938.98,,939.0,,,,,,,,,,,,,,,,,,,,,,,,,,,944.04,944.04,944.05,944.05,944.05,944.08,,,,,,,,,,,,,,,,,,,,,,,,,,,,,,,,,,,,,,,,,,,,
33245,,,,,,,,,,-0.002,,0.487,,-0.078,-0.042,,,,,,,,,,,,,,,,,,,,,,,,,,,,,,,,,,,,,,,,,,,,,,,,,,,,,,,,,,,,,-0.096,-0.021,0.082,-0.096,0.039,-0.204,0.07,0.0,-0.012,0.0,0.017,0.013,-0.074,0.0,0.0,0.0,,,,,,,,,,0,,,,,573.73,573.75,,,,,,,,,,,,,,,,,,,,,,,,,575.78,575.78,575.79,575.79,575.79,575.81,,,,,,,,,,,,,,,,,,,,,,,,,,,,,,,,,,,,,,,,,,,,
18323,0.003,0.067,0.0,,-0.164,,-0.013,0.001,,,,,,,,,,,,,,,,,,,,,,,,,,,,,,,,,,,,,,,,,,,,,,,,,,,,,,,,,,,,,,,,,,,,-0.043,-0.066,0.057,-0.043,0.067,0.007,-0.065,0.0,-0.012,0.0,0.013,0.013,-0.165,0.0,0.0,0.0,,,,,,,,,,0,902.33,,,,,,,,,,,,,,,,,,,,,,,,,,,,,,905.65,905.65,905.65,905.65,905.65,905.67,,,,,,,,,,,,,,,,,,,,,,,,,,,,,,,,,,,,,,,,,,,,
38746,,,,,,,,,,-0.002,,-0.36,-0.01,-0.032,0.241,,,,,,,,,,,,,,,,,,,,,,,,,,,,,,,,,,,,,,,,,,,,,,,,,,,,,,,,,,,,,0.158,-0.085,0.082,0.158,0.098,-0.099,,,,,0.01,0.013,-0.029,0.0,0.0,0.0,,,,,,,,,,0,,,,,476.05,476.08,,,,,,,,,,,,,,,,,,,,,,,,,476.6,476.6,476.61,,476.61,476.62,,,,,,,,,,,,,,,,,,,,,,,,,,,,,,,,,,,,,T1,,,,,,,
44474,,,,,,,,,,,,,,,,,,,,,,,,,,,,,,,,,,,,,,,,,,,,,,,,,,,,,0.01,0.002,,0.511,,,,,,,,,,,,,,,0.098,-0.137,,,,-0.006,0.1,0.082,-0.006,0.039,-0.151,,,,,0.012,0.013,0.153,0.0,,0.0,,,,,,,,,,0,,,,,,,,,,,,,,,,,,,,,,,,,,,,,455.72,,468.58,468.58,468.59,,468.59,,,,,,,,,,,,,,,,,,,,,,,,,,,,,,,,,,,,,,T1,,,,,,,
10656,,,,,,,,,,-0.006,,-0.105,-0.01,0.014,-0.257,,,,,,,,,,,,,,,,,,,,,,,,,,,,,,,,,,,,,,,,,,,,,,,,,,,,,,,,-0.088,0.274,,,,-0.056,-0.04,0.082,-0.056,-0.067,0.033,-0.038,0.0,-0.003,0.0,0.012,0.013,-0.029,0.0,0.0,0.0,,,,,,,,,,0,,,,,1314.19,1314.21,,,,,,,,,,,,,,,,,,,,,,,1314.59,,1323.24,1323.24,1323.25,1323.25,1323.25,1323.26,,,,,,,,,,,,,,,,,,,,,,,,,,,,,,,,,,,,,,,,,,,,
40360,-0.068,-0.014,,0.019,,,,,-0.034,,,,,,,,,,,,,,,,,,,,,,,,,,,,,,,,,,,,,,,,,,,,,,,,,,,,,,,,,,,,,,,,,,,-0.081,0.119,0.063,-0.081,-0.024,0.033,-0.038,0.0,-0.013,0.0,0.013,0.013,0.017,0.0,0.0,0.0,,,,,,,,,,0,971.48,971.48,,971.51,,,,,,,,,,,,,,,,,,,,,,,,,,,973.41,973.41,973.41,973.41,973.41,973.42,,,,,,,,,,,,,,,,,,,,,,,,,,,,,,,,,,,,,T1,,,,,,,
35069,,,,,,,,,,,,,,,,,,,,,,,,,,,,,,,,,,,,,,,,,,,,,,,,,,,,,,,,,,,,,,,,,,,,,,,,,,,,0.058,-0.034,0.057,0.058,0.078,0.059,0.043,0.0,0.004,0.0,0.01,0.013,0.062,,0.0,0.0,,,,,,,,,,0,,,,,,,,,,,,,,,,,,,,,,,,,,,,,,,785.86,785.86,785.87,785.87,785.87,785.9,,,,,,,,,,,,,,,,,,,,,,,,,,,,,,,,,,,,,,,,,,,,
10217,,,,,,,,,,,,,,,,,,,,,,,,,,,,,,,,,,,0.031,-0.008,0.04,,-0.111,,0.054,,,,,,,,,,,,,,,,,,,,,,,,,,,,,,0.252,0.057,,,,0.109,-0.085,0.057,0.109,0.067,-0.072,-0.065,0.0,0.013,0.0,0.011,0.013,-0.21,0.0,0.0,0.0,,,,,,,,,,0,,,,,,,,,,,,,,676.4,676.42,676.42,,,,,,,,,,,,,710.88,,718.38,718.38,718.38,718.38,718.38,718.4,,,,,,,,,,,,,,,,,,,,T1,,,,,,,,,,,,,,,,,T1,,,,,,,
28101,-0.01,0.147,,0.019,-0.164,,-0.045,0.001,,,,,,,,,,,,,,,,,,,,,,,,,,,,,,,,,,,,,,,,,,,,,,,,,,,,,,,,,,,,,,,,,-0.035,,,0.109,-0.181,0.101,0.109,0.035,-0.046,-0.065,0.0,-0.012,0.0,0.008,0.013,0.017,0.0,,0.0,,,,,,,,,,1,611.08,611.08,,,,,,,,,,,,,,,,,,,,,,,,,,,,,617.31,617.31,617.32,617.32,617.32,,,,,,,,,,,,,,,,,,,,,,,,,,,,,,,,,,,,,,T1,,,,,,,
19254,-0.023,0.029,,0.019,0.336,,,,0.048,,,,,,,,,,,,,,,,,,,,,,,,,,,,,,,,,,,,,,,,,,,,,,,,,,,,,,,,,,,,,,,,,,,0.07,-0.079,0.063,0.07,-0.035,-0.178,-0.119,0.0,-0.005,0.0,0.01,0.013,0.199,0.0,0.0,0.0,,,,,,,,,,0,1096.95,1096.95,,1096.97,,,,,,,,,,,,,,,,,,,,,,,,,,,1098.47,1098.47,1098.47,1098.47,1098.47,1098.49,,,,,,,,,,,,,,,,,,,,,,,,,,,,,,,,,,,,,T1,,,,,,,
37461,,,,,,,,,,-0.014,,0.053,,,,0.044,,,,,,,,,,,,,,,,,,,,,,,,,,,,,,,,,,,,,,,,,,,,,,,,,,,,,,,,,,,,0.142,-0.161,-0.029,0.142,0.055,-0.02,,,,,0.012,0.013,-0.029,0.0,0.0,0.0,,,,,,,,,,0,,,,,189.06,,,,,,,,,,,,,,,,,,,,,,,,,,189.89,189.89,189.89,,189.89,189.91,,,,,,,,,,,,,,,,,,,,,,,,,,,,,,,,,,,,,T1,,,,,,,
22773,-0.049,0.093,,0.019,,,-0.041,-0.002,,,,,,,,,,,,,,,,,,,,,,,,,,,,,,,,,,,,,,,,,,,,,,,,,,,,,,,,,,,,,,,,,,,,0.084,-0.091,0.101,0.084,0.051,-0.125,-0.011,0.0,-0.011,0.0,0.007,0.013,0.017,0.0,,0.0,,,,,,,,,,0,603.08,603.08,,,,,,,,,,,,,,,,,,,,,,,,,,,,,607.18,607.18,607.18,607.18,607.18,,,,,,,,,,,,,,,,,,,,,,,,,,,,,,,,,,,,,,T1,,,,,,,
43131,,,,,,,,,,,,,,,,,,,,,,,,,,,,,,,,,,,-0.121,,,0.045,,0.027,-0.087,,,,,,,,,,,,,,,,,,,,,,,,,,,,,,0.049,-0.016,,,,0.084,-0.034,0.057,0.084,-0.02,-0.178,0.016,0.0,0.012,0.0,0.016,0.013,-0.119,0.0,0.0,0.0,,,,,,,,,,0,,,,,,,,,,,,,,804.27,,,,,,,,,,,,,,,806.78,,808.69,808.69,808.7,808.7,808.7,808.72,,,,,,,,,,,,,,,,,,,,T1,,T1,,,,,,,,,,,,,,,T1,,,,,,,
27400,-0.114,-0.131,,0.019,,,-0.054,-0.003,,,,,,,,,,,,,,,,,,,,,,,,,,,,,,,,,,,,,,,,,,,,,,,,,,,,,,,,,,,,,,,,,,,,0.32,-0.047,0.037,0.32,0.012,-0.072,,,,,0.011,0.013,0.244,0.0,,0.0,,,,,,,,,,0,370.38,370.38,,,,,,,,,,,,,,,,,,,,,,,,,,,,,371.63,371.63,371.63,,371.63,,,,,,,,,,,,,,,,,,,,,,,,,,,,,,,,,,,,,,T1,,,,,,,
21169,0.016,0.109,,0.019,-0.164,,,,0.033,,,,,,,,,,,,,,,,,,,,,,,,,,,,,,,,,,,,,,,,,,,,,,,,,,,,,,,,,,,,,,,,,,,0.058,-0.009,0.057,0.058,-0.027,0.191,0.016,0.0,-0.013,0.0,0.014,0.013,-0.074,0.0,,0.0,,,,,,,,,,1,885.96,885.97,,885.99,,,,,,,,,,,,,,,,,,,,,,,,,,,889.69,889.69,889.7,889.7,889.7,,,,,,,,,,,,,,,,,,,,,,,,,,,,,,,,,,,,,,T1,,,,,,,
45206,,,,,,,,,,,,,,,,,,,,,,,,,,,,,,,,,,,,,,,,,,-0.124,,,-0.014,-0.011,,-0.09,,,,,,,,,,,,,,,,,,,,,,,0.045,-0.012,,,,-0.081,0.004,0.063,-0.081,-0.008,0.059,-0.092,0.0,-0.013,0.0,0.012,0.013,0.017,0.0,,0.0,,,,,,,,,,1,,,,,,,,,,,,,,,,,1005.53,1005.64,,,,,,,,,,,1023.16,,1031.66,1031.66,1031.66,1031.66,1031.66,,,,,,,,,,,,,,,,,,,,,,,,,,,,,,,,,,,,,,,,,,,,,
35128,0.101,-0.014,0.0,,-0.164,,0.025,0.002,,,,,,,,,,,,,,,,,,,,,,,,,,,,,,,,,,,,,,,,,,,,,,,,,,,,,,,,,,,,,,,,,,,,-0.055,0.17,0.082,-0.055,0.027,-0.204,-0.065,0.0,-0.003,0.0,0.01,0.013,-0.029,0.0,,0.0,,,,,,,,,,0,539.47,,,,,,,,,,,,,,,,,,,,,,,,,,,,,,551.01,551.01,551.01,551.01,551.01,,,,,,,,,,,,,,,,,,,,,,,,,,,,,,,,,,,,,,T1,,,,,,,
19239,,,,,,,,,,,,,,,,,,,,,,,,,,,,,,,,,,,,,,,,,,-0.051,0.001,0.001,,-0.02,,0.077,,,,,,,,,,,,,,,,,,,,,,,,,,,,0.02,-0.009,0.082,0.02,-0.004,-0.151,,,,,0.017,0.013,0.017,0.0,0.0,0.0,,,,,,,,,,0,,,,,,,,,,,,,,,,,470.73,,,,,,,,,,,,,,506.39,506.39,506.4,,506.4,506.42,,,,,,,,,,,,,,,,,,,,,,,,,,,,,,,,,,,,,,,,,,,,
45381,0.03,-0.046,,0.019,-0.164,-0.073,,,,,,,,,,,,,,,,,,,,,,,,,,,,,,,,,,,,,,,,,,,,,,,,,,,,,,,,,,,,,,,,,,,,,,-0.257,0.049,0.037,-0.257,,-0.309,,,,,0.013,0.013,-0.119,0.0,0.0,0.0,,,,,,,,,,0,263.23,263.24,263.26,,,,,,,,,,,,,,,,,,,,,,,,,,,,263.48,263.48,263.49,,263.49,263.51,,,,,,,,,,,,,,,,,,,,,,,,,,,,,,,,,,,,,,,,,,,,
23704,0.049,0.024,,-0.081,,0.086,,,,,,,,,,,,,,,,,,,,,,,,,,,,,,,,,,,,,,,,,,,,,,,,,,,,,,,,,,,,,,,,,,,,,,,,,,,,,,,,,,,,,,0.0,0.0,-0.15,,-0.043,-0.107,0.0,0.069,0.0,0,1390.67,1390.68,1390.71,,,,,,,,,,,,,,,,,,,,,,,,,,,,,,,,,,1391.85,,1391.86,1391.87,,,,,,,,,,,,,,,,,,,,,,,,,,,,,,,,,,,,,,,,
3899,0.069,0.259,,-0.081,-0.164,,,,0.046,,,,,,,,,,,,,,,,,,,,,,,,,,,,,,,,,,,,,,,,,,,,,,,,,,,,,,,,,,,,,,,,,,,-0.132,-0.028,0.082,-0.132,-0.094,0.059,0.097,0.0,-0.012,0.0,0.01,0.013,0.062,0.0,0.0,0.0,,,,,,,,,,0,1426.31,1426.31,,1426.35,,,,,,,,,,,,,,,,,,,,,,,,,,,1427.48,1427.48,1427.49,1427.49,1427.49,1427.51,,,,,,,,,,,,,,,,,,,,,,,,,,,,,,,,,,,,,,,,,,,,
58665,,,,,,,,,,,,,,,,,,,,,,,,,,,,,,,,,,,-0.117,0.047,0.043,,,-0.021,0.011,,,,,,,,,,,,,,,,,,,,,,,,,,,,,,,,-0.035,,,-0.005,-0.053,0.063,-0.005,-0.008,0.138,-0.092,0.0,-0.013,0.0,0.014,0.013,0.153,0.0,,0.0,,,,,,,,,,0,,,,,,,,,,,,,,977.5,977.52,,,,,,,,,,,,,,,,994.25,994.25,994.25,994.25,994.25,,,,,,,,,,,,,,,,,,,,,T1,,,,,,,,,,,,,,,,,T1,,,,,,,
56148,,,,,,,,,,-0.002,0.066,,-0.01,0.078,0.031,,,,,,,,,,,,,,,,,,,,,,,,,,,,,,,,,,,,,,,,,,,,,,,,,,,,,,,,,,,,,,,,,,,,,,,,,,,,,0.0,0.0,-0.142,,-0.028,-0.242,0.0,0.269,0.0,0,,,,,,1389.72,,,,,,,,,,,,,,,,,,,,,,,,,,,,,,,1391.39,,1391.4,1391.41,,,,,,,,,,,,,,,,,,,,,,,,,,,,,,,,,,,,,,,,
48780,,,,,,,,,,,,,,,,,,,,,,,,,,,,,,,,,,,-0.012,,,0.157,,0.108,-0.055,,,,,,,,,,,,,,,,,,,,,,,,,,,,,,-0.094,-0.041,,,,0.008,-0.015,0.057,0.008,-0.027,0.191,-0.011,0.0,-0.004,0.0,0.018,0.013,-0.119,0.0,,0.0,,,,,,,,,,0,,,,,,,,,,,,,,761.58,,,,,,,,,,,,,,,778.65,,784.25,784.25,784.26,784.26,784.26,,,,,,,,,,,,,,,,,,,,,T1,,T1,,,,,,,,,,,,,,,T1,,,,,,,
27855,-0.068,-0.078,0.0,,,-0.047,,,,,,,,,,,,,,,,,,,,,,,,,,,,,,,,,,,,,,,,,,,,,,,,,,,,,,,,,,,,,,,,,,,,,,0.146,-0.072,0.082,0.146,-0.059,-0.02,-0.092,0.0,-0.012,0.0,0.011,0.013,0.108,0.0,,0.0,,,,,,,,,,0,1357.64,,1357.68,,,,,,,,,,,,,,,,,,,,,,,,,,,,1359.52,1359.52,1359.53,1359.53,1359.53,,,,,,,,,,,,,,,,,,,,,,,,,,,,,,,,,,,,,,,,,,,,,
39729,,,,,,,,,,,,,,,,,,,-0.132,-0.067,-0.005,-0.186,,,0.0,-0.221,,,,,,,,,,,,,,,,,,,,,,,,,,,,,,,,,,,,,,,,,,,,,0.013,-0.012,,,,0.16,0.023,0.057,0.16,0.055,0.033,-0.065,0.0,-0.013,0.0,0.017,0.013,0.108,0.0,0.0,0.0,,,,,,,,,,0,,,,,,,,806.49,806.5,806.51,,,,,,,,,,,,,,,,,,,810.32,,819.52,819.52,819.52,819.52,819.52,819.54,,,,,,,,,,,,T1,,,T3,,,,,,,,,,,,,,,,,,,,,,,,,,,,,
44549,,,,,,,,,,0.002,0.066,,-0.01,,,-0.061,,,,,,,,,,,,,,,,,,,,,,,,,,,,,,,,,,,,,,,,,,,,,,,,,,,,,,,,,,,,-0.085,0.151,-0.702,-0.085,,0.007,,,,,-0.969,-0.987,0.017,0.0,0.0,0.0,,,,,,,,,,0,,,,,,,,,,,,,,,,,,,,,,,,,,,,,,,157.13,157.13,157.18,,157.18,157.21,,,,,,,,,,,,,,,,,,,,,,,,,,,,,,,,,,,,,T1,,,,,,,
6497,,,,,,,,,,-0.006,-0.034,,,0.03,0.241,,,,,,,,,,,,,,,,,,,,,,,,,,,,,,,,,,,,,,,,,,,,,,,,,,,,,,,,,,,,,0.058,0.074,0.057,0.058,0.047,0.007,-0.011,0.0,-0.012,0.0,0.012,0.013,-0.119,0.0,,0.0,,,,,,,,,,0,,,,,,624.38,,,,,,,,,,,,,,,,,,,,,,,,,627.04,627.04,627.04,627.04,627.04,,,,,,,,,,,,,,,,,,,,,,,,,,,,,,,,,,,,,,T1,,,,,,,
50783,-0.023,0.195,,-0.081,-0.164,-0.03,,,,,,,,,,,,,,,,,,,,,,,,,,,,,,,,,,,,,,,,,,,,,,,,,,,,,,,,,,,,,,,,,,,,,,-0.197,0.061,0.082,-0.197,0.071,-0.02,-0.011,0.0,-0.012,0.0,0.011,0.013,-0.21,0.0,0.0,0.0,,,,,,,,,,0,573.85,573.86,574.04,,,,,,,,,,,,,,,,,,,,,,,,,,,,575.43,575.43,575.43,575.43,575.43,575.45,,,,,,,,,,,,,,,,,,,,,,,,,,,,,,,,,,,,,T1,,,,,,,
26744,,,,,,,,,,,,,,,,,,,,,,,,,,,,,,,,,,,-0.379,,,-0.34,,-0.041,-0.038,,,,,,,,,,,,,,,,,,,,,,,,,,,,,,0.112,-0.066,,,,-0.081,-0.034,0.063,-0.081,0.059,0.086,0.016,0.0,0.013,0.0,0.012,0.013,0.017,0.0,0.0,0.0,,,,,,,,,,0,,,,,,,,,,,,,,1187.91,,,,,,,,,,,,,,,1199.2,,1206.39,1206.39,1206.39,1206.39,1206.39,1206.44,,,,,,,,,,,,,,,,,,,,T1,,T1,,,,,,,,,,,,,,,,,,,,,,
58922,,,,,,,,,,,,,,,,,,,,,,,,,,,,,,,,,,,-0.147,,,0.01,0.144,,-0.034,,,,,,,,,,,,,,,,,,,,,,,,,,,,,,,,-0.035,,,-0.005,0.004,0.063,-0.005,-0.004,0.112,-0.065,0.0,0.008,0.0,-0.969,-0.987,0.244,0.0,,0.0,,,,,,,,,,0,,,,,,,,,,,,,,997.07,,997.09,,,,,,,,,,,,,,,1011.77,1011.77,1011.84,1011.84,1011.84,,,,,,,,,,,,,,,,,,,,,T1,,T1,,,,,,,,,,,,,,,T1,,,,,,,
40970,-0.036,0.27,0.0,,0.336,,-0.029,-0.008,,,,,,,,,,,,,,,,,,,,,,,,,,,,,,,,,,,,,,,,,,,,,,,,,,,,,,,,,,,,,,,,,,,,-0.056,-0.085,0.082,-0.056,-0.055,-0.02,0.151,0.0,-0.012,0.0,0.011,0.013,0.108,0.0,,0.0,,,,,,,,,,0,1272.41,,,,,,,,,,,,,,,,,,,,,,,,,,,,,,1278.68,1278.68,1278.68,1278.68,1278.68,,,,,,,,,,,,,,,,,,,,,,,,,,,,,,,,,,,,,,,,,,,,,
46891,,,,,,,,,,-0.006,-0.034,,-0.01,0.042,0.246,,,,,,,,,,,,,,,,,,,,,,,,,,,,,,,,,,,,,,,,,,,,,,,,,,,,,,,,,,,,,0.083,0.011,0.082,0.083,0.078,-0.099,,,,,0.01,0.013,-0.029,0.0,0.0,0.0,,,,,,,,,,0,,,,,,476.33,,,,,,,,,,,,,,,,,,,,,,,,,476.75,476.75,476.75,,476.75,476.76,,,,,,,,,,,,,,,,,,,,,,,,,,,,,,,,,,,,,T1,,,,,,,
10330,-0.049,-0.019,,0.019,0.336,,,,0.086,,,,,,,,,,,,,,,,,,,,,,,,,,,,,,,,,,,,,,,,,,,,,,,,,,,,,,,,,,,,,,,,,,,0.07,-0.06,0.082,0.07,-0.067,0.059,0.097,0.0,-0.003,0.0,0.011,0.013,0.062,0.0,0.0,0.0,,,,,,,,,,0,1392.15,1392.17,,1392.2,,,,,,,,,,,,,,,,,,,,,,,,,,,1393.24,1393.24,1393.25,1393.25,1393.25,1393.26,,,,,,,,,,,,,,,,,,,,,,,,,,,,,,,,,,,,,T1,,,,,,,
36791,,,,,,,,,,,,,,,,,,,,,,,,,,,,,,,,,,,,,,,,,,-0.079,,,-0.034,,0.369,-0.018,,,,,,,,,,,,,,,,,,,,,,,-0.291,-0.012,,,,-0.005,0.074,0.063,-0.005,-0.043,-0.046,0.07,0.0,-0.003,0.0,0.014,0.013,0.108,0.0,0.0,0.0,,,,,,,,,,0,,,,,,,,,,,,,,,,,1147.05,1147.16,1147.16,,,,,,,,,,1174.6,,1177.11,1177.11,1177.12,1177.12,1177.12,1177.14,,,,,,,,,,,,,,,,,,,,,,,,,,,,,,,,,,,,,T1,,,,,,,
42678,-0.062,-0.019,0.0,,-0.164,,-0.005,0.001,,,,,,,,,,,,,,,,,,,,,,,,,,,,,,,,,,,,,,,,,,,,,,,,,,,,,,,,,,,,,,,,,-0.035,,,-0.207,0.036,0.063,-0.207,0.063,0.059,0.07,0.0,-0.012,0.0,0.016,0.013,-0.119,0.0,0.0,0.0,,,,,,,,,,0,956.94,,,,,,,,,,,,,,,,,,,,,,,,,,,,,,960.95,960.95,960.95,960.95,960.95,960.97,,,,,,,,,,,,,,,,,,,,,,,,,,,,,,,,,,,,,,,,,,,,
30617,-0.023,0.158,,0.019,-0.164,,,,-0.265,,,,,,,,,,,,,,,,,,,,,,,,,,,,,,,,,,,,,,,,,,,,,,,,,,,,,,,,,,,,,,,,,,,-0.055,-0.066,0.082,-0.055,0.004,-0.02,-0.092,0.0,0.014,0.0,0.016,0.013,-0.029,0.0,,0.0,,,,,,,,,,0,551.17,551.17,,551.2,,,,,,,,,,,,,,,,,,,,,,,,,,,552.87,552.87,552.87,552.87,552.87,,,,,,,,,,,,,,,,,,,,,,,,,,,,,,,,,,,,,,T1,,,,,,,
57607,,,,,,,,,,,,,,,,,,,-0.175,-0.067,,,-0.207,,0.0,-0.072,,,,,,,,,,,,,,,,,,,,,,,,,,,,,,,,,,,,,,,,,,,,,,,-0.035,,,0.058,-0.015,0.057,0.058,-0.02,-0.046,0.043,0.0,0.012,0.0,0.01,0.013,-0.074,0.0,,0.0,,,,,,,,,,0,,,,,,,,806.16,,806.18,,,,,,,,,,,,,,,,,,,,,820.37,820.37,820.37,820.37,820.37,,,,,,,,,,,,,T1,,T1,T3,,,,,,,,,,,,,,,,,,,,,,,,,,,,,
18798,-0.016,-0.035,,0.119,0.336,,-0.023,-0.001,,,,,,,,,,,,,,,,,,,,,,,,,,,,,,,,,,,,,,,,,,,,,,,,,,,,,,,,,,,,,,,,,,,,-0.232,0.049,0.037,-0.232,0.078,0.059,,,,,0.011,0.013,-0.074,0.0,,0.0,,,,,,,,,,0,253.53,253.54,,,,,,,,,,,,,,,,,,,,,,,,,,,,,254.42,254.42,254.42,,254.42,,,,,,,,,,,,,,,,,,,,,,,,,,,,,,,,,,,,,,,,,,,,,
50470,,,,,,,,,,,,,,,,,,,,,,,,,,,,,,,,,,,0.063,,,0.12,,0.027,-0.041,,,,,,,,,,,,,,,,,,,,,,,,,,,,,,,,-0.035,,,0.079,0.093,0.082,0.079,0.059,-0.125,,,,,0.012,0.013,0.062,0.0,0.0,0.0,,,,,,,,,,0,,,,,,,,,,,,,,392.13,,,,,,,,,,,,,,,,,448.68,448.68,448.69,,448.69,448.7,,,,,,,,,,,,,,,,,,,,T1,,T1,,,,,,,,,,,,,,,T1,,,,,,,
11978,,,,,,,,,,,,,,,,,,,,,,,,,,,,,,,,,,,-0.158,-0.064,-0.009,,0.207,,0.078,,,,,,,,,,,,,,,,,,,,,,,,,,,,,,,,-0.035,,,0.058,-0.155,0.057,0.058,-0.004,-0.125,-0.038,0.0,0.004,0.0,0.018,0.013,-0.119,0.0,0.0,0.0,,,,,,,,,,1,,,,,,,,,,,,,,703.48,703.61,703.61,,,,,,,,,,,,,,,743.24,743.24,743.25,743.25,743.25,743.27,,,,,,,,,,,,,,,,,,,,T1,,,,,,,,,,,,,,,,,T1,,,,,,,
5764,0.01,0.125,,-0.081,,,,,0.037,,,,,,,,,,,,,,,,,,,,,,,,,,,,,,,,,,,,,,,,,,,,,,,,,,,,,,,,,,,,,,,,,,,0.021,0.087,0.082,0.021,0.078,-0.178,0.016,0.0,-0.012,0.0,0.009,0.013,0.108,0.0,0.0,0.0,,,,,,,,,,0,557.97,557.98,,558.0,,,,,,,,,,,,,,,,,,,,,,,,,,,559.11,559.11,559.11,559.11,559.11,559.12,,,,,,,,,,,,,,,,,,,,,,,,,,,,,,,,,,,,,,,,,,,,
31344,0.095,0.179,,0.019,-0.164,0.304,,,,,,,,,,,,,,,,,,,,,,,,,,,,,,,,,,,,,,,,,,,,,,,,,,,,,,,,,,,,,,,,,,,,,,-0.132,-0.021,0.082,-0.132,-0.067,0.033,0.205,0.0,0.047,0.0,0.011,0.013,,0.0,,0.0,,,,,,,,,,1,1394.88,1394.88,1394.9,,,,,,,,,,,,,,,,,,,,,,,,,,,,1395.59,1395.59,1395.6,1395.6,1395.6,,,,,,,,,,,,,,,,,,,,,,,,,,,,,,,,,,,,,,T1,,,,,,,
59304,,,,,,,,,,,,,,,,,,,,,,,,,,,,,,,,,,,0.138,,,-0.013,,0.148,-0.027,,,,,,,,,,,,,,,,,,,,,,,,,,,,,,-0.048,0.27,,,,0.008,-0.015,0.057,0.008,0.055,0.191,-0.119,0.0,-0.013,0.0,0.02,0.013,-0.165,0.0,,0.0,,,,,,,,,,1,,,,,,,,,,,,,,794.65,,,,,,,,,,,,,,,800.84,,803.52,803.52,803.53,803.53,803.53,,,,,,,,,,,,,,,,,,,,,T1,,T1,,,,,,,,,,,,,,,T1,,,,,,,
44738,0.03,0.035,,0.019,,,0.086,-0.003,,,,,,,,,,,,,,,,,,,,,,,,,,,,,,,,,,,,,,,,,,,,,,,,,,,,,,,,,,,,,,,,,,,,-0.005,-0.009,0.104,-0.005,-0.016,0.217,-0.065,0.0,0.021,0.0,0.009,0.013,-0.21,0.0,,0.0,,,,,,,,,,0,1497.72,1497.73,,,,,,,,,,,,,,,,,,,,,,,,,,,,,1501.19,1501.19,1501.2,1501.2,1501.2,,,,,,,,,,,,,,,,,,,,,,,,,,,,,,,,,,,,,,T1,,,,,,,
27525,-0.01,-0.014,,0.019,-0.164,,,,-0.024,,,,,,,,,,,,,,,,,,,,,,,,,,,,,,,,,,,,,,,,,,,,,,,,,,,,,,,,,,,,,,,,,,,-0.005,-0.066,0.063,-0.005,-0.039,0.007,0.043,0.0,-0.003,0.0,0.009,0.013,-0.029,0.0,0.0,0.0,,,,,,,,,,0,1156.72,1156.72,,1156.74,,,,,,,,,,,,,,,,,,,,,,,,,,,1158.24,1158.24,1158.25,1158.25,1158.25,1158.26,,,,,,,,,,,,,,,,,,,,,,,,,,,,,,,,,,,,,T1,,,,,,,
2805,-0.068,-0.083,0.0,,0.336,,,,0.072,,,,,,,,,,,,,,,,,,,,,,,,,,,,,,,,,,,,,,,,,,,,,,,,,,,,,,,,,,,,,,,,,,,0.068,0.119,0.015,0.068,-0.055,-0.02,,,,,0.01,0.013,-0.074,0.0,,0.0,,,,,,,,,,0,218.48,,,218.5,,,,,,,,,,,,,,,,,,,,,,,,,,,219.38,219.38,219.39,,219.39,,,,,,,,,,,,,,,,,,,,,,,,,,,,,,,,,,,,,,T1,,,,,,,
10509,,,,,,,,,,,,,,,,,,,,,,,,,,,,,,,,,,,-0.308,-0.008,0.022,,0.026,,-0.063,,,,,,,,,,,,,,,,,,,,,,,,,,,,,,,,-0.035,,,-0.081,-0.034,0.063,-0.081,-0.016,0.033,0.043,0.0,-0.013,0.0,0.016,0.013,0.062,0.0,,0.0,,,,,,,,,,0,,,,,,,,,,,,,,960.23,960.25,960.25,,,,,,,,,,,,,,,989.4,989.4,989.4,989.4,989.4,,,,,,,,,,,,,,,,,,,,,T1,,,,,,,,,,,,,,,,,,,,,,,,
6828,0.049,0.136,0.0,,-0.164,,-0.009,-0.002,,,,,,,,,,,,,,,,,,,,,,,,,,,,,,,,,,,,,,,,,,,,,,,,,,,,,,,,,,,,,,,,,,,,0.109,-0.085,0.082,0.109,0.078,-0.125,0.07,0.0,0.022,0.0,0.004,0.013,0.108,0.0,,0.0,,,,,,,,,,0,533.25,,,,,,,,,,,,,,,,,,,,,,,,,,,,,,537.25,537.25,537.26,537.26,537.26,,,,,,,,,,,,,,,,,,,,,,,,,,,,,,,,,,,,,,T1,,,,,,,
41359,,,,,,,,,,,,,,,,,,,,,,,,,,,,,,,,,,,,,,,,,,-0.019,,,-0.031,,0.134,-0.052,,,,,,,,,,,,,,,,,,,,,,,0.007,-0.048,,,,-0.031,-0.06,0.063,-0.031,-0.016,-0.046,-0.065,0.0,-0.014,0.0,0.012,0.013,0.062,0.0,,0.0,,,,,,,,,,0,,,,,,,,,,,,,,,,,996.43,996.54,996.54,,,,,,,,,,1013.44,,1020.43,1020.43,1020.43,1020.43,1020.43,,,,,,,,,,,,,,,,,,,,,,,,,,,,,,,,,,,,,,T1,,,,,,,
8122,,,,,,,,,,,,,,,,,,,,,,,,,,,,,,,,,,,-0.089,,,0.319,,0.115,0.04,,,,,,,,,,,,,,,,,,,,,,,,,,,,,,-0.096,0.026,,,,0.134,-0.149,0.057,0.134,-0.035,0.191,-0.038,0.0,-0.004,0.0,0.013,0.013,0.062,0.0,0.0,0.0,,,,,,,,,,0,,,,,,,,,,,,,,692.44,,,,,,,,,,,,,,,724.61,,735.49,735.49,735.49,735.49,735.49,735.51,,,,,,,,,,,,,,,,,,,,T1,,T1,,,,,,,,,,,,,,,,,,,,,,
9828,0.069,-0.014,0.0,,-0.164,-0.148,,,,,,,,,,,,,,,,,,,,,,,,,,,,,,,,,,,,,,,,,,,,,,,,,,,,,,,,,,,,,,,,,,,,,,-0.081,0.023,0.104,-0.081,-0.094,0.138,0.124,0.0,0.004,0.0,0.009,0.013,-0.165,0.0,,0.0,,,,,,,,,,0,1496.79,,1496.83,,,,,,,,,,,,,,,,,,,,,,,,,,,,1499.02,1499.02,1499.03,1499.03,1499.03,,,,,,,,,,,,,,,,,,,,,,,,,,,,,,,,,,,,,,T1,,,,,,,
51697,,,,,,,,,,-0.006,-0.034,,-0.01,,,,-0.024,-0.029,,,,,,,,,,,,,,,,,,,,,,,,,,,,,,,,,,,,,,,,,,,,,,,,,,,,,,,,,,0.18,0.004,-0.68,0.18,0.125,-0.02,,,,,0.01,0.013,0.108,0.0,0.0,0.0,,,,,,,,,,0,,,,,,,29.92,,,,,,,,,,,,,,,,,,,,,,,,30.75,30.75,30.75,,30.75,30.77,,,,,,,,,,,,,,,,,,,,,,,,,,,,,,,,,,,,,T1,,,,,,,
36344,0.01,-0.147,0.0,,,,,,-0.053,,,,,,,,,,,,,,,,,,,,,,,,,,,,,,,,,,,,,,,,,,,,,,,,,,,,,,,,,,,,,,,,,,,-0.157,0.03,0.104,-0.157,-0.071,0.059,-0.011,0.0,0.004,0.0,0.009,0.013,-0.165,0.0,0.0,0.0,,,,,,,,,,0,1560.65,,,1560.68,,,,,,,,,,,,,,,,,,,,,,,,,,,1565.14,1565.14,1565.14,1565.14,1565.14,1565.17,,,,,,,,,,,,,,,,,,,,,,,,,,,,,,,,,,,,,T1,,,,,,,
54369,-0.055,-0.024,,-0.081,-0.164,,,,0.075,,,,,,,,,,,,,,,,,,,,,,,,,,,,,,,,,,,,,,,,,,,,,,,,,,,,,,,,,,,,,,,,,,,,,,,,,,,,,,,,,,,0.0,0.0,0.025,0.059,,0.233,0.0,,0.0,0,524.72,524.72,,524.74,,,,,,,,,,,,,,,,,,,,,,,,,,,,,,,,,532.9,,532.93,532.94,,,,,,,,,,,,,,,,,,,,,,,,,,,,,,,,,,,,,,,,
13694,-0.003,0.104,,0.019,-0.164,,,,-0.029,,,,,,,,,,,,,,,,,,,,,,,,,,,,,,,,,,,,,,,,,,,,,,,,,,,,,,,,,,,,,,,,,,,0.134,0.017,0.101,0.134,0.0,-0.125,0.07,0.0,0.005,0.0,0.007,0.013,0.108,0.0,0.0,0.0,,,,,,,,,,0,672.69,672.69,,672.72,,,,,,,,,,,,,,,,,,,,,,,,,,,673.57,673.57,673.57,673.57,673.57,673.59,,,,,,,,,,,,,,,,,,,,,,,,,,,,,,,,,,,,,T1,,,,,,,
27228,-0.16,-0.024,,0.019,,,-0.02,-0.001,,,,,,,,,,,,,,,,,,,,,,,,,,,,,,,,,,,,,,,,,,,,,,,,,,,,,,,,,,,,,,,,,,,,,,,,,,,,,,,,,,,,0.0,0.0,-0.062,,-0.032,-0.327,0.0,-0.131,0.0,0,1432.1,1432.1,,,,,,,,,,,,,,,,,,,,,,,,,,,,,,,,,,,1432.96,,1432.98,1432.99,,,,,,,,,,,,,,,,,,,,,,,,,,,,,,,,,,,,,,,,
8185,0.075,-0.147,0.0,,-0.164,-0.028,,,,,,,,,,,,,,,,,,,,,,,,,,,,,,,,,,,,,,,,,,,,,,,,,,,,,,,,,,,,,,,,,,,,,,-0.157,-0.06,0.104,-0.157,-0.067,-0.072,-0.065,0.0,0.012,0.0,0.011,0.013,-0.21,0.0,,0.0,,,,,,,,,,0,1645.42,,1645.45,,,,,,,,,,,,,,,,,,,,,,,,,,,,1646.89,1646.89,1646.9,1646.9,1646.9,,,,,,,,,,,,,,,,,,,,,,,,,,,,,,,,,,,,,,T1,,,,,,,
4616,,,,,,,,,,,,,,,,,,,,,,,,,,,,,,,,,,,0.192,,,0.332,,0.033,-0.062,,,,,,,,,,,,,,,,,,,,,,,,,,,,,,0.065,-0.089,,,,0.02,0.03,0.063,0.02,-0.059,0.191,-0.092,0.0,-0.004,0.0,0.012,0.013,0.062,0.0,0.0,0.0,,,,,,,,,,0,,,,,,,,,,,,,,1124.24,,,,,,,,,,,,,,,1166.63,,1174.88,1174.88,1174.88,1174.88,1174.88,1174.9,,,,,,,,,,,,,,,,,,,,T1,,T1,,,,,,,,,,,,,,,T1,,,,,,,
50679,,,,,,,,,,0.014,,0.222,-0.01,0.049,0.0,,,,,,,,,,,,,,,,,,,,,,,,,,,,,,,,,,,,,,,,,,,,,,,,,,,,,,,,,,,,,0.121,-0.015,0.082,0.121,-0.075,-0.046,0.016,0.0,0.013,0.0,0.011,0.013,-0.119,0.0,,0.0,,,,,,,,,,0,,,,,1414.98,1415.01,,,,,,,,,,,,,,,,,,,,,,,,,1424.3,1424.3,1424.31,1424.31,1424.31,,,,,,,,,,,,,,,,,,,,,,,,,,,,,,,,,,,,,,T1,,,,,,,
478,-0.095,-0.094,0.0,,,,,,-0.003,,,,,,,,,,,,,,,,,,,,,,,,,,,,,,,,,,,,,,,,,,,,,,,,,,,,,,,,,,,,,,,,,,,0.045,-0.015,0.104,0.045,-0.102,0.112,0.043,0.0,0.004,0.0,0.012,0.013,0.153,0.0,0.0,0.0,,,,,,,,,,0,1499.83,,,1499.91,,,,,,,,,,,,,,,,,,,,,,,,,,,1507.87,1507.87,1507.88,1507.88,1507.88,1507.89,,,,,,,,,,,,,,,,,,,,,,,,,,,,,,,,,,,,,T1,,,,,,,
6941,,,,,,,,,,,,,,,,,,,,,,,,,,,,,,,,,,,,,,,,,,0.06,0.0,0.001,,-0.017,,-0.049,,,,,,,,,,,,,,,,,,,,,,,0.139,-0.066,,,,0.02,-0.066,0.063,0.02,-0.012,0.191,0.043,0.0,0.012,0.0,0.013,0.013,0.199,0.0,0.0,0.0,,,,,,,,,,0,,,,,,,,,,,,,,,,,1003.39,,,,,,,,,,,,1022.9,,1031.8,1031.8,1031.8,1031.8,1031.8,1031.82,,,,,,,,,,,,,,,,,,,,,,,,,,,,,,,,,,,,,T1,,,,,,,
9391,0.069,-0.019,0.0,,,,0.044,-0.001,,,,,,,,,,,,,,,,,,,,,,,,,,,,,,,,,,,,,,,,,,,,,,,,,,,,,,,,,,,,,,,,,,,,0.142,0.125,-0.029,0.142,0.024,-0.178,,,,,0.014,0.013,0.153,0.0,0.0,0.0,,,,,,,,,,1,190.9,,,,,,,,,,,,,,,,,,,,,,,,,,,,,,191.21,191.21,191.21,,191.21,191.24,,,,,,,,,,,,,,,,,,,,,,,,,,,,,,,,,,,,,T1,,,,,,,
45442,,,,,,,,,,0.006,,0.296,-0.01,,,,-0.027,-0.233,,,,,,,,,,,,,,,,,,,,,,,,,,,,,,,,,,,,,,,,,,,,,,,,,,,,,,,,,,-0.06,-0.085,-0.68,-0.06,-0.047,-0.02,,,,,0.011,0.013,-0.119,0.0,0.0,0.0,,,,,,,,,,0,,,,,155.83,,155.86,,,,,,,,,,,,,,,,,,,,,,,,157.62,157.62,157.63,,157.63,157.64,,,,,,,,,,,,,,,,,,,,,,,,,,,,,,,,,,,,,T1,,,,,,,
49457,,,,,,,,,,,,,,,,,,,,,,,,,,,,,,,,,,,,,,,,,,0.114,-0.002,0.001,,0.053,,-0.151,,,,,,,,,,,,,,,,,,,,,,,,,-0.035,,,0.02,-0.174,0.063,0.02,-0.031,0.086,-0.146,0.0,-0.013,0.0,0.018,0.013,0.062,0.0,0.0,0.0,,,,,,,,,,0,,,,,,,,,,,,,,,,,1036.88,,,,,,,,,,,,,,1065.2,1065.2,1065.2,1065.2,1065.2,1065.21,,,,,,,,,,,,,,,,,,,,,,,,,,,,,,,,,,,,,,,,,,,,
50540,0.023,0.067,,0.019,,0.038,,,,,,,,,,,,,,,,,,,,,,,,,,,,,,,,,,,,,,,,,,,,,,,,,,,,,,,,,,,,,,,,,,,,,,-0.031,-0.085,0.063,-0.031,-0.059,-0.046,-0.038,0.0,-0.012,0.0,0.014,0.013,0.017,0.0,,0.0,,,,,,,,,,0,1227.1,1227.1,1227.13,,,,,,,,,,,,,,,,,,,,,,,,,,,,1238.68,1238.68,1238.68,1238.68,1238.68,,,,,,,,,,,,,,,,,,,,,,,,,,,,,,,,,,,,,,T1,,,,,,,
50839,-0.062,-0.014,,-0.081,,,-0.087,0.0,,,,,,,,,,,,,,,,,,,,,,,,,,,,,,,,,,,,,,,,,,,,,,,,,,,,,,,,,,,,,,,,,,,,-0.182,-0.066,0.082,-0.182,-0.063,-0.125,-0.011,0.0,-0.003,0.0,0.016,0.013,-0.119,0.0,,0.0,,,,,,,,,,0,1357.21,1357.22,,,,,,,,,,,,,,,,,,,,,,,,,,,,,1361.5,1361.5,1361.51,1361.51,1361.51,,,,,,,,,,,,,,,,,,,,,,,,,,,,,,,,,,,,,,,,,,,,,
11987,,,,,,,,,,,,,,,,,,,,,,,,,,,,,,,,,,,-0.106,-0.008,-0.055,,,-0.075,-0.015,,,,,,,,,,,,,,,,,,,,,,,,,,,,,,-0.118,-0.033,,,,-0.005,-0.047,0.063,-0.005,-0.039,-0.072,0.124,0.0,-0.012,0.0,0.014,0.013,-0.029,0.0,,0.0,,,,,,,,,,0,,,,,,,,,,,,,,1189.17,1189.22,,,,,,,,,,,,,,1194.18,,1205.06,1205.06,1205.06,1205.06,1205.06,,,,,,,,,,,,,,,,,,,,,T1,,,,,,,,,,,,,,,,,T1,,,,,,,
11547,-0.062,-0.014,,0.119,,-0.054,,,,,,,,,,,,,,,,,,,,,,,,,,,,,,,,,,,,,,,,,,,,,,,,,,,,,,,,,,,,,,,,,,,-0.035,,,0.134,0.049,0.057,0.134,-0.02,-0.046,-0.011,0.0,-0.013,0.0,0.013,0.013,0.062,0.0,,0.0,,,,,,,,,,0,838.74,838.75,838.76,,,,,,,,,,,,,,,,,,,,,,,,,,,,879.67,879.67,879.68,879.68,879.68,,,,,,,,,,,,,,,,,,,,,,,,,,,,,,,,,,,,,,T1,,,,,,,
52543,0.023,0.019,,0.019,-0.164,0.098,,,,,,,,,,,,,,,,,,,,,,,,,,,,,,,,,,,,,,,,,,,,,,,,,,,,,,,,,,,,,,,,,,,,,,0.156,0.055,0.037,0.156,0.051,0.007,,,,,0.013,0.013,0.108,0.0,,0.0,,,,,,,,,,0,340.15,340.15,340.18,,,,,,,,,,,,,,,,,,,,,,,,,,,,341.99,341.99,341.99,,341.99,,,,,,,,,,,,,,,,,,,,,,,,,,,,,,,,,,,,,,T1,,,,,,,
35694,,,,,,,,,,0.01,,0.3,,,,-0.173,,,,,,,,,,,,,,,,,,,,,,,,,,,,,,,,,,,,,,,,,,,,,,,,,,,,,,,,,,,,-0.132,0.011,0.082,-0.132,-0.059,0.112,0.043,0.0,-0.003,0.0,0.013,0.013,-0.301,0.0,0.0,0.0,,,,,,,,,,0,,,,,1411.85,,,,,,,,,,,,,,,,,,,,,,,,,,1412.49,1412.49,1412.49,1412.49,1412.49,1412.52,,,,,,,,,,,,,,,,,,,,,,,,,,,,,,,,,,,,,T1,,,,,,,
57664,,,,,,,,,,-0.006,,0.065,-0.01,,,,0.021,0.247,,,,,,,,,,,,,,,,,,,,,,,,,,,,,,,,,,,,,,,,,,,,,,,,,,,,,,,,,,-0.081,-0.085,0.082,-0.081,-0.067,-0.072,0.043,0.0,0.022,0.0,0.012,0.013,-0.119,0.0,0.0,0.0,,,,,,,,,,0,,,,,1314.17,,1314.19,,,,,,,,,,,,,,,,,,,,,,,,1323.29,1323.29,1323.3,1323.3,1323.3,1323.31,,,,,,,,,,,,,,,,,,,,,,,,,,,,,,,,,,,,,,,,,,,,
7744,,,,,,,,,,,,,,,,,,,,,,,,,,,,,,,,,,,0.089,-0.008,-0.011,,-0.12,,0.038,,,,,,,,,,,,,,,,,,,,,,,,,,,,,,0.253,-0.092,,,,0.07,0.049,0.063,0.07,-0.055,0.191,-0.038,0.0,-0.004,0.0,0.013,0.013,0.062,0.0,0.0,0.0,,,,,,,,,,0,,,,,,,,,,,,,,1158.54,1158.59,1158.6,,,,,,,,,,,,,1173.48,,1180.66,1180.66,1180.66,1180.66,1180.66,1180.67,,,,,,,,,,,,,,,,,,,,T1,,,,,,,,,,,,,,,,,T1,,,,,,,
1768,0.043,0.029,,0.019,-0.164,,,,-0.06,,,,,,,,,,,,,,,,,,,,,,,,,,,,,,,,,,,,,,,,,,,,,,,,,,,,,,,,,,,,,,,,,,,0.084,0.042,0.057,0.084,-0.02,-0.099,-0.011,0.0,0.013,0.0,0.012,0.013,-0.074,0.0,0.0,0.0,,,,,,,,,,0,902.38,902.38,,902.41,,,,,,,,,,,,,,,,,,,,,,,,,,,905.64,905.64,905.65,905.65,905.65,905.67,,,,,,,,,,,,,,,,,,,,,,,,,,,,,,,,,,,,,,,,,,,,
30479,,,,,,,,,,,,,,,,,,,,,,,,,,,,,,,,,,,,,,,,,,-0.113,0.001,0.0,,,0.003,-0.12,,,,,,,,,,,,,,,,,,,,,,,,,,-0.036,-0.037,0.058,-0.034,0.057,0.058,-0.043,-0.099,0.016,0.0,-0.013,0.0,0.01,0.013,-0.029,0.0,0.0,0.0,,,,,,,,,,0,,,,,,,,,,,,,,,,,368.99,,369.1,,,,,,,,,,,735.2,740.5,740.5,740.5,740.5,740.5,740.53,,,,,,,,,,,,,,,,,,,,,,,,,,,,,,,,,,,,,T1,,,,,,,
53605,,,,,,,,,,-0.014,,0.244,-0.01,,,,0.068,0.134,,,,,,,,,,,,,,,,,,,,,,,,,,,,,,,,,,,,,,,,,,,,,,,,,,,,,,,,,,0.02,-0.079,0.063,0.02,0.059,0.086,0.07,0.0,0.012,0.0,0.011,0.013,0.062,0.0,,0.0,,,,,,,,,,0,,,,,979.49,,979.52,,,,,,,,,,,,,,,,,,,,,,,,981.26,981.26,981.27,981.27,981.27,,,,,,,,,,,,,,,,,,,,,,,,,,,,,,,,,,,,,,,,,,,,,
17132,,,,,,,,,,,,,,,,,,,,,,,,,,,,,,,,,,,-0.025,-0.008,0.016,,,0.148,-0.055,,,,,,,,,,,,,,,,,,,,,,,,,,,,,,,,-0.035,,,0.033,0.049,0.057,0.033,-0.008,-0.072,-0.011,0.0,-0.013,0.0,0.014,0.013,-0.165,0.0,,0.0,,,,,,,,,,0,,,,,,,,,,,,,,793.65,793.66,,,,,,,,,,,,,,,,802.54,802.54,802.54,802.54,802.54,,,,,,,,,,,,,,,,,,,,,T1,,,,,,,,,,,,,,,,,,,,,,,,
31181,0.03,0.04,0.0,,0.336,,0.085,-0.008,,,,,,,,,,,,,,,,,,,,,,,,,,,,,,,,,,,,,,,,,,,,,,,,,,,,,,,,,,,,,,,,,,,,-0.056,-0.034,0.082,-0.056,-0.071,0.086,-0.146,0.0,0.013,0.0,0.012,0.013,-0.029,0.0,0.0,0.0,,,,,,,,,,0,1291.82,,,,,,,,,,,,,,,,,,,,,,,,,,,,,,1295.46,1295.46,1295.46,1295.46,1295.46,1295.54,,,,,,,,,,,,,,,,,,,,,,,,,,,,,,,,,,,,,T1,,,,,,,
54039,,,,,,,,,,,,,,,,,,,,,,,,,,,,,,,,,,,,,,,,,,-0.007,,,-0.03,-0.015,,-0.109,,,,,,,,,,,,,,,,,,,,,,,,,-0.035,,,0.045,-0.002,0.063,0.045,-0.051,0.086,-0.146,0.0,0.012,0.0,0.018,0.013,0.199,0.0,,0.0,,,,,,,,,,0,,,,,,,,,,,,,,,,,1031.78,1031.9,,,,,,,,,,,,,1064.75,1064.75,1064.76,1064.76,1064.76,,,,,,,,,,,,,,,,,,,,,,,,,,,,,,,,,,,,,,T1,,,,,,,
32370,-0.01,-0.067,,0.019,0.336,,0.016,0.001,,,,,,,,,,,,,,,,,,,,,,,,,,,,,,,,,,,,,,,,,,,,,,,,,,,,,,,,,,,,,,,,,,,,-0.132,-0.034,0.104,-0.132,-0.094,0.217,0.07,0.0,0.029,0.0,0.014,0.013,0.017,0.0,,0.0,,,,,,,,,,0,1501.24,1501.24,,,,,,,,,,,,,,,,,,,,,,,,,,,,,1508.8,1508.8,1508.81,1508.81,1508.81,,,,,,,,,,,,,,,,,,,,,,,,,,,,,,,,,,,,,,,,,,,,,
54838,,,,,,,,,,-0.014,,0.202,,-0.004,-0.032,,,,,,,,,,,,,,,,,,,,,,,,,,,,,,,,,,,,,,,,,,,,,,,,,,,,,,,,,,,,,-0.081,-0.021,0.082,-0.081,-0.075,0.059,0.178,0.0,-0.003,0.0,0.014,0.013,-0.074,0.0,,0.0,,,,,,,,,,0,,,,,1313.16,1313.19,,,,,,,,,,,,,,,,,,,,,,,,,1315.84,1315.84,1315.84,1315.84,1315.84,,,,,,,,,,,,,,,,,,,,,,,,,,,,,,,,,,,,,,,,,,,,,
7813,,,,,,,,,,,,,,,,,,,,,,,,,,,,,,,,,,,-0.138,-0.008,-0.046,,,0.047,-0.058,,,,,,,,,,,,,,,,,,,,,,,,,,,,,,-0.11,0.108,,,,0.033,0.049,0.057,0.033,0.0,0.059,-0.092,0.0,-0.013,0.0,0.013,0.013,-0.21,0.0,,0.0,,,,,,,,,,0,,,,,,,,,,,,,,804.39,804.41,,,,,,,,,,,,,,806.8,,808.65,808.65,808.66,808.66,808.66,,,,,,,,,,,,,,,,,,,,,T1,,,,,,,,,,,,,,,,,T1,,,,,,,
51591,0.121,0.077,,-0.081,,,-0.028,0.0,,,,,,,,,,,,,,,,,,,,,,,,,,,,,,,,,,,,,,,,,,,,,,,,,,,,,,,,,,,,,,,,,,,,-0.031,-0.002,0.082,-0.031,-0.067,0.217,-0.011,0.0,-0.012,0.0,0.002,0.013,0.108,0.0,0.0,0.0,,,,,,,,,,0,1430.37,1430.37,,,,,,,,,,,,,,,,,,,,,,,,,,,,,1431.84,1431.84,1431.84,1431.84,1431.84,1431.87,,,,,,,,,,,,,,,,,,,,,,,,,,,,,,,,,,,,,T1,,,,,,,
53970,0.03,0.019,0.0,,0.336,,,,0.121,,,,,,,,,,,,,,,,,,,,,,,,,,,,,,,,,,,,,,,,,,,,,,,,,,,,,,,,,,,,,,,,,,,0.142,0.017,-0.029,0.142,0.035,-0.125,,,,,0.012,0.013,0.017,0.0,,0.0,,,,,,,,,,0,188.98,,,189.02,,,,,,,,,,,,,,,,,,,,,,,,,,,189.66,189.66,189.66,,189.66,,,,,,,,,,,,,,,,,,,,,,,,,,,,,,,,,,,,,,T1,,,,,,,
14588,,,,,,,,,,0.014,-0.034,,-0.01,,,-0.06,,,,,,,,,,,,,,,,,,,,,,,,,,,,,,,,,,,,,,,,,,,,,,,,,,,,,,,,,,,,,,,,,,,,,,,,,,,,0.0,0.0,-0.039,,-0.033,-0.101,0.0,,0.0,0,,,,,,,,,,,,,,,,,,,,,,,,,,,,,,,,,,,,,1291.62,,1291.63,1291.64,,,,,,,,,,,,,,,,,,,,,,,,,,,,,,,,,,,,,,,,
5282,-0.042,-0.195,,0.019,,,0.291,0.001,,,,,,,,,,,,,,,,,,,,,,,,,,,,,,,,,,,,,,,,,,,,,,,,,,,,,,,,,,,,,,,,,,,,0.18,0.233,-0.68,0.18,0.071,-0.099,,,,,0.013,0.013,-0.029,0.0,0.0,0.0,,,,,,,,,,0,17.98,17.98,,,,,,,,,,,,,,,,,,,,,,,,,,,,,23.59,23.59,23.6,,23.6,23.61,,,,,,,,,,,,,,,,,,,,,,,,,,,,,,,,,,,,,T1,,,,,,,
20549,-0.16,-0.03,,0.019,-0.164,-0.012,,,,,,,,,,,,,,,,,,,,,,,,,,,,,,,,,,,,,,,,,,,,,,,,,,,,,,,,,,,,,,,,,,,,,,0.02,-0.028,0.082,0.02,0.0,-0.099,,,,,0.007,0.013,-0.119,0.0,0.0,0.0,,,,,,,,,,0,489.03,489.04,489.07,,,,,,,,,,,,,,,,,,,,,,,,,,,,489.29,489.29,489.29,,489.29,489.32,,,,,,,,,,,,,,,,,,,,,,,,,,,,,,,,,,,,,T1,,,,,,,
17719,,,,,,,,,,-0.006,,0.383,-0.01,,,,0.015,0.145,,,,,,,,,,,,,,,,,,,,,,,,,,,,,,,,,,,,,,,,,,,,,,,,,,,,,-0.015,0.052,,,,0.134,0.023,0.057,0.134,-0.027,-0.072,0.043,0.0,-0.013,0.0,0.012,0.013,0.108,0.0,,0.0,,,,,,,,,,0,,,,,885.7,,885.73,,,,,,,,,,,,,,,,,,,,,,886.71,,889.11,889.11,889.11,889.11,889.11,,,,,,,,,,,,,,,,,,,,,,,,,,,,,,,,,,,,,,T1,,,,,,,
46326,0.101,0.04,,0.019,,,-0.019,0.002,,,,,,,,,,,,,,,,,,,,,,,,,,,,,,,,,,,,,,,,,,,,,,,,,,,,,,,,,,,,,,,,,-0.035,,,0.21,0.068,0.057,0.21,0.008,-0.072,-0.038,0.0,0.003,0.0,0.018,0.013,0.108,0.0,0.0,0.0,,,,,,,,,,0,888.92,888.93,,,,,,,,,,,,,,,,,,,,,,,,,,,,,894.79,894.79,894.79,894.79,894.79,894.81,,,,,,,,,,,,,,,,,,,,,,,,,,,,,,,,,,,,,,,,,,,,
29070,,,,,,,,,,,,,,,,,,,,,,,,,,,,,,,,,,,-0.087,,,-0.282,0.226,,0.068,,,,,,,,,,,,,,,,,,,,,,,,,,,,,,,,0.885,,,0.146,-0.111,0.082,0.146,0.09,-0.151,,,,,0.013,0.013,0.199,0.0,0.0,0.0,,,,,,,,,,0,,,,,,,,,,,,,,460.58,,460.6,,,,,,,,,,,,,,,500.9,500.9,500.9,,500.9,500.92,,,,,,,,,,,,,,,,,,,,T1,,T1,,,,,,,,,,,,,,,,,,,,,,
16404,,,,,,,,,,0.002,-0.034,,0.24,,,0.069,,,,,,,,,,,,,,,,,,,,,,,,,,,,,,,,,,,,,,,,,,,,,,,,,,,,,,,,,,,,-0.085,0.042,-0.769,-0.085,,-0.178,,,,,0.009,0.013,-0.029,0.0,0.0,0.0,,,,,,,,,,0,,,,,,,,,,,,,,,,,,,,,,,,,,,,,,,165.25,165.25,165.25,,165.25,165.28,,,,,,,,,,,,,,,,,,,,,,,,,,,,,,,,,,,,,T1,,,,,,,
7926,0.082,0.142,,0.019,,,,,0.095,,,,,,,,,,,,,,,,,,,,,,,,,,,,,,,,,,,,,,,,,,,,,,,,,,,,,,,,,,,,,,,,,,,-0.009,-0.219,-0.702,-0.009,0.075,-0.072,,,,,0.01,0.013,0.017,0.0,0.001,0.0,,,,,,,,,,0,140.35,140.35,,140.38,,,,,,,,,,,,,,,,,,,,,,,,,,,145.84,145.84,145.84,,145.84,145.87,,,,,,,,,,,,,,,,,,,,,,,,,,,,,,,,,,,,,T1,,,,,,,
25540,,,,,,,,,,-0.01,,-0.341,-0.01,,,-0.001,,,,,,,,,,,,,,,,,,,,,,,,,,,,,,,,,,,,,,,,,,,,,,,,,,,,,,,,,,,,0.129,0.151,-0.702,0.129,,0.033,,,,,0.009,0.013,0.062,0.0,,0.0,,,,,,,,,,0,,,,,51.13,,,,,,,,,,,,,,,,,,,,,,,,,,56.76,56.76,56.76,,56.76,,,,,,,,,,,,,,,,,,,,,,,,,,,,,,,,,,,,,,T1,,,,,,,
39313,0.108,-0.206,0.0,,-0.164,0.02,,,,,,,,,,,,,,,,,,,,,,,,,,,,,,,,,,,,,,,,,,,,,,,,,,,,,,,,,,,,,,,,,,,,,,-0.081,0.011,0.104,-0.081,,0.033,0.178,0.0,-0.013,0.0,0.013,0.013,0.153,0.0,,0.0,,,,,,,,,,1,1625.39,,1625.42,,,,,,,,,,,,,,,,,,,,,,,,,,,,1626.49,1626.49,1626.49,1626.49,1626.49,,,,,,,,,,,,,,,,,,,,,,,,,,,,,,,,,,,,,,T1,,,,,,,
5507,,,,,,,,,,-0.002,,0.437,,,,0.044,,,,,,,,,,,,,,,,,,,,,,,,,,,,,,,,,,,,,,,,,,,,,,,,,,,,,,,,,,,,-0.081,0.055,0.104,-0.081,0.024,0.059,0.124,0.0,0.011,0.0,0.011,0.013,0.199,0.0,,0.0,,,,,,,,,,0,,,,,1665.09,,,,,,,,,,,,,,,,,,,,,,,,,,1666.89,1666.89,1666.89,1666.89,1666.89,,,,,,,,,,,,,,,,,,,,,,,,,,,,,,,,,,,,,,T1,,,,,,,
14100,0.03,-0.035,,-0.081,-0.164,,,,0.176,,,,,,,,,,,,,,,,,,,,,,,,,,,,,,,,,,,,,,,,,,,,,,,,,,,,,,,,,,,,,,,,,,,0.033,-0.04,0.057,0.033,0.035,-0.151,-0.092,0.0,0.013,0.0,0.009,0.013,-0.119,0.0,0.0,0.0,,,,,,,,,,0,626.62,626.62,,626.65,,,,,,,,,,,,,,,,,,,,,,,,,,,636.45,636.45,636.45,636.45,636.45,636.47,,,,,,,,,,,,,,,,,,,,,,,,,,,,,,,,,,,,,T1,,,,,,,
52545,0.062,0.243,,0.019,0.336,,0.011,-0.002,,,,,,,,,,,,,,,,,,,,,,,,,,,,,,,,,,,,,,,,,,,,,,,,,,,,,,,,,,,,,,,,,,,,-0.031,-0.002,0.104,-0.031,-0.055,0.217,0.151,0.0,-0.014,0.0,0.011,0.013,-0.119,0.0,,0.0,,,,,,,,,,0,1691.99,1692.0,,,,,,,,,,,,,,,,,,,,,,,,,,,,,1698.34,1698.34,1698.35,1698.35,1698.35,,,,,,,,,,,,,,,,,,,,,,,,,,,,,,,,,,,,,,T1,,,,,,,
4358,-0.225,0.083,,0.019,-0.164,,-0.024,-0.003,,,,,,,,,,,,,,,,,,,,,,,,,,,,,,,,,,,,,,,,,,,,,,,,,,,,,,,,,,,,,,,,,,,,0.045,0.011,0.082,0.045,,-0.02,0.07,0.0,-0.012,0.0,0.013,0.013,0.017,0.0,,0.0,,,,,,,,,,0,1382.17,1382.17,,,,,,,,,,,,,,,,,,,,,,,,,,,,,1388.7,1388.7,1388.71,1388.71,1388.71,,,,,,,,,,,,,,,,,,,,,,,,,,,,,,,,,,,,,,T1,,,,,,,
34653,,,,,,,,,,,,,,,,,,,,,,,,,,,,,,,,,,,0.162,-0.008,-0.196,,,0.094,0.129,,,,,,,,,,,,,,,,,,,,,,,,,,,,,,-0.052,0.042,,,,0.058,0.011,0.057,0.058,-0.027,0.007,0.043,0.0,0.021,0.0,0.016,0.013,0.017,0.0,,0.0,,,,,,,,,,0,,,,,,,,,,,,,,751.14,751.14,,,,,,,,,,,,,,769.24,,771.78,771.78,771.79,771.79,771.79,,,,,,,,,,,,,,,,,,,,,T1,,,,,,,,,,,,,,,,,T1,,,,,,,
44545,0.082,0.168,0.0,,,,,,0.045,,,,,,,,,,,,,,,,,,,,,,,,,,,,,,,,,,,,,,,,,,,,,,,,,,,,,,,,,,,,,,,,,,,0.109,0.093,0.057,0.109,-0.024,-0.099,0.07,0.0,0.012,0.0,0.016,0.013,0.017,0.0,0.0,0.0,,,,,,,,,,0,821.59,,,821.62,,,,,,,,,,,,,,,,,,,,,,,,,,,824.49,824.49,824.49,824.49,824.49,824.51,,,,,,,,,,,,,,,,,,,,,,,,,,,,,,,,,,,,,T1,,,,,,,
54842,,,,,,,,,,,,,,,,,,,,,,,,,,,,,,,,,,,,,,,,,,0.031,,,-0.029,-0.017,,0.04,,,,,,,,,,,,,,,,,,,,,,,-0.222,-0.016,,,,-0.056,0.011,0.063,-0.056,-0.059,0.112,-0.146,0.0,-0.003,0.0,0.014,0.013,-0.119,0.0,0.0,0.0,,,,,,,,,,0,,,,,,,,,,,,,,,,,1053.86,1053.97,,,,,,,,,,,1078.74,,1081.72,1081.72,1081.72,1081.72,1081.72,1081.75,,,,,,,,,,,,,,,,,,,,,,,,,,,,,,,,,,,,,,,,,,,,
24628,0.108,-0.072,,0.019,-0.164,,-0.103,-0.001,,,,,,,,,,,,,,,,,,,,,,,,,,,,,,,,,,,,,,,,,,,,,,,,,,,,,,,,,,,,,,,,,,,,-0.081,-0.079,0.104,-0.081,-0.075,-0.099,0.178,0.0,0.012,0.0,0.014,0.013,-0.119,0.0,,0.0,,,,,,,,,,0,1652.82,1652.83,,,,,,,,,,,,,,,,,,,,,,,,,,,,,1659.55,1659.55,1659.55,1659.55,1659.55,,,,,,,,,,,,,,,,,,,,,,,,,,,,,,,,,,,,,,T1,,,,,,,
15312,,,,,,,,,,,,,,,,,,,,,,,,,,,,,,,,,,,0.033,-0.008,0.07,,,0.054,-0.125,,,,,,,,,,,,,,,,,,,,,,,,,,,,,,0.078,0.077,,,,-0.017,0.042,0.057,-0.017,-0.055,0.112,-0.011,0.0,-0.004,0.0,0.018,0.013,-0.21,0.0,,0.0,,,,,,,,,,0,,,,,,,,,,,,,,761.8,761.81,,,,,,,,,,,,,,778.57,,784.38,784.38,784.38,784.38,784.38,,,,,,,,,,,,,,,,,,,,,T1,,,,,,,,,,,,,,,,,T1,,,,,,,
26739,0.036,0.083,,0.019,,-0.155,,,,,,,,,,,,,,,,,,,,,,,,,,,,,,,,,,,,,,,,,,,,,,,,,,,,,,,,,,,,,,,,,,,,,,-0.157,0.036,0.104,-0.157,-0.082,0.164,-0.038,0.0,-0.003,0.0,0.013,0.013,-0.119,0.0,0.0,0.0,,,,,,,,,,0,1442.2,1442.2,1442.22,,,,,,,,,,,,,,,,,,,,,,,,,,,,1444.14,1444.14,1444.15,1444.15,1444.15,1444.18,,,,,,,,,,,,,,,,,,,,,,,,,,,,,,,,,,,,,T1,,,,,,,
13579,0.049,0.163,0.0,,,,,,-0.015,,,,,,,,,,,,,,,,,,,,,,,,,,,,,,,,,,,,,,,,,,,,,,,,,,,,,,,,,,,,,,,,-0.035,,,0.058,0.119,0.063,0.058,-0.039,-0.046,-0.119,0.0,-0.013,0.0,0.012,0.013,-0.074,0.0,,0.0,,,,,,,,,,0,925.04,,,925.07,,,,,,,,,,,,,,,,,,,,,,,,,,,930.1,930.1,930.11,930.11,930.11,,,,,,,,,,,,,,,,,,,,,,,,,,,,,,,,,,,,,,T1,,,,,,,
6884,,,,,,,,,,-0.006,,-0.129,-0.01,-0.062,-0.042,,,,,,,,,,,,,,,,,,,,,,,,,,,,,,,,,,,,,,,,,,,,,,,,,,,,,,,,,,,,,0.106,0.036,0.037,0.106,-0.02,-0.178,,,,,0.012,0.013,-0.029,0.0,,0.0,,,,,,,,,,0,,,,,266.43,266.45,,,,,,,,,,,,,,,,,,,,,,,,,268.14,268.14,268.14,,268.14,,,,,,,,,,,,,,,,,,,,,,,,,,,,,,,,,,,,,,T1,,,,,,,
39706,,,,,,,,,,0.026,,0.337,,,,0.09,,,,,,,,,,,,,,,,,,,,,,,,,,,,,,,,,,,,,,,,,,,,,,,,,,,,,,,,,-0.035,,,-0.106,-0.04,0.082,-0.106,-0.043,0.059,0.097,0.0,-0.012,0.0,0.016,0.013,-0.029,0.0,0.0,0.0,,,,,,,,,,0,,,,,1288.93,,,,,,,,,,,,,,,,,,,,,,,,,,1290.78,1290.78,1290.78,1290.78,1290.78,1290.81,,,,,,,,,,,,,,,,,,,,,,,,,,,,,,,,,,,,,,,,,,,,
31160,-0.095,-0.147,,0.019,,,,,0.033,,,,,,,,,,,,,,,,,,,,,,,,,,,,,,,,,,,,,,,,,,,,,,,,,,,,,,,,,,,,,,,,,,,-0.185,-0.079,0.015,-0.185,0.141,-0.151,,,,,0.012,0.013,0.062,0.0,0.0,0.0,,,,,,,,,,0,235.29,235.3,,235.34,,,,,,,,,,,,,,,,,,,,,,,,,,,236.29,236.29,236.29,,236.29,236.31,,,,,,,,,,,,,,,,,,,,,,,,,,,,,,,,,,,,,T1,,,,,,,
34348,-0.14,-0.158,0.0,,,,-0.048,-0.001,,,,,,,,,,,,,,,,,,,,,,,,,,,,,,,,,,,,,,,,,,,,,,,,,,,,,,,,,,,,,,,,,,,,0.033,-0.072,0.082,0.033,0.008,-0.046,0.07,0.0,0.013,0.0,0.011,0.013,-0.21,0.0,0.0,0.0,,,,,,,,,,0,588.51,,,,,,,,,,,,,,,,,,,,,,,,,,,,,,593.55,593.55,593.56,593.56,593.56,593.57,,,,,,,,,,,,,,,,,,,,,,,,,,,,,,,,,,,,,T1,,,,,,,
28885,,,,,,,,,,-0.006,-0.034,,,0.041,0.208,,,,,,,,,,,,,,,,,,,,,,,,,,,,,,,,,,,,,,,,,,,,,,,,,,,,,,,,,,,,,0.121,-0.047,0.082,0.121,0.098,-0.099,,,,,0.013,0.013,-0.074,0.0,,0.0,,,,,,,,,,0,,,,,,508.15,,,,,,,,,,,,,,,,,,,,,,,,,508.86,508.86,508.86,,508.86,,,,,,,,,,,,,,,,,,,,,,,,,,,,,,,,,,,,,,,,,,,,,
2206,0.003,0.131,,0.019,-0.164,,0.024,0.0,,,,,,,,,,,,,,,,,,,,,,,,,,,,,,,,,,,,,,,,,,,,,,,,,,,,,,,,,,,,,,,,,,,,0.181,0.068,0.037,0.181,-0.267,-0.046,,,,,0.013,0.013,0.108,0.0,0.0,0.0,,,,,,,,,,0,334.85,334.86,,,,,,,,,,,,,,,,,,,,,,,,,,,,,336.02,336.02,336.02,,336.02,336.05,,,,,,,,,,,,,,,,,,,,,,,,,,,,,,,,,,,,,,,,,,,,
5187,0.016,0.142,,0.019,-0.164,,,,-0.053,,,,,,,,,,,,,,,,,,,,,,,,,,,,,,,,,,,,,,,,,,,,,,,,,,,,,,,,,,,,,,0.104,0.202,,,,,,,,,,,,,,,,,,,,0.0,0.0,-0.031,-0.085,,-0.212,0.0,-0.331,0.0,0,1451.2,1451.2,,1451.23,,,,,,,,,,,,,,,,,,,,,,,,,1451.28,,,,,,,,1457.02,,1457.03,1457.17,,,,,,,,,,,,,,,,,,,,,,,,,,,,,,,,,,,,,,,,
13334,0.003,0.12,0.0,,,,,,-0.07,,,,,,,,,,,,,,,,,,,,,,,,,,,,,,,,,,,,,,,,,,,,,,,,,,,,,,,,,,,,,,-0.004,-0.014,,,,0.109,0.023,0.057,0.109,-0.035,0.033,-0.173,0.0,-0.013,0.0,0.011,0.013,-0.029,0.0,,0.0,,,,,,,,,,0,910.01,,,910.04,,,,,,,,,,,,,,,,,,,,,,,,,910.64,,913.61,913.61,913.62,913.62,913.62,,,,,,,,,,,,,,,,,,,,,,,,,,,,,,,,,,,,,,,,,,,,,
12430,0.043,0.099,,-0.081,-0.164,0.104,,,,,,,,,,,,,,,,,,,,,,,,,,,,,,,,,,,,,,,,,,,,,,,,,,,,,,,,,,,,,,,,,,,,,,-0.004,-0.053,0.082,-0.004,0.02,-0.072,-0.092,0.0,-0.011,0.0,0.013,0.013,-0.029,0.0,,0.0,,,,,,,,,,0,551.59,551.6,551.63,,,,,,,,,,,,,,,,,,,,,,,,,,,,553.44,553.44,553.45,553.45,553.45,,,,,,,,,,,,,,,,,,,,,,,,,,,,,,,,,,,,,,T1,,,,,,,
53028,,,,,,,,,,-0.002,,-0.332,-0.01,,,-0.021,,,,,,,,,,,,,,,,,,,,,,,,,,,,,,,,,,,,,,,,,,,,,,,,,,,,,,,,,,,,-0.07,-0.04,0.082,-0.07,0.0,0.059,0.016,0.0,-0.012,0.0,0.016,0.013,-0.074,0.0,0.0,0.0,,,,,,,,,,0,,,,,573.85,,,,,,,,,,,,,,,,,,,,,,,,,,575.44,575.44,575.44,575.44,575.44,575.46,,,,,,,,,,,,,,,,,,,,,,,,,,,,,,,,,,,,,T1,,,,,,,
57311,0.101,0.109,,0.119,0.336,,-0.069,0.003,,,,,,,,,,,,,,,,,,,,,,,,,,,,,,,,,,,,,,,,,,,,,,,,,,,,,,,,,,,,,,,,,,,,-0.005,0.004,0.063,-0.005,-0.027,0.059,-0.065,0.0,0.003,0.0,0.012,0.013,0.153,0.0,,0.0,,,,,,,,,,0,1095.54,1095.54,,,,,,,,,,,,,,,,,,,,,,,,,,,,,1096.2,1096.2,1096.2,1096.2,1096.2,,,,,,,,,,,,,,,,,,,,,,,,,,,,,,,,,,,,,,T1,,,,,,,
27145,-0.049,-0.126,,0.019,,-0.024,,,,,,,,,,,,,,,,,,,,,,,,,,,,,,,,,,,,,,,,,,,,,,,,,,,,,,,,,,,,,,,,,,,,,,-0.21,0.132,0.015,-0.21,0.161,0.059,,,,,0.007,0.013,,,,0.0,,,,,,,,,,1,230.21,230.21,230.35,,,,,,,,,,,,,,,,,,,,,,,,,,,,231.57,231.57,231.57,,231.57,,,,,,,,,,,,,,,,,,,,,,,,,,,,,,,,,,,,,,,,,,,,,
44824,-0.003,-0.056,0.0,,0.336,,-0.07,-0.013,,,,,,,,,,,,,,,,,,,,,,,,,,,,,,,,,,,,,,,,,,,,,,,,,,,,,,,,,,,,,,,,,,,,-0.106,-0.021,0.082,-0.106,-0.016,0.033,-0.092,0.0,-0.012,0.0,0.014,0.013,-0.119,0.0,,0.0,,,,,,,,,,0,1339.11,,,,,,,,,,,,,,,,,,,,,,,,,,,,,,1342.37,1342.37,1342.37,1342.37,1342.37,,,,,,,,,,,,,,,,,,,,,,,,,,,,,,,,,,,,,,T1,,,,,,,
21904,-0.036,0.024,0.0,,,-0.063,,,,,,,,,,,,,,,,,,,,,,,,,,,,,,,,,,,,,,,,,,,,,,,,,,,,,,,,,,,,,,,,,0.258,-0.104,,,,-0.081,-0.034,0.063,-0.081,0.031,0.059,-0.092,0.0,0.007,0.0,0.013,0.013,0.062,0.0,0.0,0.0,,,,,,,,,,0,1108.5,,1108.54,,,,,,,,,,,,,,,,,,,,,,,,,,1108.84,,1109.99,1109.99,1109.99,1109.99,1109.99,1110.01,,,,,,,,,,,,,,,,,,,,,,,,,,,,,,,,,,,,,,,,,,,,
40973,-0.212,0.002,0.0,,-0.164,,,,0.094,,,,,,,,,,,,,,,,,,,,,,,,,,,,,,,,,,,,,,,,,,,,,,,,,,,,,,,,,,,,,,,,,,,-0.045,0.157,0.082,-0.045,0.11,-0.046,-0.038,0.0,0.013,0.0,0.01,0.013,0.017,0.0,,0.0,,,,,,,,,,0,570.61,,,570.63,,,,,,,,,,,,,,,,,,,,,,,,,,,572.61,572.61,572.61,572.61,572.61,,,,,,,,,,,,,,,,,,,,,,,,,,,,,,,,,,,,,,T1,,,,,,,
9730,-0.036,0.083,,0.019,,,-0.031,-0.009,,,,,,,,,,,,,,,,,,,,,,,,,,,,,,,,,,,,,,,,,,,,,,,,,,,,,,,,,,,,,,,,,,,,0.07,-0.002,0.082,0.07,-0.051,0.033,-0.038,0.0,-0.012,0.0,0.012,0.013,0.062,0.0,,0.0,,,,,,,,,,0,1271.97,1271.97,,,,,,,,,,,,,,,,,,,,,,,,,,,,,1278.37,1278.37,1278.37,1278.37,1278.37,,,,,,,,,,,,,,,,,,,,,,,,,,,,,,,,,,,,,,,,,,,,,
18512,-0.003,0.051,,0.019,0.336,,,,0.009,,,,,,,,,,,,,,,,,,,,,,,,,,,,,,,,,,,,,,,,,,,,,,,,,,,,,,,,,,,,,,,,,,,-0.182,0.017,0.082,-0.182,-0.02,0.033,0.151,0.0,0.013,0.0,0.019,0.013,-0.074,0.0,,0.0,,,,,,,,,,0,1343.03,1343.04,,1343.09,,,,,,,,,,,,,,,,,,,,,,,,,,,1350.85,1350.85,1350.85,1350.85,1350.85,,,,,,,,,,,,,,,,,,,,,,,,,,,,,,,,,,,,,,T1,,,,,,,
17185,,,,,,,,,,0.014,0.066,,-0.01,,,,-0.021,0.043,,,,,,,,,,,,,,,,,,,,,,,,,,,,,,,,,,,,,,,,,,,,,,,,,,,,,,,,,,-0.005,-0.072,0.063,-0.005,-0.039,0.086,0.043,0.0,0.022,0.0,0.013,0.013,-0.029,0.0,0.0,0.0,,,,,,,,,,0,,,,,,,1160.95,,,,,,,,,,,,,,,,,,,,,,,,1165.08,1165.08,1165.08,1165.08,1165.08,1165.1,,,,,,,,,,,,,,,,,,,,,,,,,,,,,,,,,,,,,,,,,,,,
3926,,,,,,,,,,0.014,,-0.325,,,,-0.106,,,,,,,,,,,,,,,,,,,,,,,,,,,,,,,,,,,,,,,,,,,,,,,,,,,,,,,-0.268,0.092,,,,0.02,0.017,0.082,0.02,-0.02,0.138,0.097,0.0,0.013,0.0,0.01,0.013,-0.119,0.0,,0.0,,,,,,,,,,0,,,,,1414.87,,,,,,,,,,,,,,,,,,,,,,,,1415.27,,1424.01,1424.01,1424.01,1424.01,1424.01,,,,,,,,,,,,,,,,,,,,,,,,,,,,,,,,,,,,,,,,,,,,,
14149,,,,,,,,,,,,,,,,,,,0.011,0.146,,,-0.016,-0.004,,0.096,,,,,,,,,,,,,,,,,,,,,,,,,,,,,,,,,,,,,,,,,,,,,,,-0.035,,,-0.031,-0.085,0.063,-0.031,0.024,0.059,-0.011,0.0,-0.005,0.0,0.009,0.013,0.108,0.0,0.0,0.0,,,,,,,,,,0,,,,,,,,1037.49,,,,,,,,,,,,,,,,,,,,,,,1072.12,1072.12,1072.13,1072.13,1072.13,1072.14,,,,,,,,,,,,T1,,T1,T3,,,,,,,,,,,,,,,,,,,,,,,,,,,,,
40720,0.069,0.029,0.0,,0.336,,0.068,0.002,,,,,,,,,,,,,,,,,,,,,,,,,,,,,,,,,,,,,,,,,,,,,,,,,,,,,,,,,,,,,,,,,,,,-0.25,0.329,-0.752,-0.25,-0.063,-0.046,,,,,0.007,0.013,-0.074,0.0,,0.0,,,,,,,,,,0,172.19,,,,,,,,,,,,,,,,,,,,,,,,,,,,,,173.84,173.84,173.84,,173.84,,,,,,,,,,,,,,,,,,,,,,,,,,,,,,,,,,,,,,,,,,,,,
20864,,,,,,,,,,-0.01,-0.034,,,,,,0.029,0.073,,,,,,,,,,,,,,,,,,,,,,,,,,,,,,,,,,,,,,,,,,,,,,,,,,,,,,,,,,0.016,0.214,-0.702,0.016,0.082,-0.099,,,,,0.006,0.013,0.017,0.0,0.0,0.0,,,,,,,,,,0,,,,,,,108.1,,,,,,,,,,,,,,,,,,,,,,,,113.91,113.91,113.92,,113.92,113.94,,,,,,,,,,,,,,,,,,,,,,,,,,,,,,,,,,,,,T1,,,,,,,
21532,,,,,,,,,,,,,,,,,,,,,,,,,,,,,,,,,,,0.016,,,0.354,,0.108,0.07,,,,,,,,,,,,,,,,,,,,,,,,,,,,,,0.136,-0.012,,,,0.058,0.036,0.057,0.058,0.055,0.059,0.016,0.0,0.021,0.0,0.014,0.013,-0.119,0.0,,0.0,,,,,,,,,,1,,,,,,,,,,,,,,692.52,,,,,,,,,,,,,,,724.38,,735.32,735.32,735.38,735.38,735.38,,,,,,,,,,,,,,,,,,,,,T1,,T1,,,,,,,,,,,,,,,T1,,,,,,,
14873,-0.082,0.029,0.0,,-0.164,-0.066,,,,,,,,,,,,,,,,,,,,,,,,,,,,,,,,,,,,,,,,,,,,,,,,,,,,,,,,,,,,,,,,,-0.026,-0.155,,,,0.18,0.106,-0.725,0.18,,-0.046,,,,,0.008,0.013,-0.029,0.0,,0.0,,,,,,,,,,0,5.12,,5.2,,,,,,,,,,,,,,,,,,,,,,,,,,5.47,,13.73,13.73,13.73,,13.73,,,,,,,,,,,,,,,,,,,,,,,,,,,,,,,,,,,,,,,,,,,,,
50644,,,,,,,,,,0.002,0.066,,-0.01,,,-0.054,,,,,,,,,,,,,,,,,,,,,,,,,,,,,,,,,,,,,,,,,,,,,,,,,,,,,,,,,,,,-0.106,-0.111,0.082,-0.106,-0.075,-0.02,-0.038,0.0,-0.003,0.0,0.01,0.013,-0.029,0.0,,0.0,,,,,,,,,,0,,,,,,,,,,,,,,,,,,,,,,,,,,,,,,,1400.54,1400.54,1400.55,1400.55,1400.55,,,,,,,,,,,,,,,,,,,,,,,,,,,,,,,,,,,,,,T1,,,,,,,
5567,,,,,,,,,,,,,,,,,,,0.011,0.146,,,0.076,,0.011,-0.032,,,,,,,,,,,,,,,,,,,,,,,,,,,,,,,,,,,,,,,,,,,,,,,-0.035,,,-0.056,-0.066,0.063,-0.056,-0.039,-0.099,-0.065,0.0,0.02,0.0,0.016,0.013,0.108,0.0,,0.0,,,,,,,,,,0,,,,,,,,1039.85,,1039.87,,,,,,,,,,,,,,,,,,,,,1073.98,1073.98,1073.98,1073.98,1073.98,,,,,,,,,,,,,T1,,T1,T3,,,,,,,,,,,,,,,,,,,,,,,,,,,,,
42786,,,,,,,,,,,,,,,,,,,,,,,,,,,,,,,,,,,,,,,,,,0.192,0.002,0.0,,-0.011,,0.265,,,,,,,,,,,,,,,,,,,,,,,,,,,,0.171,0.011,0.082,0.171,0.094,-0.072,,,,,0.008,0.013,-0.029,0.0,0.0,0.0,,,,,,,,,,0,,,,,,,,,,,,,,,,,475.76,,,,,,,,,,,,,,508.39,508.39,508.4,,508.4,508.42,,,,,,,,,,,,,,,,,,,,,,,,,,,,,,,,,,,,,T1,,,,,,,
6599,,,,,,,,,,,,,,,,,,,,,,,,,,,,,,,,,,,,,,,,,,0.076,,,-0.043,,-0.089,0.235,,,,,,,,,,,,,,,,,,,,,,,0.027,0.042,,,,,,,,,,,,,,,,,,,,0.0,0.0,0.088,0.019,,-0.051,0.0,0.069,0.0,0,,,,,,,,,,,,,,,,,679.05,679.17,679.2,,,,,,,,,,701.63,,,,,,,,737.38,,737.53,737.54,,,,,,,,,,,,,,,,,,,,,,,,,,,,,,,,,,,,,,,,
1589,,,,,,,,,,0.01,-0.034,,,,,0.0,,,,,,,,,,,,,,,,,,,,,,,,,,,,,,,,,,,,,,,,,,,,,,,,,,,,,,,,,,,,0.104,0.112,-0.702,0.104,0.075,0.033,,,,,0.009,0.013,-0.256,0.0,,0.0,,,,,,,,,,0,,,,,,,,,,,,,,,,,,,,,,,,,,,,,,,51.9,51.9,51.91,,51.91,,,,,,,,,,,,,,,,,,,,,,,,,,,,,,,,,,,,,,,,,,,,,
59559,0.095,-0.163,0.0,,-0.164,,,,0.083,,,,,,,,,,,,,,,,,,,,,,,,,,,,,,,,,,,,,,,,,,,,,,,,,,,,,,,,,,,,,,,,,,,0.106,0.068,0.037,0.106,0.071,-0.151,,,,,0.013,0.013,0.062,0.0,,0.0,,,,,,,,,,0,325.67,,,325.7,,,,,,,,,,,,,,,,,,,,,,,,,,,334.69,334.69,334.69,,334.69,,,,,,,,,,,,,,,,,,,,,,,,,,,,,,,,,,,,,,T1,,,,,,,
11698,,,,,,,,,,0.006,,0.359,,,,,-0.012,-0.039,,,,,,,,,,,,,,,,,,,,,,,,,,,,,,,,,,,,,,,,,,,,,,,,,,,,,,,,,,0.118,0.036,0.015,0.118,-0.047,0.112,,,,,0.012,0.013,0.062,0.0,,0.0,,,,,,,,,,1,,,,,222.37,,222.4,,,,,,,,,,,,,,,,,,,,,,,,223.34,223.34,223.35,,223.35,,,,,,,,,,,,,,,,,,,,,,,,,,,,,,,,,,,,,,,,,,,,,
48485,0.03,-0.046,0.0,,,0.068,,,,,,,,,,,,,,,,,,,,,,,,,,,,,,,,,,,,,,,,,,,,,,,,,,,,,,,,,,,,,,,,,,,,,,-0.056,-0.174,0.063,-0.056,-0.043,-0.02,-0.119,0.0,0.022,0.0,0.008,0.013,-0.029,0.0,0.0,0.0,,,,,,,,,,0,1158.3,,1158.32,,,,,,,,,,,,,,,,,,,,,,,,,,,,1158.63,1158.63,1158.64,1158.64,1158.64,1158.65,,,,,,,,,,,,,,,,,,,,,,,,,,,,,,,,,,,,,T1,,,,,,,
47177,0.082,-0.019,,0.019,0.336,-0.092,,,,,,,,,,,,,,,,,,,,,,,,,,,,,,,,,,,,,,,,,,,,,,,,,,,,,,,,,,,,,,,,,,,,,,-0.106,-0.079,0.063,-0.106,-0.043,0.033,-0.146,0.0,0.007,0.0,0.016,0.013,0.017,0.0,,0.0,,,,,,,,,,0,1108.72,1108.72,1108.74,,,,,,,,,,,,,,,,,,,,,,,,,,,,1110.21,1110.21,1110.21,1110.21,1110.21,,,,,,,,,,,,,,,,,,,,,,,,,,,,,,,,,,,,,,T1,,,,,,,
59149,,,,,,,,,,,,,,,,,,,,,,,,,,,,,,,,,,,0.08,,,0.057,-0.138,,0.109,,,,,,,,,,,,,,,,,,,,,,,,,,,,,,-0.047,-0.145,,,,-0.031,-0.047,0.063,-0.031,-0.035,0.138,-0.092,0.0,-0.005,0.0,0.013,0.013,0.153,0.0,,0.0,,,,,,,,,,0,,,,,,,,,,,,,,1042.06,,1042.08,,,,,,,,,,,,,1070.26,,1074.61,1074.61,1074.62,1074.62,1074.62,,,,,,,,,,,,,,,,,,,,,T1,,T1,,,,,,,,,,,,,,,T1,,,,,,,
50753,0.115,-0.126,0.0,,,0.061,,,,,,,,,,,,,,,,,,,,,,,,,,,,,,,,,,,,,,,,,,,,,,,,,,,,,,,,,,,,,,,,,,,,,,-0.081,-0.079,0.096,-0.081,0.047,0.007,0.016,0.0,-0.014,0.0,0.011,0.013,-0.029,0.0,0.0,0.0,,,,,,,,,,0,1713.68,,1713.71,,,,,,,,,,,,,,,,,,,,,,,,,,,,1718.41,1718.41,1718.41,1718.41,1718.41,1718.44,,,,,,,,,,,,,,,,,,,,,,,,,,,,,,,,,,,,,T1,,,,,,,
6178,-0.075,0.147,0.0,,-0.164,,0.03,-0.001,,,,,,,,,,,,,,,,,,,,,,,,,,,,,,,,,,,,,,,,,,,,,,,,,,,,,,,,,,,,,,,,,,,,,,,,,,,,,,,,,,,,0.0,0.0,-0.181,,-0.069,-0.17,0.0,,0.0,0,1397.0,,,,,,,,,,,,,,,,,,,,,,,,,,,,,,,,,,,,1397.45,,1397.47,1397.47,,,,,,,,,,,,,,,,,,,,,,,,,,,,,,,,,,,,,,,,
45404,,,,,,,,,,0.03,,-0.297,0.24,-0.047,-0.021,,,,,,,,,,,,,,,,,,,,,,,,,,,,,,,,,,,,,,,,,,,,,,,,,,,,,,,,,,,,,0.068,0.049,0.015,0.068,0.071,-0.072,,,,,0.014,0.013,-0.074,0.0,0.0,0.0,,,,,,,,,,0,,,,,220.97,221.0,,,,,,,,,,,,,,,,,,,,,,,,,221.25,221.25,221.25,,221.25,221.27,,,,,,,,,,,,,,,,,,,,,,,,,,,,,,,,,,,,,T1,,,,,,,
14178,,,,,,,,,,,,,,,,,,,,,,,,,,,,,,,,,,,,,,,,,,,,,,,,,,,,,,,,,,0.022,,0.426,-0.067,,0.139,,,,,,,,0.087,-0.188,,,,-0.106,0.011,0.063,-0.106,-0.035,0.086,0.124,0.0,-0.004,0.0,0.01,0.013,0.017,0.0,0.0,0.0,,,,,,,,,,0,,,,,,,,,,,,,,,,,,,,,,,1135.32,1135.32,1135.33,,,,1170.59,,1175.39,1175.39,1175.39,1175.39,1175.39,1175.42,,,,,,,,,,,,,,,,,,,,,,,,,,,,,,T1,,,,,,,T1,,,,,,,
52851,,,,,,,,,,,,,,,,,,,,,,,,,,,,,,,,,,,,,,,,,,0.067,,,-0.048,-0.013,,0.092,,,,,,,,,,,,,,,,,,,,,,,0.084,-0.006,,,,0.033,-0.072,0.057,0.033,0.039,-0.125,0.07,0.0,-0.004,0.0,0.016,0.013,-0.029,0.0,,0.0,,,,,,,,,,0,,,,,,,,,,,,,,,,,678.43,678.54,,,,,,,,,,,717.31,,721.46,721.46,721.46,721.46,721.46,,,,,,,,,,,,,,,,,,,,,,,,,,,,,,,,,,,,,,T1,,,,,,,
7197,,,,,,,,,,,,,,,,,,,,,,,,,,,,,,,,,,,0.104,-0.008,-0.041,,,0.047,-0.003,,,,,,,,,,,,,,,,,,,,,,,,,,,,,,0.095,0.038,,,,0.084,0.106,0.057,0.084,-0.004,0.086,0.043,0.0,0.004,0.0,0.017,0.013,-0.029,0.0,0.0,0.0,,,,,,,,,,0,,,,,,,,,,,,,,706.85,706.86,,,,,,,,,,,,,,740.34,,743.32,743.32,743.33,743.33,743.33,743.35,,,,,,,,,,,,,,,,,,,,T1,,,,,,,,,,,,,,,,,,,,,,,,
59252,,,,,,,,,,,,,,,,,,,,,,,,,,,,,,,,,,,,,,,,,,,,,,,,,,,,,,,,,-0.042,,,,,,,,-0.07,0.002,,,0.134,0.042,,,-0.035,,,-0.081,0.042,0.063,-0.081,0.082,0.033,-0.038,0.0,-0.013,0.0,0.016,0.013,0.153,0.0,0.0,0.0,,,,,,,,,,0,,,,,,,,,,,,,,,,,,,,,,,,,,1006.56,,1006.57,,,1031.76,1031.76,1031.77,1031.77,1031.77,1031.78,,,,,,,,,,,,,,,,,,,,,,,,,,,,,,,,,,,,,T1,,,,,,,
52570,0.167,0.029,0.0,,,,-0.033,0.0,,,,,,,,,,,,,,,,,,,,,,,,,,,,,,,,,,,,,,,,,,,,,,,,,,,,,,,,,,,,,,,,,,,,0.033,0.132,0.057,0.033,0.0,-0.072,-0.065,0.0,-0.004,0.0,0.013,0.013,-0.074,0.0,,0.0,,,,,,,,,,0,695.22,,,,,,,,,,,,,,,,,,,,,,,,,,,,,,702.33,702.33,702.34,702.34,702.34,,,,,,,,,,,,,,,,,,,,,,,,,,,,,,,,,,,,,,,,,,,,,
50880,-0.095,0.131,,0.019,0.336,,0.101,0.0,,,,,,,,,,,,,,,,,,,,,,,,,,,,,,,,,,,,,,,,,,,,,,,,,,,,,,,,,,,,,,,,,,,,-0.106,0.036,0.104,-0.106,0.008,0.086,-0.011,0.0,0.021,0.0,0.008,0.013,-0.074,0.0,,0.0,,,,,,,,,,0,1560.23,1560.26,,,,,,,,,,,,,,,,,,,,,,,,,,,,,1564.0,1564.0,1564.01,1564.01,1564.01,,,,,,,,,,,,,,,,,,,,,,,,,,,,,,,,,,,,,,T1,,,,,,,
47020,0.043,-0.051,,0.019,-0.164,,,,-0.005,,,,,,,,,,,,,,,,,,,,,,,,,,,,,,,,,,,,,,,,,,,,,,,,,,,,,,,,,,,,,,,,,,,0.109,0.03,0.057,0.109,-0.043,-0.178,0.043,0.0,-0.013,0.0,0.016,0.013,0.017,0.0,,0.0,,,,,,,,,,0,824.48,824.48,,824.52,,,,,,,,,,,,,,,,,,,,,,,,,,,827.57,827.57,827.57,827.57,827.57,,,,,,,,,,,,,,,,,,,,,,,,,,,,,,,,,,,,,,,,,,,,,
54406,,,,,,,,,,0.01,,-0.209,,,,0.001,,,,,,,,,,,,,,,,,,,,,,,,,,,,,,,,,,,,,,,,,,,,,,,,,,,,,,,,,,,,0.07,0.023,0.104,0.07,-0.059,0.086,-0.011,0.0,0.022,0.0,0.011,0.013,0.017,0.0,,0.0,,,,,,,,,,0,,,,,1445.64,,,,,,,,,,,,,,,,,,,,,,,,,,1447.8,1447.8,1447.8,1447.8,1447.8,,,,,,,,,,,,,,,,,,,,,,,,,,,,,,,,,,,,,,,,,,,,,
27624,0.069,-0.019,,0.019,-0.164,-0.073,,,,,,,,,,,,,,,,,,,,,,,,,,,,,,,,,,,,,,,,,,,,,,,,,,,,,,,,,,,,,,,,,,,,,,0.134,0.074,0.063,0.134,0.0,-0.072,-0.038,0.0,-0.013,0.0,0.009,0.013,0.062,0.0,,0.0,,,,,,,,,,0,921.93,921.94,921.96,,,,,,,,,,,,,,,,,,,,,,,,,,,,926.18,926.18,926.18,926.18,926.18,,,,,,,,,,,,,,,,,,,,,,,,,,,,,,,,,,,,,,T1,,,,,,,
55259,-0.127,-0.035,0.0,,,,,,0.096,,,,,,,,,,,,,,,,,,,,,,,,,,,,,,,,,,,,,,,,,,,,,,,,,,,,,,,,,,,,,,,,,,,0.155,0.151,-0.725,0.155,0.094,-0.072,,,,,0.016,0.013,0.017,0.0,,0.0,,,,,,,,,,0,21.13,,,21.15,,,,,,,,,,,,,,,,,,,,,,,,,,,21.46,21.46,21.47,,21.47,,,,,,,,,,,,,,,,,,,,,,,,,,,,,,,,,,,,,,T1,,,,,,,
18857,,,,,,,,,,0.014,,0.192,-0.01,,,-0.11,,,,,,,,,,,,,,,,,,,,,,,,,,,,,,,,,,,,,,,,,,,,,,,,,,,,,,,,,,,,0.02,-0.021,0.082,0.02,-0.027,0.217,0.151,0.0,0.013,0.0,0.016,0.013,-0.029,0.0,,0.0,,,,,,,,,,0,,,,,1414.0,,,,,,,,,,,,,,,,,,,,,,,,,,1414.9,1414.9,1414.9,1414.9,1414.9,,,,,,,,,,,,,,,,,,,,,,,,,,,,,,,,,,,,,,T1,,,,,,,
19143,-0.036,0.088,,0.019,,,-0.027,0.001,,,,,,,,,,,,,,,,,,,,,,,,,,,,,,,,,,,,,,,,,,,,,,,,,,,,,,,,,,,,,,,,,,,,-0.106,0.011,0.082,-0.106,-0.059,0.349,-0.011,0.0,-0.003,0.0,0.01,0.013,-0.029,0.0,,0.0,,,,,,,,,,0,1412.76,1412.77,,,,,,,,,,,,,,,,,,,,,,,,,,,,,1413.0,1413.0,1413.01,1413.01,1413.01,,,,,,,,,,,,,,,,,,,,,,,,,,,,,,,,,,,,,,,,,,,,,
28462,0.095,0.035,0.0,,,,,,-0.018,,,,,,,,,,,,,,,,,,,,,,,,,,,,,,,,,,,,,,,,,,,,,,,,,,,,,,,,,,,,,,,,,,,-0.056,-0.021,0.063,-0.056,0.063,-0.072,-0.065,0.0,0.007,0.0,0.016,0.013,0.153,0.0,0.0,0.0,,,,,,,,,,0,1110.38,,,1110.41,,,,,,,,,,,,,,,,,,,,,,,,,,,1110.81,1110.81,1110.82,1110.82,1110.82,1110.83,,,,,,,,,,,,,,,,,,,,,,,,,,,,,,,,,,,,,,,,,,,,
4809,,,,,,,,,,,,,,,,,,,,,,,,,,,,,,,,,,,,,,,,,,,,,,,,,,,,,,,,,,,,,,,,,,,,,,,,,,,,0.205,-0.174,-0.725,0.205,0.067,0.112,,,,,0.009,0.013,-0.074,0.0,,0.0,,,,,,,,,,0,,,,,,,,,,,,,,,,,,,,,,,,,,,,,,,0.66,0.66,0.66,,0.66,,,,,,,,,,,,,,,,,,,,,,,,,,,,,,,,,,,,,,T1,,,,,,,
673,,,,,,,,,,-0.022,-0.034,,,,,0.033,,,,,,,,,,,,,,,,,,,,,,,,,,,,,,,,,,,,,,,,,,,,,,,,,,,,,,,,,,,,0.03,-0.034,0.037,0.03,0.082,-0.046,,,,,0.008,0.013,0.017,0.0,,0.0,,,,,,,,,,0,,,,,,,,,,,,,,,,,,,,,,,,,,,,,,,347.19,347.19,347.19,,347.19,,,,,,,,,,,,,,,,,,,,,,,,,,,,,,,,,,,,,,T1,,,,,,,
14865,-0.003,0.179,0.0,,,,0.005,-0.003,,,,,,,,,,,,,,,,,,,,,,,,,,,,,,,,,,,,,,,,,,,,,,,,,,,,,,,,,,,,,,,,,,,,-0.03,0.163,0.082,-0.03,0.043,-0.178,0.043,0.0,0.014,0.0,0.011,0.013,-0.165,0.0,0.0,0.0,,,,,,,,,,0,551.21,,,,,,,,,,,,,,,,,,,,,,,,,,,,,,552.99,552.99,553.0,553.0,553.0,553.01,,,,,,,,,,,,,,,,,,,,,,,,,,,,,,,,,,,,,T1,,,,,,,
27307,-0.219,0.115,,0.019,,0.012,,,,,,,,,,,,,,,,,,,,,,,,,,,,,,,,,,,,,,,,,,,,,,,,,,,,,,,,,,,,,,,,,,,,,,-0.132,-0.053,0.104,-0.132,-0.09,-0.099,-0.011,0.0,-0.004,0.0,0.012,0.013,-0.029,0.0,,0.0,,,,,,,,,,0,1518.67,1518.67,1518.71,,,,,,,,,,,,,,,,,,,,,,,,,,,,1527.87,1527.87,1527.87,1527.87,1527.87,,,,,,,,,,,,,,,,,,,,,,,,,,,,,,,,,,,,,,T1,,,,,,,
5415,,,,,,,,,,-0.014,,-0.243,,,,-0.002,,,,,,,,,,,,,,,,,,,,,,,,,,,,,,,,,,,,,,,,,,,,,,,,,,,,,,,,,,,,-0.005,-0.091,0.082,-0.005,-0.071,-0.125,0.097,0.0,-0.003,0.0,0.011,0.013,-0.029,0.0,,0.0,,,,,,,,,,0,,,,,1313.57,,,,,,,,,,,,,,,,,,,,,,,,,,1316.61,1316.61,1316.62,1316.62,1316.62,,,,,,,,,,,,,,,,,,,,,,,,,,,,,,,,,,,,,,T1,,,,,,,
19905,,,,,,,,,,0.014,,-0.341,,,,0.029,,,,,,,,,,,,,,,,,,,,,,,,,,,,,,,,,,,,,,,,,,,,,,,,,,,,,,,,,,,,,,,,,,,,,,,,,,,,0.0,0.0,0.136,,-0.042,0.001,0.0,,0.0,0,,,,,555.65,,,,,,,,,,,,,,,,,,,,,,,,,,,,,,,,556.2,,556.21,556.21,,,,,,,,,,,,,,,,,,,,,,,,,,,,,,,,,,,,,,,,
26255,0.095,0.04,0.0,,-0.164,-0.035,,,,,,,,,,,,,,,,,,,,,,,,,,,,,,,,,,,,,,,,,,,,,,,,,,,,,,,,,,,,,,,,,,,,,,0.033,-0.079,0.101,0.033,0.09,0.138,0.07,0.0,-0.004,0.0,0.013,0.013,-0.119,0.0,,0.0,,,,,,,,,,0,641.53,,641.57,,,,,,,,,,,,,,,,,,,,,,,,,,,,653.58,653.58,653.58,653.58,653.58,,,,,,,,,,,,,,,,,,,,,,,,,,,,,,,,,,,,,,T1,,,,,,,
40572,0.069,-0.169,,0.019,,,0.016,0.001,,,,,,,,,,,,,,,,,,,,,,,,,,,,,,,,,,,,,,,,,,,,,,,,,,,,,,,,,,,,,,,,,,,,-0.056,-0.06,0.104,-0.056,-0.098,-0.125,0.124,0.0,0.02,0.0,0.009,0.013,0.153,0.0,,0.0,,,,,,,,,,1,1511.39,1511.4,,,,,,,,,,,,,,,,,,,,,,,,,,,,,1513.37,1513.37,1513.38,1513.38,1513.38,,,,,,,,,,,,,,,,,,,,,,,,,,,,,,,,,,,,,,T1,,,,,,,
26816,-0.082,-0.062,,0.119,0.336,,0.066,0.0,,,,,,,,,,,,,,,,,,,,,,,,,,,,,,,,,,,,,,,,,,,,,,,,,,,,,,,,,,,,,,,,,,-0.036,-0.037,0.02,-0.009,0.063,0.02,-0.043,0.191,-0.092,0.0,-0.009,0.0,0.011,0.013,0.062,0.0,0.0,0.0,,,,,,,,,,0,1130.04,1130.04,,,,,,,,,,,,,,,,,,,,,,,,,,,,1132.97,1142.11,1142.11,1142.11,1142.11,1142.11,1142.13,,,,,,,,,,,,,,,,,,,,,,,,,,,,,,,,,,,,,,,,,,,,
38105,,,,,,,,,,,,,,,,,,,,,,,,,,,-0.044,0.268,-0.2,,,,-0.04,-0.02,,,,,,,,,,,,,,,,,,,,,,,,,,,,,,,,,,,,,-0.187,0.073,,,,0.058,0.061,0.057,0.058,-0.02,0.086,0.07,0.0,0.004,0.0,0.017,0.013,-0.165,0.0,,0.0,,,,,,,,,,0,,,,,,,,,,,702.79,702.8,,,,,,,,,,,,,,,,,741.47,,742.63,742.63,742.64,742.64,742.64,,,,,,,,,,,,,,,,,,T1,,,,,,,,,,,,,,,,,,,,T1,,,,,,,
34514,-0.016,0.035,0.0,,,,,,0.047,,,,,,,,,,,,,,,,,,,,,,,,,,,,,,,,,,,,,,,,,,,,,,,,,,,,,,,,,,,,,,,,,,,-0.081,-0.015,0.082,-0.081,-0.008,0.086,0.232,0.0,0.022,0.0,0.013,0.013,-0.119,0.0,,0.0,,,,,,,,,,0,1413.48,,,1413.52,,,,,,,,,,,,,,,,,,,,,,,,,,,1413.75,1413.75,1413.75,1413.75,1413.75,,,,,,,,,,,,,,,,,,,,,,,,,,,,,,,,,,,,,,,,,,,,,
27599,,,,,,,,,,0.03,-0.034,,-0.01,0.106,0.258,,,,,,,,,,,,,,,,,,,,,,,,,,,,,,,,,,,,,,,,,,,,,,,,,,,,,,,,,,,,,0.007,-0.123,0.082,0.007,0.004,-0.151,,,,,0.012,0.013,0.017,0.0,0.0,0.0,,,,,,,,,,0,,,,,,475.61,,,,,,,,,,,,,,,,,,,,,,,,,475.92,475.92,475.92,,475.92,475.95,,,,,,,,,,,,,,,,,,,,,,,,,,,,,,,,,,,,,T1,,,,,,,
36979,,,,,,,,,,0.01,,0.045,,-0.077,0.06,,,,,,,,,,,,,,,,,,,,,,,,,,,,,,,,,,,,,,,,,,,,,,,,,,,,,,,,,,,,,-0.255,-0.123,-0.029,-0.255,0.055,-0.046,,,,,0.011,0.013,-0.074,0.0,,0.0,,,,,,,,,,0,,,,,202.04,202.1,,,,,,,,,,,,,,,,,,,,,,,,,202.34,202.34,202.35,,202.35,,,,,,,,,,,,,,,,,,,,,,,,,,,,,,,,,,,,,,T1,,,,,,,
32006,0.049,-0.217,0.0,,,,,,-0.076,,,,,,,,,,,,,,,,,,,,,,,,,,,,,,,,,,,,,,,,,,,,,,,,,,,,,,,,,,,,,,,,,,,-0.081,-0.009,0.104,-0.081,-0.031,-0.02,0.043,0.0,0.012,0.0,-0.969,-0.987,0.108,0.0,,0.0,,,,,,,,,,0,1617.16,,,1617.2,,,,,,,,,,,,,,,,,,,,,,,,,,,1624.36,1624.36,1624.43,1624.43,1624.43,,,,,,,,,,,,,,,,,,,,,,,,,,,,,,,,,,,,,,T1,,,,,,,
31338,,,,,,,,,,,,,,,,,,,,,,,,,,,,,,,,,,,0.068,-0.341,-0.053,0.556,0.08,,0.061,,,,,,,,,,,,,,,,,,,,,,,,,,,,,,0.068,0.131,,,,-0.081,-0.047,0.063,-0.081,-0.027,0.007,-0.038,0.0,-0.013,0.0,0.016,0.013,0.062,0.0,0.0,0.0,,,,,,,,,,1,,,,,,,,,,,,,,961.48,961.49,961.52,,,,,,,,,,,,,992.33,,995.6,995.6,995.6,995.6,995.6,995.62,,,,,,,,,,,,,,,,,,,,T1,T1,T1,,,,,,,,,,,,,,,T1,,,,,,,
22492,0.01,-0.035,0.0,,-0.164,-0.071,,,,,,,,,,,,,,,,,,,,,,,,,,,,,,,,,,,,,,,,,,,,,,,,,,,,,,,,,,,,,,,,,,,,,,0.07,-0.085,0.104,0.07,-0.027,-0.099,-0.011,0.0,-0.004,0.0,0.013,0.013,0.153,0.0,,0.0,,,,,,,,,,0,1492.24,,1492.27,,,,,,,,,,,,,,,,,,,,,,,,,,,,1496.82,1496.82,1496.82,1496.82,1496.82,,,,,,,,,,,,,,,,,,,,,,,,,,,,,,,,,,,,,,T1,,,,,,,
12892,0.173,0.147,0.0,,-0.164,,,,-0.036,,,,,,,,,,,,,,,,,,,,,,,,,,,,,,,,,,,,,,,,,,,,,,,,,,,,,,,,,,,,,,,,,,,-0.031,-0.123,0.063,-0.031,-0.071,-0.02,-0.038,0.0,-0.004,0.0,0.014,0.013,-0.074,0.0,0.0,0.0,,,,,,,,,,0,1148.72,,,1148.76,,,,,,,,,,,,,,,,,,,,,,,,,,,1153.93,1153.93,1153.93,1153.93,1153.93,1153.95,,,,,,,,,,,,,,,,,,,,,,,,,,,,,,,,,,,,,,,,,,,,
52834,-0.186,0.088,0.0,,,0.103,,,,,,,,,,,,,,,,,,,,,,,,,,,,,,,,,,,,,,,,,,,,,,,,,,,,,,,,,,,,,,,,,,,,,,-0.132,0.023,0.104,-0.132,-0.082,0.428,0.124,0.0,-0.005,0.0,0.013,0.013,-0.119,0.0,0.0,0.0,,,,,,,,,,0,1566.47,,1566.49,,,,,,,,,,,,,,,,,,,,,,,,,,,,1568.63,1568.63,1568.63,1568.63,1568.63,1568.65,,,,,,,,,,,,,,,,,,,,,,,,,,,,,,,,,,,,,T1,,,,,,,
53066,,,,,,,,,,,,,,,,,,,,,,,,,,,,,,,,,,,,,,,,,,,,,,,,,,,,,,,,,,,,,,,,,,,0.052,-0.065,-0.187,0.061,-0.211,0.206,,,,0.208,-0.079,0.073,0.208,0.078,-0.02,,,,,0.02,0.013,0.108,0.0,,0.0,,,,,,,,,,0,,,,,,,,,,,,,,,,,,,,,,,,,,,403.63,403.63,435.45,,459.65,459.65,459.65,,459.65,,,,,,,,,,,,,,,,,,,,,,,,,,,,,,,,,,,,,,,,,,,,,
45396,-0.167,0.013,0.0,,0.336,,0.053,-0.004,,,,,,,,,,,,,,,,,,,,,,,,,,,,,,,,,,,,,,,,,,,,,,,,,,,,,,,,,,,,,,,,,,,,-0.232,0.081,0.037,-0.232,0.153,-0.046,,,,,0.007,0.013,0.017,0.0,,0.0,,,,,,,,,,0,246.84,,,,,,,,,,,,,,,,,,,,,,,,,,,,,,247.67,247.67,247.68,,247.68,,,,,,,,,,,,,,,,,,,,,,,,,,,,,,,,,,,,,,T1,,,,,,,
3420,,,,,,,,,,0.022,,0.143,,-0.012,-0.134,,,,,,,,,,,,,,,,,,,,,,,,,,,,,,,,,,,,,,,,,,,,,,,,,,,,,,,,,,,,,-0.182,0.055,0.104,-0.182,-0.078,0.164,0.124,0.0,-0.013,0.0,0.013,0.013,0.062,0.0,,0.0,,,,,,,,,,0,,,,,1628.43,1628.46,,,,,,,,,,,,,,,,,,,,,,,,,1630.33,1630.33,1630.34,1630.34,1630.34,,,,,,,,,,,,,,,,,,,,,,,,,,,,,,,,,,,,,,T1,,,,,,,
30563,,,,,,,,,,0.006,,-0.106,-0.01,,,,-0.03,0.022,,,,,,,,,,,,,,,,,,,,,,,,,,,,,,,,,,,,,,,,,,,,,,,,,,,,,,,,,,0.02,0.03,0.063,0.02,0.008,-0.046,-0.065,0.0,-0.004,0.0,0.011,0.013,0.062,0.0,,0.0,,,,,,,,,,0,,,,,1146.7,,1146.73,,,,,,,,,,,,,,,,,,,,,,,,1147.94,1147.94,1147.94,1147.94,1147.94,,,,,,,,,,,,,,,,,,,,,,,,,,,,,,,,,,,,,,T1,,,,,,,
5940,-0.121,0.125,,0.119,,,0.017,0.002,,,,,,,,,,,,,,,,,,,,,,,,,,,,,,,,,,,,,,,,,,,,,,,,,,,,,,,,,,,,,,,0.262,-0.118,,,,0.084,-0.085,0.057,0.084,0.004,0.138,-0.119,0.0,-0.004,0.0,0.017,0.013,0.017,0.0,,0.0,,,,,,,,,,0,904.21,904.22,,,,,,,,,,,,,,,,,,,,,,,,,,,906.37,,908.05,908.05,908.05,908.05,908.05,,,,,,,,,,,,,,,,,,,,,,,,,,,,,,,,,,,,,,T1,,,,,,,
5018,,,,,,,,,,,,,,,,,,,,,,,,,,,,,,,,,,,0.023,,,-0.169,0.053,,0.118,,,,,,,,,,,,,,,,,,,,,,,,,,,,,,,,-0.035,,,0.033,-0.028,0.057,0.033,-0.008,-0.072,0.07,0.0,0.004,0.0,0.014,0.013,,,0.0,0.0,,,,,,,,,,1,,,,,,,,,,,,,,712.63,,712.67,,,,,,,,,,,,,,,755.63,755.63,755.63,755.63,755.63,755.72,,,,,,,,,,,,,,,,,,,,T1,,T1,,,,,,,,,,,,,,,T1,,,,,,,
31130,,,,,,,,,,0.014,-0.034,,,0.027,-0.195,,,,,,,,,,,,,,,,,,,,,,,,,,,,,,,,,,,,,,,,,,,,,,,,,,,,,,,,,,,,,-0.056,-0.002,0.104,-0.056,-0.063,0.007,-0.038,0.0,0.013,0.0,0.014,0.013,0.017,0.0,0.124,0.0,,,,,,,,,,0,,,,,,1445.1,,,,,,,,,,,,,,,,,,,,,,,,,1445.71,1445.71,1445.71,1445.71,1445.71,1445.78,,,,,,,,,,,,,,,,,,,,,,,,,,,,,,,,,,,,,T1,,,,,,,
3707,0.01,0.088,,-0.081,0.336,,,,0.026,-0.014,-0.034,,,,,,0.032,0.002,,,,,,,,,,,,,,,,,,,,,,,,,,,,,,,,,,,,,,,,,,,,,,,,,,,,,,,,,,0.016,-0.232,-0.702,0.016,,-0.072,,,,,0.01,0.013,-0.029,0.0,,0.0,,,,,,,,,,0,96.43,96.43,,96.46,,,122.28,,,,,,,,,,,,,,,,,,,,,,,,130.89,130.89,130.89,,130.89,,,,,,,,,,,,,,,,,,,,,,,,,,,,,,,,,,,,,,,,,,,,,
51314,,,,,,,,,,,,,,,,,,,0.039,0.146,0.004,-0.079,,,0.014,0.035,,,,,,,,,,,,,,,,,,,,,,,,,,,,,,,,,,,,,,,,,,,,,,,-0.035,,,-0.106,-0.04,0.063,-0.106,-0.055,-0.125,-0.065,0.0,-0.005,0.0,0.012,0.013,0.153,0.0,,0.0,,,,,,,,,,0,,,,,,,,1037.21,1037.22,1037.23,,,,,,,,,,,,,,,,,,,,,1071.85,1071.85,1071.86,1071.86,1071.86,,,,,,,,,,,,,T1,,,T3,,,,,,,,,,,,,,,,,,,,,,T1,,,,,,,
32768,-0.055,-0.147,,-0.081,-0.164,,0.113,0.0,,,,,,,,,,,,,,,,,,,,,,,,,,,,,,,,,,,,,,,,,,,,,,,,,,,,,,,,,,,,,,,,,,,,-0.156,0.068,0.037,-0.156,0.071,-0.23,,,,,0.014,0.013,0.062,0.0,,0.0,,,,,,,,,,0,257.6,257.6,,,,,,,,,,,,,,,,,,,,,,,,,,,,,258.08,258.08,258.09,,258.09,,,,,,,,,,,,,,,,,,,,,,,,,,,,,,,,,,,,,,T1,,,,,,,
33247,,,,,,,,,,,,,,,,,,,,,,,,,,,-0.037,0.152,0.121,,,,0.245,-0.006,,,,,,,,,,,,,,,,,,,,,,,,,,,,,,,,,,,,,-0.256,-0.012,,,,0.079,-0.053,0.037,0.079,-0.031,-0.072,,,,,0.016,0.013,0.108,0.0,0.0,0.0,,,,,,,,,,0,,,,,,,,,,,368.05,368.07,,,,,,,,,,,,,,,,,406.57,,418.83,418.83,418.83,,418.83,418.85,,,,,,,,,,,,,,,,,T1,,,,,,,,,,,,,,,,,,,,,,,,,,,
49025,0.167,0.019,,-0.081,-0.164,,,,-0.02,,,,,,,,,,,,,,,,,,,,,,,,,,,,,,,,,,,,,,,,,,,,,,,,,,,,,,,,,,,,,,,,,,,0.058,0.011,0.057,0.058,0.047,-0.099,-0.065,0.0,0.021,0.0,0.016,0.013,-0.029,0.0,,0.0,,,,,,,,,,0,694.98,694.99,,695.02,,,,,,,,,,,,,,,,,,,,,,,,,,,702.18,702.18,702.18,702.18,702.18,,,,,,,,,,,,,,,,,,,,,,,,,,,,,,,,,,,,,,T1,,,,,,,
54612,0.023,0.019,0.0,,,,-0.013,0.001,,,,,,,,,,,,,,,,,,,,,,,,,,,,,,,,,,,,,,,,,,,,,,,,,,,,,,,,,,,,,,,,,,,,0.156,0.004,0.037,0.156,0.039,-0.151,,,,,0.009,0.013,0.199,0.0,,0.0,,,,,,,,,,0,338.51,,,,,,,,,,,,,,,,,,,,,,,,,,,,,,339.51,339.51,339.52,,339.52,,,,,,,,,,,,,,,,,,,,,,,,,,,,,,,,,,,,,,T1,,,,,,,
44858,-0.134,0.083,0.0,,-0.164,,,,-0.029,,,,,,,,,,,,,,,,,,,,,,,,,,,,,,,,,,,,,,,,,,,,,,,,,,,,,,,,,,,,,,,,,,,-0.031,-0.034,0.063,-0.031,-0.02,-0.178,0.124,0.0,-0.013,0.0,0.014,0.013,-0.029,0.0,,0.0,,,,,,,,,,0,962.06,,,962.11,,,,,,,,,,,,,,,,,,,,,,,,,,,963.98,963.98,963.98,963.98,963.98,,,,,,,,,,,,,,,,,,,,,,,,,,,,,,,,,,,,,,T1,,,,,,,
11206,,,,,,,,,,,,,,,,,,,,,,,,,,,,,,,,,,,0.031,-0.008,0.032,,0.007,,-0.037,,,,,,,,,,,,,,,,,,,,,,,,,,,,,,-0.158,0.113,,,,0.033,0.087,0.057,0.033,0.039,-0.02,-0.146,0.0,-0.011,0.0,0.013,0.013,-0.119,0.0,0.0,0.0,,,,,,,,,,0,,,,,,,,,,,,,,670.96,671.0,671.01,,,,,,,,,,,,,704.41,,710.96,710.96,710.97,710.97,710.97,710.99,,,,,,,,,,,,,,,,,,,,T1,,,,,,,,,,,,,,,,,T1,,,,,,,
21641,0.141,-0.126,0.0,,-0.164,,-0.048,-0.001,,,,,,,,,,,,,,,,,,,,,,,,,,,,,,,,,,,,,,,,,,,,,,,,,,,,,,,,,,,,,,,,,,,,-0.132,0.093,0.104,-0.132,-0.039,-0.178,0.124,0.0,-0.013,0.0,0.011,0.013,0.017,0.0,0.0,0.0,,,,,,,,,,0,1625.81,,,,,,,,,,,,,,,,,,,,,,,,,,,,,,1628.18,1628.18,1628.19,1628.19,1628.19,1628.2,,,,,,,,,,,,,,,,,,,,,,,,,,,,,,,,,,,,,T1,,,,,,,
2870,0.134,-0.04,0.0,,,,-0.009,0.002,,,,,,,,,,,,,,,,,,,,,,,,,,,,,,,,,,,,,,,,,,,,,,,,,,,,,,,,,,,,,,,,,,,,0.16,-0.072,0.101,0.16,,-0.125,-0.038,0.0,0.013,0.0,0.016,0.013,0.108,0.0,,0.0,,,,,,,,,,0,676.63,,,,,,,,,,,,,,,,,,,,,,,,,,,,,,683.6,683.6,683.6,683.6,683.6,,,,,,,,,,,,,,,,,,,,,,,,,,,,,,,,,,,,,,T1,,,,,,,
98,0.095,0.083,,0.019,-0.164,,,,-0.019,,,,,,,,,,,,,,,,,,,,,,,,,,,,,,,,,,,,,,,,,,,,,,,,,,,,,,,,,,,,,,,,,,,-0.056,0.004,0.104,-0.056,-0.086,0.138,0.016,0.0,0.004,0.0,0.012,0.013,-0.21,0.0,,0.0,,,,,,,,,,0,1496.88,1496.89,,1496.9,,,,,,,,,,,,,,,,,,,,,,,,,,,1499.09,1499.09,1499.1,1499.1,1499.1,,,,,,,,,,,,,,,,,,,,,,,,,,,,,,,,,,,,,,T1,,,,,,,
45504,-0.18,-0.067,0.0,,-0.164,-0.021,,,,,,,,,,,,,,,,,,,,,,,,,,,,,,,,,,,,,,,,,,,,,,,,,,,,,,,,,,,,,,,,,,,,,,0.084,0.042,0.057,0.084,-0.016,0.059,-0.011,0.0,-0.004,0.0,0.017,0.013,-0.029,0.0,0.0,0.0,,,,,,,,,,0,903.58,,903.62,,,,,,,,,,,,,,,,,,,,,,,,,,,,907.41,907.41,907.41,907.41,907.41,907.44,,,,,,,,,,,,,,,,,,,,,,,,,,,,,,,,,,,,,T1,,,,,,,
37203,,,,,,,,,,,,,,,,,,,,,,,,,,,0.054,-0.203,,0.034,-0.108,0.003,,-0.151,,,,,,,,,,,,,,,,,,,,,,,,,,,,,,,,,,,,,-0.126,-0.126,,,,-0.031,0.004,0.063,-0.031,-0.027,-0.02,-0.038,0.0,0.008,0.0,0.014,0.013,0.153,0.0,,0.0,,,,,,,,,,0,,,,,,,,,,,992.12,,992.19,,,,,,,,,,,,,,,,1003.06,,1007.01,1007.01,1007.02,1007.02,1007.02,,,,,,,,,,,,,,,,,,,,,,,,,,,,,,,,,,,,,,T1,,,,,,,
49402,-0.042,-0.137,0.0,,-0.164,0.005,,,,,,,,,,,,,,,,,,,,,,,,,,,,,,,,,,,,,,,,,,,,,,,,,,,,,,,,,,,,,,,,,,,,,,-0.097,0.182,0.037,-0.097,0.09,-0.178,,,,,0.013,0.013,0.108,0.0,,0.0,,,,,,,,,,0,288.59,,288.62,,,,,,,,,,,,,,,,,,,,,,,,,,,,291.59,291.59,291.59,,291.59,,,,,,,,,,,,,,,,,,,,,,,,,,,,,,,,,,,,,,T1,,,,,,,
48290,,,,,,,,,,,,,,,,,,,,,,,,,,,,,,,,,,,,,,,,,,-0.006,,,-0.03,,0.079,-0.041,,,,,,,,,,,,,,,,,,,,,,,,,-0.035,,,-0.005,-0.212,0.063,-0.005,-0.043,-0.23,-0.011,0.0,-0.013,0.0,0.013,0.013,0.108,0.0,,0.0,,,,,,,,,,0,,,,,,,,,,,,,,,,,1029.53,1029.65,1029.66,,,,,,,,,,,,1064.68,1064.68,1064.69,1064.69,1064.69,,,,,,,,,,,,,,,,,,,,,,,,,,,,,,,,,,,,,,,,,,,,,
1724,0.043,-0.056,,0.019,-0.164,,-0.005,0.002,,,,,,,,,,,,,,,,,,,,,,,,,,,,,,,,,,,,,,,,,,,,,,,,,,,,,,,,,,,,,,,,,,,,0.084,0.011,0.101,0.084,-0.004,-0.178,-0.146,0.0,0.013,0.0,0.012,0.013,0.153,0.0,0.0,0.0,,,,,,,,,,0,675.82,675.82,,,,,,,,,,,,,,,,,,,,,,,,,,,,,677.46,677.46,677.47,677.47,677.47,677.49,,,,,,,,,,,,,,,,,,,,,,,,,,,,,,,,,,,,,T1,,,,,,,
57076,,,,,,,,,,,,,,,,,,,,,,,,,,,,,,,,,,,-0.072,-0.064,-0.009,,-0.056,,0.04,,,,,,,,,,,,,,,,,,,,,,,,,,,,,,,,,-0.036,-0.037,0.033,0.068,0.057,0.033,-0.024,-0.151,-0.092,0.0,0.012,0.0,0.012,0.013,-0.029,0.0,0.0,0.0,,,,,,,,,,1,,,,,,,,,,,,,,692.41,692.51,692.52,,,,,,,,,,,,,,735.14,738.71,738.71,738.71,738.71,738.71,738.73,,,,,,,,,,,,,,,,,,,,T1,,,,,,,,,,,,,,,,,,,,,,,,
17068,,,,,,,,,,-0.006,-0.034,,-0.01,-0.065,-0.149,,,,,,,,,,,,,,,,,,,,,,,,,,,,,,,,,,,,,,,,,,,,,,,,,,,,,,,,,,,,,0.205,0.093,-0.702,0.205,0.071,0.191,,,,,0.012,0.013,0.017,0.0,0.0,0.0,,,,,,,,,,0,,,,,,69.08,,,,,,,,,,,,,,,,,,,,,,,,,71.21,71.21,71.21,,71.21,71.28,,,,,,,,,,,,,,,,,,,,,,,,,,,,,,,,,,,,,,,,,,,,
421,0.108,-0.121,0.0,,,,-0.061,-0.001,,,,,,,,,,,,,,,,,,,,,,,,,,,,,,,,,,,,,,,,,,,,,,,,,,,,,,,,,,,,,,,,,,,,-0.106,-0.053,0.104,-0.106,-0.047,0.033,0.07,0.0,-0.013,0.0,0.013,0.013,-0.074,0.0,0.0,0.0,,,,,,,,,,0,1643.67,,,,,,,,,,,,,,,,,,,,,,,,,,,,,,1646.36,1646.36,1646.36,1646.36,1646.36,1646.38,,,,,,,,,,,,,,,,,,,,,,,,,,,,,,,,,,,,,,,,,,,,
30993,0.069,-0.195,,-0.081,,,-0.056,0.005,,,,,,,,,,,,,,,,,,,,,,,,,,,0.046,,,-0.211,-0.038,,0.18,,,,,,,,,,,,,,,,,,,,,,,,,,,,,,,,,,,0.02,-0.098,0.104,0.02,-0.086,0.033,-0.119,0.0,-0.013,0.0,0.014,0.013,0.199,0.0,,0.0,,,,,,,,,,0,1619.23,1619.24,,,,,,,,,,,,1650.98,,1650.99,,,,,,,,,,,,,,,1659.13,1659.13,1659.14,1659.14,1659.14,,,,,,,,,,,,,,,,,,,,,T1,,T1,,,,,,,,,,,,,,,T1,,,,,,,
28937,0.016,0.093,,-0.181,-0.164,,0.021,-0.001,,,,,,,,,,,,,,,,,,,,,,,,,,,,,,,,,,,,,,,,,,,,,,,,,,,,,,,,,,,,,,,,,,,,-0.005,-0.117,0.082,-0.005,-0.071,0.138,-0.038,0.0,-0.012,0.0,0.012,0.013,0.244,0.0,0.0,0.0,,,,,,,,,,0,1365.51,1365.52,,,,,,,,,,,,,,,,,,,,,,,,,,,,,1367.58,1367.58,1367.59,1367.59,1367.59,1367.62,,,,,,,,,,,,,,,,,,,,,,,,,,,,,,,,,,,,,T1,,,,,,,
10360,,,,,,,,,,,,,,,,,,,,,,,,,,,,,,,,,,,-0.143,-0.008,-0.03,,,0.02,-0.104,,,,,,,,,,,,,,,,,,,,,,,,,,,,,,-0.191,0.094,,,,0.058,0.125,0.057,0.058,-0.027,-0.072,-0.119,0.0,-0.004,0.0,0.019,0.013,0.017,0.0,,0.0,,,,,,,,,,0,,,,,,,,,,,,,,762.74,762.75,,,,,,,,,,,,,,773.88,,780.09,780.09,780.1,780.1,780.1,,,,,,,,,,,,,,,,,,,,,T1,,,,,,,,,,,,,,,,,T1,,,,,,,
41277,0.069,0.067,0.0,,-0.164,,-0.044,0.003,,,,,,,,,,,,,,,,,,,,,,,,,,,,,,,,,,,,,,,,,,,,,,,,,,,,,,,,,,,,,,,,,,,,,,,,,,,,,,,,,,,,0.0,0.0,-0.047,-0.006,,0.017,0.0,0.069,0.0,0,641.1,,,,,,,,,,,,,,,,,,,,,,,,,,,,,,,,,,,,653.51,,653.52,653.53,,,,,,,,,,,,,,,,,,,,,,,,,,,,,,,,,,,,,,,,
9535,-0.01,-0.014,,0.019,-0.164,,,,0.028,,,,,,,,,,,,,,,,,,,,,,,,,,,,,,,,,,,,,,,,,,,,,,,,,,,,,,,,,,,,,,,,,,,0.129,0.055,-0.702,0.129,0.094,0.138,,,,,0.012,0.013,-0.119,0.0,,0.0,,,,,,,,,,0,39.15,39.16,,39.19,,,,,,,,,,,,,,,,,,,,,,,,,,,45.88,45.88,45.89,,45.89,,,,,,,,,,,,,,,,,,,,,,,,,,,,,,,,,,,,,,,,,,,,,
41522,-0.036,-0.003,0.0,,,,,,0.013,,,,,,,,,,,,,,,,,,,,,,,,,,,,,,,,,,,,,,,,,,,,,,,,,,,,,,,,,,,,,,,,,,,-0.056,-0.002,0.063,-0.056,-0.024,0.007,0.043,0.0,0.013,0.0,0.011,0.013,-0.21,0.0,0.0,0.0,,,,,,,,,,0,1226.19,,,1226.22,,,,,,,,,,,,,,,,,,,,,,,,,,,1238.02,1238.02,1238.02,1238.02,1238.02,1238.1,,,,,,,,,,,,,,,,,,,,,,,,,,,,,,,,,,,,,,,,,,,,
8977,,,,,,,,,,0.006,,-0.249,-0.01,,,0.13,,,,,,,,,,,,,,,,,,,,,,,,,,,,,,,,,,,,,,,,,,,,,,,,,,,,,,,,,,,,0.02,-0.009,0.063,0.02,0.102,0.086,-0.038,0.0,-0.004,0.0,0.01,0.013,0.199,0.0,,0.0,,,,,,,,,,0,,,,,1146.84,,,,,,,,,,,,,,,,,,,,,,,,,,1148.2,1148.2,1148.2,1148.2,1148.2,,,,,,,,,,,,,,,,,,,,,,,,,,,,,,,,,,,,,,T1,,,,,,,
15144,,,,,,,,,,,,,,,,,,,,,,,,,,,,,,,,,,,0.008,,,0.158,,0.027,0.067,,,,,,,,,,,,,,,,,,,,,,,,,,,,,,0.096,0.049,,,,0.084,-0.079,0.057,0.084,0.055,-0.099,-0.011,0.0,0.004,0.0,0.009,0.013,-0.074,0.0,0.0,0.0,,,,,,,,,,0,,,,,,,,,,,,,,668.26,,,,,,,,,,,,,,,705.13,,708.69,708.69,708.7,708.7,708.7,708.72,,,,,,,,,,,,,,,,,,,,T1,,T1,,,,,,,,,,,,,,,T1,,,,,,,
29042,,,,,,,,,,-0.014,0.066,,-0.01,,,-0.077,,,,,,,,,,,,,,,,,,,,,,,,,,,,,,,,,,,,,,,,,,,,,,,,,,,,,,,,,,,,0.041,0.074,-0.702,0.041,,-0.125,,,,,0.011,0.013,0.108,0.0,0.0,0.0,,,,,,,,,,0,,,,,,,,,,,,,,,,,,,,,,,,,,,,,,,89.66,89.66,89.66,,89.66,89.68,,,,,,,,,,,,,,,,,,,,,,,,,,,,,,,,,,,,,,,,,,,,
23059,,,,,,,,,,0.01,0.066,,,0.107,0.085,,,,,,,,,,,,,,,,,,,,,,,,,,,,,,,,,,,,,,,,,,,,,,,,,,,,,,,,,,,,,-0.056,-0.034,0.082,-0.056,-0.027,0.138,0.016,0.0,-0.012,0.0,0.016,0.013,-0.074,0.0,,0.0,,,,,,,,,,0,,,,,,1341.18,,,,,,,,,,,,,,,,,,,,,,,,,1350.05,1350.05,1350.05,1350.05,1350.05,,,,,,,,,,,,,,,,,,,,,,,,,,,,,,,,,,,,,,T1,,,,,,,
28662,,,,,,,,,,0.018,,0.498,-0.01,,,-0.114,,,,,,,,,,,,,,,,,,,,,,,,,,,,,,,,,,,,,,,,,,,,,,,,,,,,,,,,,,,,0.096,-0.028,0.082,0.096,0.118,-0.099,,,,,0.009,0.013,0.062,0.0,0.0,0.0,,,,,,,,,,0,,,,,477.09,,,,,,,,,,,,,,,,,,,,,,,,,,482.65,482.65,482.66,,482.66,482.69,,,,,,,,,,,,,,,,,,,,,,,,,,,,,,,,,,,,,T1,,,,,,,
59727,-0.095,-0.19,,0.019,0.336,,,,0.07,,,,,,,,,,,,,,,,,,,,,,,,,,,,,,,,,,,,,,,,,,,,,,,,,,,,,,,,,,,,,,,,,,,0.08,0.023,0.037,0.08,-0.004,0.007,,,,,0.009,0.013,0.017,0.0,0.0,0.0,,,,,,,,,,0,273.92,273.93,,273.94,,,,,,,,,,,,,,,,,,,,,,,,,,,279.64,279.64,279.67,,279.67,279.68,,,,,,,,,,,,,,,,,,,,,,,,,,,,,,,,,,,,,,,,,,,,
28657,-0.036,-0.137,,0.019,0.336,0.071,,,,,,,,,,,,,,,,,,,,,,,,,,,,,,,,,,,,,,,,,,,,,,,,,,,,,,,,,,,,,,,,,,,,,,-0.106,-0.034,0.104,-0.106,-0.051,-0.02,-0.092,0.0,0.004,0.0,0.01,0.013,-0.119,0.0,,0.0,,,,,,,,,,0,1499.8,1499.81,1499.88,,,,,,,,,,,,,,,,,,,,,,,,,,,,1507.89,1507.89,1507.89,1507.89,1507.89,,,,,,,,,,,,,,,,,,,,,,,,,,,,,,,,,,,,,,T1,,,,,,,
49931,,,,,,,,,,,,,,,,,,,,,,,,,,,,,,,,,,,-0.038,,,0.002,,-0.061,-0.086,,,,,,,,,,,,,,,,,,,,,,,,,,,,,,-0.123,-0.07,,,,-0.005,0.023,0.063,-0.005,-0.051,0.059,-0.038,0.0,-0.003,0.0,0.01,0.013,-0.074,0.0,,0.0,,,,,,,,,,0,,,,,,,,,,,,,,1176.21,,,,,,,,,,,,,,,1183.51,,1194.5,1194.5,1194.51,1194.51,1194.51,,,,,,,,,,,,,,,,,,,,,T1,,T1,,,,,,,,,,,,,,,T1,,,,,,,
32113,,,,,,,,,,0.002,-0.034,,,,,,0.095,0.165,,,,,,,,,,,,,,,,,,,,,,,,,,,,,,,,,,,,,,,,,,,,,,,,,,,,,,,,,,0.104,-0.04,-0.702,0.104,,0.112,,,,,0.007,0.013,-0.074,0.0,0.0,0.0,,,,,,,,,,0,,,,,,,46.38,,,,,,,,,,,,,,,,,,,,,,,,54.4,54.4,54.41,,54.41,54.44,,,,,,,,,,,,,,,,,,,,,,,,,,,,,,,,,,,,,,,,,,,,
1492,-0.023,-0.222,0.0,,0.336,,,,0.037,,,,,,,,,,,,,,,,,,,,,,,,,,,,,,,,,,,,,,,,,,,,,,,,,,,,,,,,,,,,,,,,,,,-0.097,0.112,0.037,-0.097,-0.012,-0.151,,,,,0.013,0.013,0.153,0.0,,0.0,,,,,,,,,,0,289.92,,,289.95,,,,,,,,,,,,,,,,,,,,,,,,,,,292.79,292.79,292.79,,292.79,,,,,,,,,,,,,,,,,,,,,,,,,,,,,,,,,,,,,,T1,,,,,,,
48661,,,,,,,,,,-0.018,,0.167,,,,0.055,,,,,,,,,,,,,,,,,,,,,,,,,,,,,,,,,,,,,,,,,,,,,,,,,,,,,,,,,-0.035,,,0.008,0.042,0.063,0.008,0.051,0.059,-0.119,0.0,0.004,0.0,0.014,0.013,-0.119,0.0,0.0,0.0,,,,,,,,,,0,,,,,944.76,,,,,,,,,,,,,,,,,,,,,,,,,,953.64,953.64,953.64,953.64,953.64,953.66,,,,,,,,,,,,,,,,,,,,,,,,,,,,,,,,,,,,,T1,,,,,,,
7944,-0.016,-0.169,,0.019,,,,,-0.259,,,,,,,,,,,,,,,,,,,,,,,,,,,,,,,,,,,,,,,,,,,,,,,,,,,,,,,,,,,,,,,,,,,-0.081,0.017,0.104,-0.081,-0.004,0.033,-0.092,0.0,-0.013,0.0,0.012,0.013,,,,0.0,,,,,,,,,,1,1643.29,1643.29,,1643.32,,,,,,,,,,,,,,,,,,,,,,,,,,,1646.22,1646.22,1646.23,1646.23,1646.23,,,,,,,,,,,,,,,,,,,,,,,,,,,,,,,,,,,,,,T1,,,,,,,
2533,,,,,,,,,,0.002,-0.034,,,-0.004,0.02,,,,,,,,,,,,,,,,,,,,,,,,,,,,,,,,,,,,,,,,,,,,,,,,,,,,,,,,,,,,,,,,,,,,,,,,,,,,,0.0,0.0,-0.102,-0.002,,0.09,0.0,0.069,0.0,0,,,,,,1389.73,,,,,,,,,,,,,,,,,,,,,,,,,,,,,,,1391.29,,1391.31,1391.31,,,,,,,,,,,,,,,,,,,,,,,,,,,,,,,,,,,,,,,,
44332,0.016,0.088,0.0,,-0.164,,,,-0.151,,,,,,,,,,,,,,,,,,,,,,,,,,,,,,,,,,,,,,,,,,,,,,,,,,,,,,,,,,,,,,,,,,,0.058,-0.047,0.101,0.058,0.031,-0.072,-0.011,0.0,-0.012,0.0,0.009,0.013,-0.029,0.0,0.0,0.0,,,,,,,,,,0,611.29,,,611.33,,,,,,,,,,,,,,,,,,,,,,,,,,,617.55,617.55,617.55,617.55,617.55,617.58,,,,,,,,,,,,,,,,,,,,,,,,,,,,,,,,,,,,,T1,,,,,,,
53637,0.043,0.088,0.0,,,-0.038,,,,,,,,,,,,,,,,,,,,,,,,,,,,,,,,,,,,,,,,,,,,,,,,,,,,,,,,,,,,,,,,,,,,,,-0.106,0.036,0.104,-0.106,-0.047,-0.099,0.016,0.0,-0.004,0.0,0.008,0.013,-0.029,0.0,0.0,0.0,,,,,,,,,,0,1490.59,,1490.63,,,,,,,,,,,,,,,,,,,,,,,,,,,,1492.22,1492.22,1492.23,1492.23,1492.23,1492.24,,,,,,,,,,,,,,,,,,,,,,,,,,,,,,,,,,,,,,,,,,,,
28174,,,,,,,,,,,,,,,,,,,,,,,,,,,,,,,,,,,0.128,,,0.253,-0.138,,0.071,,,,,,,,,,,,,,,,,,,,,,,,,,,,,,0.157,0.037,,,,0.109,0.061,0.057,0.109,-0.047,0.086,0.016,0.0,-0.004,0.0,0.02,0.013,0.017,0.0,0.0,0.0,,,,,,,,,,0,,,,,,,,,,,,,,744.83,,744.86,,,,,,,,,,,,,768.97,,772.15,772.15,772.15,772.15,772.15,772.18,,,,,,,,,,,,,,,,,,,,T1,,T1,,,,,,,,,,,,,,,,,,,,,,
4689,,,,,,,,,,,,,,,,,,,,,,,,,,,,,,,,,,,,,,,,,,,,,,,,,,,-0.005,0.001,,-0.005,,-0.217,,,,,,,,,,,,,,,-0.134,-0.101,,,,-0.148,0.214,0.037,-0.148,0.063,-0.151,,,,,0.016,0.013,0.199,0.0,0.0,0.0,,,,,,,,,,0,,,,,,,,,,,,,,,,,,,,,341.64,,,,,,,,405.25,,416.63,416.63,416.64,,416.64,416.65,,,,,,,,,,,,,,,,,,,,,,,,,,,,,,,,,,,,,T1,,,,,,,
37067,,,,,,,,,,,,,,,,,,,,,,,,,,,0.046,-0.186,,-0.038,-0.161,0.088,,0.138,,,,,,,,,,,,,,,,,,,,,,,,,,,,,,,,,,,,,0.006,-0.155,,,,0.045,-0.002,0.063,0.045,-0.024,0.007,-0.011,0.0,0.021,0.0,0.013,0.013,0.153,0.0,,0.0,,,,,,,,,,0,,,,,,,,,,,1154.24,,1154.26,,,,,,,,,,,,,,,,1170.62,,1174.43,1174.43,1174.44,1174.44,1174.44,,,,,,,,,,,,,,,,,,,,,,,,,,,,,,,,,,,,,,T1,,,,,,,
13043,-0.003,0.184,0.0,,,0.003,,,,,,,,,,,,,,,,,,,,,,,,,,,,,,,,,,,,,,,,,,,,,,,,,,,,,,,,,,,,,,,,,,,,,,,,,,,,,,,,,,,,,,0.0,0.0,-0.023,,0.002,-0.239,0.0,0.069,0.0,0,574.91,,574.95,,,,,,,,,,,,,,,,,,,,,,,,,,,,,,,,,,577.35,,577.37,577.37,,,,,,,,,,,,,,,,,,,,,,,,,,,,,,,,,,,,,,,,
30627,0.03,0.002,0.0,,-0.164,,-0.037,0.0,,,,,,,,,,,,,,,,,,,,,,,,,,,,,,,,,,,,,,,,,,,,,,,,,,,,,,,,,,,,,,,,,-0.035,,,0.109,-0.021,0.057,0.109,0.024,0.007,0.016,0.0,0.003,0.0,0.016,0.013,-0.165,0.0,,0.0,,,,,,,,,,0,889.89,,,,,,,,,,,,,,,,,,,,,,,,,,,,,,895.42,895.42,895.43,895.43,895.43,,,,,,,,,,,,,,,,,,,,,,,,,,,,,,,,,,,,,,T1,,,,,,,
52945,,,,,,,,,,,,,,,,,,,,,,,,,,,,,,,,,,,0.012,,,0.481,0.116,,0.043,,,,,,,,,,,,,,,,,,,,,,,,,,,,,,-0.006,0.209,,,,0.134,-0.034,0.057,0.134,-0.016,-0.204,0.016,0.0,0.004,0.0,0.016,0.013,0.017,0.0,0.0,0.0,,,,,,,,,,0,,,,,,,,,,,,,,707.09,,707.11,,,,,,,,,,,,,742.13,,745.39,745.39,745.39,745.39,745.39,745.41,,,,,,,,,,,,,,,,,,,,T1,,T1,,,,,,,,,,,,,,,T1,,,,,,,
52121,0.016,-0.158,,0.019,,,,,0.113,,,,,,,,,,,,,,,,,,,,,,,,,,,,,,,,,,,,,,,,,,,,,,,,,,,,,,,,,,,,,,,,,,,-0.223,0.119,0.037,-0.223,0.09,-0.178,,,,,0.012,0.013,-0.029,0.0,,0.0,,,,,,,,,,0,400.56,400.56,,400.59,,,,,,,,,,,,,,,,,,,,,,,,,,,402.41,402.41,402.41,,402.41,,,,,,,,,,,,,,,,,,,,,,,,,,,,,,,,,,,,,,T1,,,,,,,
23974,-0.088,-0.094,,0.019,-0.164,,,,-0.059,,,,,,,,,,,,,,,,,,,,,,,,,,,,,,,,,,,,,,,,,,,,,,,,,,,,,,,,,,,,,,,,,,,-0.106,-0.015,0.104,-0.106,-0.098,0.217,0.043,0.0,0.004,0.0,0.01,0.013,0.017,0.0,,0.0,,,,,,,,,,0,1501.87,1501.87,,1501.9,,,,,,,,,,,,,,,,,,,,,,,,,,,1510.84,1510.84,1510.84,1510.84,1510.84,,,,,,,,,,,,,,,,,,,,,,,,,,,,,,,,,,,,,,,,,,,,,
40226,-0.121,-0.046,0.0,,,,-0.08,0.0,,,,,,,,,,,,,,,,,,,,,,,,,,,,,,,,,,,,,,,,,,,,,,,,,,,,,,,,,,,,,,,,,,,,0.02,-0.021,0.082,0.02,-0.075,0.007,0.151,0.0,-0.003,0.0,0.011,0.013,0.29,0.0,0.0,0.0,,,,,,,,,,0,1410.15,,,,,,,,,,,,,,,,,,,,,,,,,,,,,,1413.67,1413.67,1413.68,1413.68,1413.68,1413.7,,,,,,,,,,,,,,,,,,,,,,,,,,,,,,,,,,,,,T1,,,,,,,
41210,0.069,-0.163,0.0,,,,,,-0.02,,,,,,,,,,,,,,,,,,,,,,,,,,,,,,,,,,,,,,,,,,,,,,,,,,,,,,,,,,,,,,,,,,,0.109,0.055,0.101,0.109,0.078,-0.151,-0.119,0.0,-0.012,0.0,0.008,0.013,0.017,0.0,,0.0,,,,,,,,,,0,654.8,,,654.84,,,,,,,,,,,,,,,,,,,,,,,,,,,656.27,656.27,656.28,656.28,656.28,,,,,,,,,,,,,,,,,,,,,,,,,,,,,,,,,,,,,,,,,,,,,
47293,,,,,,,,,,,,,,,,,,,-0.089,0.146,0.0,0.136,,0.004,,-0.094,,,,,,,,,,,,,,,,,,,,,,,,,,,,,,,,,,,,,,,,,,,,,,,-0.035,,,,,,,,-0.072,-0.119,0.0,-0.013,0.0,0.017,0.013,0.199,0.0,0.0,0.0,,,,,,,,,,0,,,,,,,,1028.45,1028.45,,,,,,,,,,,,,,,,,,,,,,,,1061.7,1061.7,1061.7,1061.72,,,,,,,,,,,,T1,,,T3,,,,,,,,,,,,,,,,,,,,,,,,,,,,,
32357,0.016,0.029,0.0,,,0.022,,,,,,,,,,,,,,,,,,,,,,,,,,,,,,,,,,,,,,,,,,,,,,,,,,,,,,,,,,,,,,,,,,,,,,0.109,-0.13,0.082,0.109,0.078,0.007,-0.065,0.0,0.022,0.0,0.01,0.013,,,,0.0,,,,,,,,,,1,532.72,,532.75,,,,,,,,,,,,,,,,,,,,,,,,,,,,537.11,537.11,537.11,537.11,537.11,,,,,,,,,,,,,,,,,,,,,,,,,,,,,,,,,,,,,,,,,,,,,
5570,0.01,-0.121,0.0,,0.336,,,,0.078,,,,,,,,,,,,,,,,,,,,,,,,,,,,,,,,,,,,,,,,,,,,,,,,,,,,,,,,,,,,,,,,,,,0.23,-0.072,-0.702,0.23,,0.086,,,,,0.011,0.013,0.199,0.0,,0.0,,,,,,,,,,0,55.44,,,55.47,,,,,,,,,,,,,,,,,,,,,,,,,,,62.06,62.06,62.06,,62.06,,,,,,,,,,,,,,,,,,,,,,,,,,,,,,,,,,,,,,T1,,,,,,,
8988,-0.075,0.045,0.0,,0.336,,,,-0.004,,,,,,,,,,,,,,,,,,,,,,,,,,,,,,,,,,,,,,,,,,,,,,,,,,,,,,,,,,,,,,,,,,,-0.005,-0.04,0.063,-0.005,-0.039,0.059,0.016,0.0,-0.014,0.0,0.014,0.013,-0.029,0.0,,0.0,,,,,,,,,,0,1111.41,,,1111.45,,,,,,,,,,,,,,,,,,,,,,,,,,,1112.49,1112.49,1112.49,1112.49,1112.49,,,,,,,,,,,,,,,,,,,,,,,,,,,,,,,,,,,,,,,,,,,,,
21732,,,,,,,,,,,,,,,,,,,,,,,,,,,,,,,,,,,-0.143,-0.008,-0.035,,-0.047,,0.11,,,,,,,,,,,,,,,,,,,,,,,,,,,,,,0.11,0.077,,,,0.235,0.042,0.057,0.235,-0.043,0.217,-0.011,0.0,-0.012,0.0,0.011,0.013,0.153,0.0,,0.0,,,,,,,,,,0,,,,,,,,,,,,,,804.85,804.87,804.88,,,,,,,,,,,,,808.12,,812.08,812.08,812.08,812.08,812.08,,,,,,,,,,,,,,,,,,,,,T1,,,,,,,,,,,,,,,,,T1,,,,,,,
40944,,,,,,,,,,0.026,0.066,,-0.01,-0.088,0.013,,,,,,,,,,,,,,,,,,,,,,,,,,,,,,,,,,,,,,,,,,,,,,,,,,,,,,,,,,,,,-0.145,-0.034,0.082,-0.145,0.008,-0.072,-0.011,0.0,-0.012,0.0,0.012,0.013,-0.074,0.0,0.0,0.0,,,,,,,,,,0,,,,,,565.84,,,,,,,,,,,,,,,,,,,,,,,,,567.85,567.85,567.86,567.86,567.86,567.88,,,,,,,,,,,,,,,,,,,,,,,,,,,,,,,,,,,,,,,,,,,,
7154,0.043,0.12,0.0,,,,-0.087,-0.002,,,,,,,,,,,,,,,,,,,,,,,,,,,,,,,,,,,,,,,,,,,,,,,,,,,,,,,,,,,,,,,,,,,,0.02,-0.155,0.082,0.02,-0.031,-0.204,0.016,0.0,-0.012,0.0,0.018,0.013,0.29,0.0,0.0,0.0,,,,,,,,,,0,1339.16,,,,,,,,,,,,,,,,,,,,,,,,,,,,,,1342.43,1342.43,1342.43,1342.43,1342.43,1342.46,,,,,,,,,,,,,,,,,,,,,,,,,,,,,,,,,,,,,,,,,,,,
32122,0.049,-0.024,0.0,,-0.164,0.02,,,,,,,,,,,,,,,,,,,,,,,,,,,,,,,,,,,,,,,,,,,,,,,,,,,,,,,,,,,,,,,,,,,,,,-0.157,0.03,0.104,-0.157,-0.067,-0.02,-0.038,0.0,-0.004,0.0,0.013,0.013,-0.21,0.0,0.0,0.0,,,,,,,,,,0,1483.72,,1483.77,,,,,,,,,,,,,,,,,,,,,,,,,,,,1490.61,1490.61,1490.61,1490.61,1490.61,1490.63,,,,,,,,,,,,,,,,,,,,,,,,,,,,,,,,,,,,,,,,,,,,
9293,,,,,,,,,,,,,,,,,,,0.111,-0.067,,,-0.142,,-0.005,0.288,,,,,,,,,,,,,,,,,,,,,,,,,,,,,,,,,,,,,,,,,,,,,0.182,0.055,,,,0.16,0.042,0.057,0.16,0.027,-0.178,-0.065,0.0,-0.004,0.0,0.014,0.013,0.017,0.0,0.0,0.0,,,,,,,,,,0,,,,,,,,678.46,,678.47,,,,,,,,,,,,,,,,,,,721.69,,723.67,723.67,723.67,723.67,723.67,723.69,,,,,,,,,,,,T1,,T1,T3,,,,,,,,,,,,,,,,,,,,,,T1,,,,,,,
32923,-0.173,-0.072,,-0.081,,,,,0.012,,,,,,,,,,,,,,,,,,,,,,,,,,,,,,,,,,,,,,,,,,,,,,,,,,,,,,,,,,,,,,,,,,,,,,,,,,,,,,,,,,,0.0,0.0,0.009,-0.02,,-0.02,0.0,0.069,0.0,0,1377.46,1377.96,,1377.99,,,,,,,,,,,,,,,,,,,,,,,,,,,,,,,,,1378.46,,1378.48,1378.48,,,,,,,,,,,,,,,,,,,,,,,,,,,,,,,,,,,,,,,,
26834,0.082,-0.014,,0.019,-0.164,0.086,,,,,,,,,,,,,,,,,,,,,,,,,,,,,,,,,,,,,,,,,,,,,,,,,,,,,,,,,,,,,,,,,,,,,,-0.056,-0.06,0.063,-0.056,-0.027,0.138,-0.065,0.0,-0.004,0.0,0.012,0.013,-0.029,0.0,,0.0,,,,,,,,,,0,1142.31,1142.33,1142.36,,,,,,,,,,,,,,,,,,,,,,,,,,,,1143.61,1143.61,1143.62,1143.62,1143.62,,,,,,,,,,,,,,,,,,,,,,,,,,,,,,,,,,,,,,T1,,,,,,,
55768,0.141,0.195,0.0,,,0.009,,,,,,,,,,,,,,,,,,,,,,,,,,,,,,,,,,,,,,,,,,,,,,,,,,,,,,,,,,,,,,,,,,,,,,0.02,-0.021,0.051,0.02,-0.047,0.059,0.178,0.0,-0.014,0.0,0.013,0.013,0.108,0.0,,0.0,,,,,,,,,,0,1698.8,,1698.83,,,,,,,,,,,,,,,,,,,,,,,,,,,,1710.11,1710.11,1710.11,1710.11,1710.11,,,,,,,,,,,,,,,,,,,,,,,,,,,,,,,,,,,,,,T1,,,,,,,
53158,-0.01,-0.11,,0.019,,,,,0.054,,,,,,,,,,,,,,,,,,,,,,,,,,,,,,,,,,,,,,,,,,,,,,,,,,,,,,,,,,,,,,,,,,,0.109,0.004,0.101,0.109,0.008,-0.099,-0.038,0.0,0.005,0.0,0.009,0.013,0.062,0.0,0.0,0.0,,,,,,,,,,1,670.65,670.65,,670.67,,,,,,,,,,,,,,,,,,,,,,,,,,,671.16,671.16,671.16,671.16,671.16,671.18,,,,,,,,,,,,,,,,,,,,,,,,,,,,,,,,,,,,,T1,,,,,,,
22341,,,,,,,,,,,,,,,,,,,,,,,,,,,-0.073,0.258,-0.348,,,0.048,,-0.103,,,,,,,,,,,,,,,,,,,,,,,,,,,,,,,,,,,,,-0.076,-0.017,,,,0.008,0.03,0.057,0.008,-0.043,0.059,0.07,0.0,0.021,0.0,0.014,0.013,-0.029,0.0,,0.0,,,,,,,,,,0,,,,,,,,,,,736.05,736.05,736.05,,,,,,,,,,,,,,,,757.56,,760.39,760.39,760.39,760.39,760.39,,,,,,,,,,,,,,,,,,T1,,,,,,,,,,,,,,,,,,,,T1,,,,,,,
12045,0.01,-0.233,,0.019,,-0.01,,,,,,,,,,,,,,,,,,,,,,,,,,,,,,,,,,,,,,,,,,,,,,,,,,,,,,,,,,,,,,,,,,,,,,-0.132,-0.015,0.104,-0.132,-0.075,-0.099,0.016,0.0,0.004,0.0,0.011,0.013,0.108,0.0,,0.0,,,,,,,,,,0,1617.1,1617.1,1617.13,,,,,,,,,,,,,,,,,,,,,,,,,,,,1619.18,1619.18,1619.19,1619.19,1619.19,,,,,,,,,,,,,,,,,,,,,,,,,,,,,,,,,,,,,,T1,,,,,,,
6881,-0.075,0.142,,-0.081,,-0.09,,,,,,,,,,,,,,,,,,,,,,,,,,,,,,,,,,,,,,,,,,,,,,,,,,,,,,,,,,,,,,,,,,,,,,0.045,-0.149,0.082,0.045,-0.047,0.217,0.016,0.0,0.022,0.0,0.017,0.013,0.153,0.0,,0.0,,,,,,,,,,0,1357.17,1357.17,1357.2,,,,,,,,,,,,,,,,,,,,,,,,,,,,1361.53,1361.53,1361.53,1361.53,1361.53,,,,,,,,,,,,,,,,,,,,,,,,,,,,,,,,,,,,,,,,,,,,,
18254,,,,,,,,,,,,,,,,,,,,,,,,,,,,,,,,,,,0.089,,,-0.084,,-0.088,0.08,,,,,,,,,,,,,,,,,,,,,,,,,,,,,,,,-0.035,,,-0.006,-0.002,0.082,-0.006,0.02,-0.178,,,,,0.014,0.013,0.108,0.0,,0.0,,,,,,,,,,0,,,,,,,,,,,,,,406.49,,,,,,,,,,,,,,,,,468.67,468.67,468.67,,468.67,,,,,,,,,,,,,,,,,,,,,T1,,T1,,,,,,,,,,,,,,,,,,,,,,
23691,-0.108,0.083,,-0.081,,0.007,,,,,,,,,,,,,,,,,,,,,,,,,,,,,,,,,,,,,,,,,,,,,,,,,,,,,,,,,,,,,,,,,,,,,,-0.106,-0.06,0.104,-0.106,-0.078,0.086,0.151,0.0,-0.004,0.0,0.016,0.013,-0.074,0.0,0.0,0.0,,,,,,,,,,0,1592.23,1592.24,1592.26,,,,,,,,,,,,,,,,,,,,,,,,,,,,1594.38,1594.38,1594.38,1594.38,1594.38,1594.44,,,,,,,,,,,,,,,,,,,,,,,,,,,,,,,,,,,,,,,,,,,,
56219,0.016,0.002,0.0,,,,-0.03,-0.009,,,,,,,,,,,,,,,,,,,,,,,,,,,,,,,,,,,,,,,,,,,,,,,,,,,,,,,,,,,,,,,,,,,,-0.081,0.011,0.082,-0.081,-0.063,0.112,-0.092,0.0,-0.003,0.0,0.011,0.013,-0.074,0.0,,0.0,,,,,,,,,,0,1271.77,,,,,,,,,,,,,,,,,,,,,,,,,,,,,,1276.79,1276.79,1276.79,1276.79,1276.79,,,,,,,,,,,,,,,,,,,,,,,,,,,,,,,,,,,,,,T1,,,,,,,
51289,-0.055,-0.088,,0.019,,,,,0.113,,,,,,,,,,,,,,,,,,,,,,,,,,,,,,,,,,,,,,,,,,,,,,,,,,,,,,,,,,,,,,,,,,,0.194,0.055,0.015,0.194,,-0.125,,,,,0.012,0.013,0.108,0.0,,0.0,,,,,,,,,,0,216.22,216.23,,216.26,,,,,,,,,,,,,,,,,,,,,,,,,,,217.39,217.39,217.4,,217.4,,,,,,,,,,,,,,,,,,,,,,,,,,,,,,,,,,,,,,T1,,,,,,,
58214,-0.068,0.083,0.0,,,,,,-0.034,,,,,,,,,,,,,,,,,,,,,,,,,,,,,,,,,,,,,,,,,,,,,,,,,,,,,,,,,,,,,,,,,,,-0.131,0.189,0.037,-0.131,0.071,-0.072,,,,,0.01,0.013,0.153,0.0,0.0,0.0,,,,,,,,,,0,249.37,,,249.4,,,,,,,,,,,,,,,,,,,,,,,,,,,251.26,251.26,251.27,,251.27,251.29,,,,,,,,,,,,,,,,,,,,,,,,,,,,,,,,,,,,,,,,,,,,
50551,-0.049,-0.11,,0.019,-0.164,,,,0.078,,,,,,,,,,,,,,,,,,,,,,,,,,,,,,,,,,,,,,,,,,,,,,,,,,,,,,,,,,,,,,,,,,,0.055,-0.206,0.037,0.055,0.086,-0.125,,,,,0.012,0.013,0.017,0.0,,0.0,,,,,,,,,,0,323.89,323.89,,323.91,,,,,,,,,,,,,,,,,,,,,,,,,,,324.98,324.98,324.99,,324.99,,,,,,,,,,,,,,,,,,,,,,,,,,,,,,,,,,,,,,T1,,,,,,,
34663,,,,,,,,,,0.002,,-0.316,-0.01,0.022,0.064,,,,,,,,,,,,,,,,,,,,,,,,,,,,,,,,,,,,,,,,,,,,,,,,,,,,,,,,,,,,,-0.132,-0.053,0.082,-0.132,-0.059,0.007,0.043,0.0,-0.012,0.0,0.014,0.013,-0.119,0.0,,0.0,,,,,,,,,,0,,,,,1399.46,1399.5,,,,,,,,,,,,,,,,,,,,,,,,,1406.59,1406.59,1406.59,1406.59,1406.59,,,,,,,,,,,,,,,,,,,,,,,,,,,,,,,,,,,,,,T1,,,,,,,
20297,-0.029,-0.04,,0.019,,-0.017,,,,,,,,,,,,,,,,,,,,,,,,,,,,,,,,,,,,,,,,,,,,,,,,,,,,,,,,,,,,,,,,,,,,,,0.109,0.042,0.063,0.109,0.075,0.007,-0.038,0.0,0.008,0.0,0.016,0.013,0.062,0.0,0.0,0.0,,,,,,,,,,0,938.23,938.23,938.27,,,,,,,,,,,,,,,,,,,,,,,,,,,,942.96,942.96,942.96,942.96,942.96,942.99,,,,,,,,,,,,,,,,,,,,,,,,,,,,,,,,,,,,,T1,,,,,,,
50430,-0.108,-0.158,,-0.081,0.336,,,,0.118,,,,,,,,,,,,,,,,,,,,,,,,,,,,,,,,,,,,,,,,,,,,,,,,,,,,,,,,,,,,,,,,,,,0.093,0.125,-0.029,0.093,0.11,-0.283,,,,,0.012,0.013,0.108,0.0,,0.0,,,,,,,,,,0,205.46,205.46,,205.49,,,,,,,,,,,,,,,,,,,,,,,,,,,216.14,216.14,216.14,,216.14,,,,,,,,,,,,,,,,,,,,,,,,,,,,,,,,,,,,,,T1,,,,,,,
2551,-0.023,0.019,,0.019,0.336,,-0.035,0.001,,,,,,,,,,,,,,,,,,,,,,,,,,,,,,,,,,,,,,,,,,,,,,,,,,,,,,,,,,,,,,,,,,,,-0.132,0.011,0.104,-0.132,-0.071,0.191,-0.092,0.0,0.021,0.0,0.011,0.013,-0.165,0.0,0.0,0.0,,,,,,,,,,0,1467.81,1467.81,,,,,,,,,,,,,,,,,,,,,,,,,,,,,1477.3,1477.3,1477.31,1477.31,1477.31,1477.32,,,,,,,,,,,,,,,,,,,,,,,,,,,,,,,,,,,,,,,,,,,,
40011,,,,,,,,,,-0.022,-0.034,,-0.01,-0.029,0.173,,,,,,,,,,,,,,,,,,,,,,,,,,,,,,,,,,,,,,,,,,,,,,,,,,,,,,,,,,,,,0.029,-0.015,0.037,0.029,-0.012,0.007,,,,,0.01,0.013,0.199,0.0,,0.0,,,,,,,,,,0,,,,,,349.19,,,,,,,,,,,,,,,,,,,,,,,,,351.36,351.36,351.36,,351.36,,,,,,,,,,,,,,,,,,,,,,,,,,,,,,,,,,,,,,T1,,,,,,,
38321,-0.095,-0.158,,0.019,,,,,0.032,,,,,,,,,,,,,,,,,,,,,,,,,,,,,,,,,,,,,,,,,,,,,,,,,,,,,,,,,,,,,,,,,,,-0.106,-0.066,0.104,-0.106,-0.075,0.059,0.178,0.0,-0.004,0.0,0.013,0.013,-0.119,0.0,0.0,0.0,,,,,,,,,,0,1575.88,1575.89,,1575.92,,,,,,,,,,,,,,,,,,,,,,,,,,,1578.62,1578.62,1578.63,1578.63,1578.63,1578.64,,,,,,,,,,,,,,,,,,,,,,,,,,,,,,,,,,,,,,,,,,,,
11875,0.003,0.013,,0.019,,,,,0.045,,,,,,,,,,,,,,,,,,,,,,,,,,,,,,,,,,,,,,,,,,,,,,,,,,,,,,,,,,,,,,,,,,,-0.056,-0.047,0.082,-0.056,-0.055,0.033,0.016,0.0,0.022,0.0,0.011,0.013,0.062,0.0,0.0,0.0,,,,,,,,,,0,1291.34,1291.34,,1291.36,,,,,,,,,,,,,,,,,,,,,,,,,,,1293.35,1293.35,1293.35,1293.35,1293.35,1293.37,,,,,,,,,,,,,,,,,,,,,,,,,,,,,,,,,,,,,,,,,,,,
54606,-0.055,0.04,,0.019,,,0.404,0.001,,,,,,,,,,,,,,,,,,,,,,,,,,,,,,,,,,,,,,,,,,,,,,,,,,,,,,,,,,,,,,,,,,,,0.03,-0.002,0.037,0.03,0.082,-0.099,,,,,0.017,0.013,-0.074,0.0,,0.0,,,,,,,,,,0,267.87,267.87,,,,,,,,,,,,,,,,,,,,,,,,,,,,,269.31,269.31,269.31,,269.31,,,,,,,,,,,,,,,,,,,,,,,,,,,,,,,,,,,,,,,,,,,,,
37737,0.056,-0.094,,0.019,0.336,0.018,,,,,,,,,,,,,,,,,,,,,,,,,,,,,,,,,,,,,,,,,,,,,,,,,,,,,,,,,,,,,,,,,-0.076,0.074,,,,-0.056,-0.002,0.063,-0.056,0.004,-0.099,-0.038,0.0,-0.004,0.0,0.01,0.013,0.062,0.0,,0.0,,,,,,,,,,0,1145.99,1145.99,1146.02,,,,,,,,,,,,,,,,,,,,,,,,,,1146.3,,1148.06,1148.06,1148.06,1148.06,1148.06,,,,,,,,,,,,,,,,,,,,,,,,,,,,,,,,,,,,,,T1,,,,,,,
30355,0.101,0.04,0.0,,,,0.001,-0.002,,,,,,,,,,,,,,,,,,,,,,,,,,,,,,,,,,,,,,,,,,,,,,,,,,,,,,,,,,,,,,,,,,,,-0.056,-0.028,0.082,-0.056,-0.071,0.059,0.043,0.0,-0.012,0.0,0.01,0.013,-0.119,0.0,0.0,0.0,,,,,,,,,,0,1399.37,,,,,,,,,,,,,,,,,,,,,,,,,,,,,,1401.3,1401.3,1406.3,1406.3,1406.3,1406.59,,,,,,,,,,,,,,,,,,,,,,,,,,,,,,,,,,,,,T1,,,,,,,
37601,,,,,,,,,,,,,,,,,,,,,,,,,,,0.056,-0.11,0.37,,,-0.048,,-0.186,,,,,,,,,,,,,,,,,,,,,,,,,,,,,,,,,,,,,-0.049,-0.001,,,,-0.132,0.004,0.063,-0.132,-0.008,-0.02,-0.092,0.0,-0.013,0.0,0.017,0.013,0.108,0.0,0.0,0.0,,,,,,,,,,0,,,,,,,,,,,1006.81,1006.84,1006.85,,,,,,,,,,,,,,,,1039.46,,1042.57,1042.57,1042.57,1042.57,1042.57,1042.59,,,,,,,,,,,,,,,,,T1,,,,,,,,,,,,,,,,,,,,T1,,,,,,,
4627,0.075,-0.088,,0.019,,,,,0.008,,,,,,,,,,,,,,,,,,,,,,,,,,,,,,,,,,,,,,,,,,,,,,,,,,,,,,,,,,,,,,,,,,,-0.106,-0.168,0.063,-0.106,-0.055,0.112,-0.119,0.0,-0.004,0.0,0.012,0.013,-0.165,0.0,,0.0,,,,,,,,,,0,1154.46,1154.47,,1154.48,,,,,,,,,,,,,,,,,,,,,,,,,,,1155.27,1155.27,1155.28,1155.28,1155.28,,,,,,,,,,,,,,,,,,,,,,,,,,,,,,,,,,,,,,,,,,,,,
28321,0.075,-0.03,0.0,,,,0.02,0.0,,,,,,,,,,,,,,,,,,,,,,,,,,,,,,,,,,,,,,,,,,,,,,,,,,,,,,,,,,,,,,,0.043,0.124,,,,0.106,0.068,0.037,0.106,0.078,-0.178,,,,,0.014,0.013,0.153,0.0,0.0,0.0,,,,,,,,,,0,325.68,,,,,,,,,,,,,,,,,,,,,,,,,,,,333.91,,334.64,334.64,334.64,,334.64,334.68,,,,,,,,,,,,,,,,,,,,,,,,,,,,,,,,,,,,,T1,,,,,,,
51988,-0.036,-0.19,,0.019,,,,,0.064,,,,,,,,,,,,,,,,,,,,,,,,,,,,,,,,,,,,,,,,,,,,,,,,,,,,,,,,,,,,,,-0.027,0.149,,,,-0.106,-0.028,0.104,-0.106,-0.098,-0.151,-0.065,0.0,-0.004,0.0,0.009,0.013,-0.119,0.0,0.0,0.0,,,,,,,,,,0,1593.0,1593.0,,1593.02,,,,,,,,,,,,,,,,,,,,,,,,,1593.99,,1595.21,1595.21,1595.22,1595.22,1595.22,1595.26,,,,,,,,,,,,,,,,,,,,,,,,,,,,,,,,,,,,,T1,,,,,,,
8106,0.043,0.072,,0.019,-0.164,-0.149,,,,,,,,,,,,,,,,,,,,,,,,,,,,,,,,,,,,,,,,,,,,,,,,,,,,,,,,,,,,,,,,,,,,,,-0.081,0.004,0.082,-0.081,-0.082,0.243,-0.011,0.0,0.013,0.0,0.016,0.013,-0.029,0.0,,0.0,,,,,,,,,,0,1399.31,1399.32,1399.35,,,,,,,,,,,,,,,,,,,,,,,,,,,,1401.25,1401.25,1401.25,1401.25,1401.25,,,,,,,,,,,,,,,,,,,,,,,,,,,,,,,,,,,,,,T1,,,,,,,
31418,0.049,0.008,,0.119,,,0.022,0.001,,,,,,,,,,,,,,,,,,,,,,,,,,,,,,,,,,,,,,,,,,,,,,,,,,,,,,,,,,,,,,,,,,,,0.109,0.055,0.057,0.109,-0.031,0.138,-0.011,0.0,0.012,0.0,0.01,0.013,0.108,0.0,,0.0,,,,,,,,,,0,824.31,824.32,,,,,,,,,,,,,,,,,,,,,,,,,,,,,827.4,827.4,827.4,827.4,827.4,,,,,,,,,,,,,,,,,,,,,,,,,,,,,,,,,,,,,,T1,,,,,,,
16255,,,,,,,,,,,,,,,,,,,,,,,,,,,-0.047,0.048,-0.331,,,,0.01,0.115,,,,,,,,,,,,,,,,,,,,,,,,,,,,,,,,,,,,,,,-0.035,,,0.084,0.03,0.057,0.084,-0.031,-0.02,-0.011,0.0,0.004,0.0,0.013,0.013,0.017,0.0,,0.0,,,,,,,,,,0,,,,,,,,,,,783.88,783.9,,,,,,,,,,,,,,,,,,,792.19,792.19,792.2,792.2,792.2,,,,,,,,,,,,,,,,,,T1,,,,,,,,,,,,,,,,,,,,,,,,,,,
41016,,,,,,,,,,,,,,,,,,,,,,,,,,,,,,,,,,,0.194,-0.008,-0.042,,,0.074,-0.176,,,,,,,,,,,,,,,,,,,,,,,,,,,,,,0.045,-0.011,,,,-0.017,0.023,0.057,-0.017,-0.02,0.164,-0.038,0.0,-0.004,0.0,0.014,0.013,-0.21,0.0,0.0,0.0,,,,,,,,,,1,,,,,,,,,,,,,,795.41,795.43,,,,,,,,,,,,,,801.44,,806.37,806.37,806.37,806.37,806.37,806.39,,,,,,,,,,,,,,,,,,,,T1,,,,,,,,,,,,,,,,,T1,,,,,,,
58130,0.023,-0.062,,0.019,,,-0.088,-0.003,,,,,,,,,,,,,,,,,,,,,,,,,,,,,,,,,,,,,,,,,,,,,,,,,,,,,,,,,,,,,,,,,,,,-0.223,0.144,0.037,-0.223,0.067,-0.099,,,,,0.014,0.013,-0.029,0.0,,0.0,,,,,,,,,,0,400.39,400.39,,,,,,,,,,,,,,,,,,,,,,,,,,,,,402.4,402.4,402.4,,402.4,,,,,,,,,,,,,,,,,,,,,,,,,,,,,,,,,,,,,,,,,,,,,
35931,0.03,0.061,,-0.081,,,0.012,-0.001,,,,,,,,,,,,,,,,,,,,,,,,,,,,,,,,,,,,,,,,,,,,,,,,,,,,,,,,,,,,,,,-0.146,0.215,,,,0.02,0.011,0.082,0.02,-0.059,0.243,0.043,0.0,-0.012,0.0,0.012,0.013,0.244,0.0,0.0,0.0,,,,,,,,,,0,1367.52,1367.53,,,,,,,,,,,,,,,,,,,,,,,,,,,1372.13,,1374.25,1374.25,1374.26,1374.26,1374.26,1374.27,,,,,,,,,,,,,,,,,,,,,,,,,,,,,,,,,,,,,T1,,,,,,,
8802,,,,,,,,,,,,,,,,,,,,,,,,,,,,,,,,,,,0.211,-0.008,-0.105,,-0.102,,-0.017,,,,,,,,,,,,,,,,,,,,,,,,,,,,,,,,,-0.036,-0.037,-0.031,-0.015,0.063,-0.031,-0.047,0.033,-0.011,0.0,-0.004,0.0,0.012,0.013,0.017,0.0,0.0,0.0,,,,,,,,,,0,,,,,,,,,,,,,,1124.27,1124.28,1124.29,,,,,,,,,,,,,,1170.74,1175.35,1175.35,1175.35,1175.35,1175.35,1175.37,,,,,,,,,,,,,,,,,,,,T1,,,,,,,,,,,,,,,,,T1,,,,,,,
23221,,,,,,,,,,-0.01,,-0.009,-0.01,,,-0.038,,,,,,,,,,,,,,,,,,,,,,,,,,,,,,,,,,,,,,,,,,,,,,,,,,,,,,,,,,,,-0.005,0.061,0.104,-0.005,0.039,-0.046,0.016,0.0,0.021,0.0,0.011,0.013,-0.165,0.0,,0.0,,,,,,,,,,0,,,,,1479.43,,,,,,,,,,,,,,,,,,,,,,,,,,1484.79,1484.79,1484.8,1484.8,1484.8,,,,,,,,,,,,,,,,,,,,,,,,,,,,,,,,,,,,,,T1,,,,,,,
31211,0.128,-0.019,0.0,,,-0.016,,,,,,,,,,,,,,,,,,,,,,,,,,,,,,,,,,,,,,,,,,,,,,,,,,,,,,,,,,,,,,,,,0.028,-0.069,,,,-0.005,-0.009,0.063,-0.005,-0.02,-0.046,0.016,0.0,-0.011,0.0,0.016,0.013,0.153,0.0,0.0,0.0,,,,,,,,,,0,976.05,,976.08,,,,,,,,,,,,,,,,,,,,,,,,,,976.27,,978.61,978.61,978.61,978.61,978.61,978.63,,,,,,,,,,,,,,,,,,,,,,,,,,,,,,,,,,,,,,,,,,,,
6444,,,,,,,,,,,,,,,,,,,,,,,,,,,,,,,,,,,-0.153,-0.008,0.083,,0.071,,-0.031,,,,,,,,,,,,,,,,,,,,,,,,,,,,,,,,,,,0.045,0.112,0.082,0.045,0.008,-0.099,,,,,0.012,0.013,0.017,0.0,0.0,0.0,,,,,,,,,,0,,,,,,,,,,,,,,449.0,449.03,449.03,,,,,,,,,,,,,,,493.72,493.72,493.73,,493.73,493.75,,,,,,,,,,,,,,,,,,,,T1,,,,,,,,,,,,,,,,,,,,,,,,
41223,-0.01,0.002,0.0,,,,,,-0.173,,,,,,,,,,,,,,,,,,,,,,,,,,,,,,,,,,,,,,,,,,,,,,,,,,,,,,,,,,,,,,,,,,,0.109,-0.142,0.079,0.109,0.004,-0.046,-0.092,0.0,0.013,0.0,0.011,0.013,0.017,0.0,0.0,0.0,,,,,,,,,,1,618.07,,,618.09,,,,,,,,,,,,,,,,,,,,,,,,,,,619.4,619.4,619.41,619.41,619.41,619.42,,,,,,,,,,,,,,,,,,,,,,,,,,,,,,,,,,,,,,,,,,,,
55267,,,,,,,,,,,,,,,,,,,0.039,0.146,,,0.088,-0.011,,-0.141,,,,,,,,,,,,,,,,,,,,,,,,,,,,,,,,,,,,,,,,,,,,,,,-0.035,,,0.045,-0.047,0.063,0.045,-0.035,-0.046,0.016,0.0,-0.005,0.0,0.017,0.013,0.153,0.0,,0.0,,,,,,,,,,0,,,,,,,,1031.89,,,,,,,,,,,,,,,,,,,,,,,1070.01,1070.01,1070.02,1070.02,1070.02,,,,,,,,,,,,,T1,,T1,T3,,,,,,,,,,,,,,,,,,,,,,,,,,,,,
20110,0.016,0.104,,0.019,,,,,0.019,,,,,,,,,,,,,,,,,,,,,,,,,,,,,,,,,,,,,,,,,,,,,,,,,,,,,,,,,,,,,,,,,,,0.294,-0.053,0.037,0.294,0.004,-0.099,,,,,0.014,0.013,0.062,0.0,,0.0,,,,,,,,,,0,373.7,373.7,,373.73,,,,,,,,,,,,,,,,,,,,,,,,,,,374.11,374.11,374.11,,374.11,,,,,,,,,,,,,,,,,,,,,,,,,,,,,,,,,,,,,,T1,,,,,,,
42177,-0.01,-0.056,0.0,,,0.063,,,,,,,,,,,,,,,,,,,,,,,,,,,,,,,,,,,,,,,,,,,,,,,,,,,,,,,,,,,,,,,,,,,-0.035,,,-0.005,-0.002,0.104,-0.005,-0.094,0.243,0.043,0.0,0.02,0.0,0.011,0.013,0.062,0.0,0.0,0.0,,,,,,,,,,0,1593.07,,1593.09,,,,,,,,,,,,,,,,,,,,,,,,,,,,1595.31,1595.31,1595.31,1595.31,1595.31,1595.39,,,,,,,,,,,,,,,,,,,,,,,,,,,,,,,,,,,,,T1,,,,,,,
58712,0.036,-0.088,0.0,,,0.022,,,,,,,,,,,,,,,,,,,,,,,,,,,,,,,,,,,,,,,,,,,,,,,,,,,,,,,,,,,,,,,,,,,,,,0.058,0.081,0.101,0.058,0.02,-0.072,0.043,0.0,0.005,0.0,0.01,0.013,0.017,0.0,,0.0,,,,,,,,,,0,671.67,,671.69,,,,,,,,,,,,,,,,,,,,,,,,,,,,672.91,672.91,672.92,672.92,672.92,,,,,,,,,,,,,,,,,,,,,,,,,,,,,,,,,,,,,,T1,,,,,,,
4615,0.075,0.104,0.0,,,,,,0.107,,,,,,,,,,,,,,,,,,,,,,,,,,,,,,,,,,,,,,,,,,,,,,,,,,,,,,,,,,,,,,,,,,,-0.034,0.176,-0.702,-0.034,0.141,0.033,,,,,0.009,0.013,-0.029,0.0,,0.0,,,,,,,,,,0,140.42,,,140.45,,,,,,,,,,,,,,,,,,,,,,,,,,,146.12,146.12,146.12,,146.12,,,,,,,,,,,,,,,,,,,,,,,,,,,,,,,,,,,,,,,,,,,,,
41120,0.121,-0.088,,-0.081,-0.164,,-0.059,0.003,,,,,,,,,,,,,,,,,,,,,,,,,,,,,,,,,,,,,,,,,,,,,,,,,,,,,,,,,,,,,,,,,,,,0.058,-0.034,0.101,0.058,0.09,0.007,-0.038,0.0,0.009,0.0,0.006,0.013,-0.074,0.0,,0.0,,,,,,,,,,0,637.8,637.81,,,,,,,,,,,,,,,,,,,,,,,,,,,,,641.19,641.19,641.19,641.19,641.19,,,,,,,,,,,,,,,,,,,,,,,,,,,,,,,,,,,,,,T1,,,,,,,
47478,,,,,,,,,,,,,,,,,,,,,,,,,,,,,,,,,,,0.113,,,0.135,-0.002,,0.042,,,,,,,,,,,,,,,,,,,,,,,,,,,,,,,,-0.035,,,0.008,0.017,0.057,0.008,-0.024,0.086,0.07,0.0,0.004,0.0,0.012,0.013,-0.074,0.0,0.0,0.0,,,,,,,,,,0,,,,,,,,,,,,,,752.45,,752.47,,,,,,,,,,,,,,,786.36,786.36,786.36,786.36,786.36,786.38,,,,,,,,,,,,,,,,,,,,T1,,T1,,,,,,,,,,,,,,,T1,,,,,,,
57294,,,,,,,,,,-0.01,,-0.31,,,,,-0.021,0.114,,,,,,,,,,,,,,,,,,,,,,,,,,,,,,,,,,,,,,,,,,,,,,,,,,,,,,,,,,0.193,0.208,-0.029,0.193,,0.033,,,,,0.014,0.013,0.062,0.0,0.0,0.0,,,,,,,,,,0,,,,,188.98,,189.0,,,,,,,,,,,,,,,,,,,,,,,,189.77,189.77,189.77,,189.77,189.79,,,,,,,,,,,,,,,,,,,,,,,,,,,,,,,,,,,,,T1,,,,,,,
53308,,,,,,,,,,-0.006,,0.202,,,,,0.017,0.002,,,,,,,,,,,,,,,,,,,,,,,,,,,,,,,,,,,,,,,,,,,,,,,,,,,,,,,,,,-0.004,-0.034,0.082,-0.004,0.043,-0.099,-0.119,0.0,0.022,0.0,0.009,0.013,0.017,0.0,,0.0,,,,,,,,,,0,,,,,553.89,,553.92,,,,,,,,,,,,,,,,,,,,,,,,555.39,555.39,555.4,555.4,555.4,,,,,,,,,,,,,,,,,,,,,,,,,,,,,,,,,,,,,,,,,,,,,
46246,-0.016,-0.067,,0.019,-0.164,0.018,,,,,,,,,,,,,,,,,,,,,,,,,,,,,,,,,,,,,,,,,,,,,,,,,,,,,,,,,,,,,,,,,,,,,,-0.109,-0.021,0.037,-0.109,-0.004,-0.072,,,,,0.017,0.013,0.017,0.0,,0.0,,,,,,,,,,0,374.32,374.32,374.35,,,,,,,,,,,,,,,,,,,,,,,,,,,,381.44,381.44,381.45,,381.45,,,,,,,,,,,,,,,,,,,,,,,,,,,,,,,,,,,,,,T1,,,,,,,
31016,,,,,,,,,,,,,,,,,,,,,,,,,,,,,,,,,,,,,,,,,,0.075,0.0,-0.001,,,0.123,0.059,,,,,,,,,,,,,,,,,,,,,,,,,-0.035,,,-0.132,-0.002,0.063,-0.132,-0.012,-0.099,-0.065,0.0,-0.013,0.0,0.014,0.013,-0.029,0.0,0.0,0.0,,,,,,,,,,0,,,,,,,,,,,,,,,,,1031.81,,1031.92,,,,,,,,,,,,1063.91,1063.91,1063.92,1063.92,1063.92,1063.95,,,,,,,,,,,,,,,,,,,,,,,,,,,,,,,,,,,,,T1,,,,,,,
13848,,,,,,,,,,0.006,,0.381,-0.01,0.014,0.122,,,,,,,,,,,,,,,,,,,,,,,,,,,,,,,,,,,,,,,,,,,,,,,,,,,,,,,,,,,,,0.093,0.023,0.015,0.093,0.051,0.191,,,,,0.012,0.013,-0.074,0.0,,0.0,,,,,,,,,,1,,,,,222.43,222.45,,,,,,,,,,,,,,,,,,,,,,,,,223.29,223.29,223.29,,223.29,,,,,,,,,,,,,,,,,,,,,,,,,,,,,,,,,,,,,,T1,,,,,,,
33720,,,,,,,,,,-0.01,0.066,,-0.01,,,,-0.005,-0.141,,,,,,,,,,,,,,,,,,,,,,,,,,,,,,,,,,,,,,,,,,,,,,,,,,,,,,,,,,0.117,0.112,-0.702,0.117,0.157,-0.099,,,,,0.011,0.013,0.153,0.0,,0.0,,,,,,,,,,0,,,,,,,88.08,,,,,,,,,,,,,,,,,,,,,,,,90.35,90.35,90.35,,90.35,,,,,,,,,,,,,,,,,,,,,,,,,,,,,,,,,,,,,,T1,,,,,,,
47055,,,,,,,,,,,,,,,,,,,,,,,,,,,,,,,,,,,0.027,,,-0.32,,-0.061,-0.019,,,,,,,,,,,,,,,,,,,,,,,,,,,,,,,,-0.035,,,0.058,0.068,0.057,0.058,-0.008,0.138,-0.092,0.0,-0.004,0.0,0.014,0.013,0.108,0.0,0.0,0.0,,,,,,,,,,0,,,,,,,,,,,,,,762.6,,,,,,,,,,,,,,,,,777.51,777.51,777.52,777.52,777.52,777.54,,,,,,,,,,,,,,,,,,,,T1,,T1,,,,,,,,,,,,,,,,,,,,,,
3466,0.01,-0.04,,0.019,,,,,-0.062,,,,,,,,,,,,,,,,,,,,,,,,,,,,,,,,,,,,,,,,,,,,,,,,,,,,,,,,,,,,,,,,,,,0.08,0.049,0.037,0.08,-0.012,-0.046,,,,,0.01,0.013,0.108,0.0,,0.0,,,,,,,,,,0,270.83,270.83,,270.85,,,,,,,,,,,,,,,,,,,,,,,,,,,271.37,271.37,271.37,,271.37,,,,,,,,,,,,,,,,,,,,,,,,,,,,,,,,,,,,,,T1,,,,,,,
34595,0.003,0.029,0.0,,0.336,,0.016,0.001,,,,,,,,,,,,,,,,,,,,,,,,,,,,,,,,,,,,,,,,,,,,,,,,,,,,,,,,,,,,,,,,,-0.035,,,0.185,0.017,0.063,0.185,-0.004,-0.046,0.016,0.0,0.008,0.0,0.016,0.013,0.108,0.0,,0.0,,,,,,,,,,0,937.4,,,,,,,,,,,,,,,,,,,,,,,,,,,,,,942.07,942.07,942.08,942.08,942.08,,,,,,,,,,,,,,,,,,,,,,,,,,,,,,,,,,,,,,T1,,,,,,,
31168,0.043,-0.088,0.0,,0.336,,,,0.075,,,,,,,,,,,,,,,,,,,,,,,,,,,,,,,,,,,,,,,,,,,,,,,,,,,,,,,,,,,,,,,,,,,-0.25,0.106,-0.752,-0.25,,-0.072,,,,,0.01,0.013,0.017,0.0,,0.0,,,,,,,,,,0,172.2,,,172.23,,,,,,,,,,,,,,,,,,,,,,,,,,,173.85,173.85,173.86,,173.86,,,,,,,,,,,,,,,,,,,,,,,,,,,,,,,,,,,,,,T1,,,,,,,
58718,,,,,,,,,,,,,,,,,,,,,,,,,,,,,,,,,,,,,,,,,,,,,,,,,,,,,,,,,,,,,,,,,,,,,,,,,,,,,,,,,,,,,,,,,,,,,,,,,,,,,0,,,,,,,,,,,,,,,,,,,,,,,,,,,,,,,,,,,,,,,,,,,,,,,,,,,,,,,,,,,,,,,,,,,,,,,,,,,,,,,,
20159,0.043,-0.142,,-0.081,,0.085,,,,,,,,,,,,,,,,,,,,,,,,,,,,,,,,,,,,,,,,,,,,,,,,,,,,,,,,,,,,,,,,,,,,,,-0.031,0.023,0.104,-0.031,-0.043,-0.02,0.287,0.0,-0.013,0.0,0.007,0.013,0.062,0.0,0.0,0.0,,,,,,,,,,0,1642.5,1642.51,1642.68,,,,,,,,,,,,,,,,,,,,,,,,,,,,1644.4,1644.4,1644.4,1644.4,1644.4,1644.42,,,,,,,,,,,,,,,,,,,,,,,,,,,,,,,,,,,,,T1,,,,,,,
2347,-0.114,-0.03,,0.019,-0.164,-0.069,,,,,,,,,,,,,,,,,,,,,,,,,,,,,,,,,,,,,,,,,,,,,,,,,,,,,,,,,,-0.03,,,,,,,,,,,,,,,,,,,,,,,,,,,,,,,,,,,,,1,961.65,961.65,961.69,,,,,,,,,,,,,,,,,,,,,,,,,,,,,,,,,,,,,,,,,,,,,,,,,,,,,,,,,,,,,,,,,,,,,,,,,,,,,
32767,0.003,-0.131,0.0,,-0.164,0.093,,,,,,,,,,,,,,,,,,,,,,,,,,,,,,,,,,,,,,,,,,,,,,,,,,,,,,,,,,,,,,,,,,,,,,-0.106,-0.117,0.063,-0.106,-0.055,0.059,0.016,0.0,-0.003,0.0,0.009,0.013,-0.074,0.0,,0.0,,,,,,,,,,0,1156.72,,1156.74,,,,,,,,,,,,,,,,,,,,,,,,,,,,1158.24,1158.24,1158.25,1158.25,1158.25,,,,,,,,,,,,,,,,,,,,,,,,,,,,,,,,,,,,,,T1,,,,,,,
6636,-0.153,-0.03,,0.119,,,-0.045,-0.001,,,,,,,,,,,,,,,,,,,,,,,,,,,,,,,,,,,,,,,,,,,,,,,,,,,,,,,,,,,,,,,,,,,,0.02,-0.04,0.082,0.02,-0.078,0.138,0.016,0.0,-0.012,0.0,0.012,0.013,0.062,0.0,,0.0,,,,,,,,,,0,1409.47,1409.48,,,,,,,,,,,,,,,,,,,,,,,,,,,,,1410.44,1410.44,1410.45,1410.45,1410.45,,,,,,,,,,,,,,,,,,,,,,,,,,,,,,,,,,,,,,T1,,,,,,,
42052,-0.003,-0.099,0.0,,-0.164,,,,-0.177,,,,,,,,,,,,,,,,,,,,,,,,,,,,,,,,,,,,,,,,,,,,,,,,,,,,,,,,,,,,,,,,,,,0.269,-0.015,0.037,0.269,0.031,-0.099,,,,,0.013,0.013,0.108,0.0,0.0,0.0,,,,,,,,,,0,371.6,,,371.63,,,,,,,,,,,,,,,,,,,,,,,,,,,374.17,374.17,374.17,,374.17,374.18,,,,,,,,,,,,,,,,,,,,,,,,,,,,,,,,,,,,,T1,,,,,,,
27774,-0.186,-0.014,0.0,,,,0.101,0.0,,,,,,,,,,,,,,,,,,,,,,,,,,,,,,,,,,,,,,,,,,,,,,,,,,,,,,,,,,,,,,,,,,,,0.055,-0.028,0.014,0.055,0.145,-0.02,,,,,0.017,0.013,0.062,0.0,,0.0,,,,,,,,,,0,301.5,,,,,,,,,,,,,,,,,,,,,,,,,,,,,,303.6,303.6,303.61,,303.61,,,,,,,,,,,,,,,,,,,,,,,,,,,,,,,,,,,,,,T1,,,,,,,
33227,-0.036,0.072,,-0.081,,,0.038,-0.002,,,,,,,,,,,,,,,,,,,,,,,,,,,,,,,,,,,,,,,,,,,,,,,,,,,,,,,,,,,,,,,,,,,,,,,,,,,,,,,,,,,,0.0,0.0,0.057,,-0.031,0.093,0.0,-0.131,0.0,0,525.07,525.07,,,,,,,,,,,,,,,,,,,,,,,,,,,,,,,,,,,532.73,,532.77,532.79,,,,,,,,,,,,,,,,,,,,,,,,,,,,,,,,,,,,,,,,
13724,,,,,,,,,,,,,,,,,,,,,,,,,,,,,,,,,,,-0.04,0.047,-0.034,,0.062,,-0.081,,,,,,,,,,,,,,,,,,,,,,,,,,,,,,-0.273,-0.049,,,,0.134,0.011,0.057,0.134,-0.035,0.112,0.043,0.0,-0.004,0.0,0.01,0.013,0.017,0.0,,0.0,,,,,,,,,,0,,,,,,,,,,,,,,690.05,690.1,690.11,,,,,,,,,,,,,725.11,,735.2,735.2,735.22,735.22,735.22,,,,,,,,,,,,,,,,,,,,,T1,,,,,,,,,,,,,,,,,T1,,,,,,,
18273,-0.01,-0.062,0.0,,0.336,,,,0.035,,,,,,,,,,,,,,,,,,,,,,,,,,,,,,,,,,,,,,,,,,,,,,,,,,,,,,,,,,,,,,,,,,,-0.156,-0.028,0.037,-0.156,0.098,-0.257,,,,,0.014,0.013,-0.165,0.0,0.0,0.0,,,,,,,,,,0,255.48,,,255.51,,,,,,,,,,,,,,,,,,,,,,,,,,,256.27,256.27,256.28,,256.28,256.3,,,,,,,,,,,,,,,,,,,,,,,,,,,,,,,,,,,,,T1,,,,,,,
45265,0.167,-0.046,0.0,,,,,,-0.076,,,,,,,,,,,,,,,,,,,,,,,,,,,,,,,,,,,,,,,,,,,,,,,,,,,,,,,,,,,,,,,,,,,0.02,0.036,0.104,0.02,-0.027,0.138,0.097,0.0,0.012,0.0,0.013,0.013,0.108,0.0,0.0,0.0,,,,,,,,,,0,1635.98,,,1636.01,,,,,,,,,,,,,,,,,,,,,,,,,,,1641.13,1641.13,1641.13,1641.13,1641.13,1641.15,,,,,,,,,,,,,,,,,,,,,,,,,,,,,,,,,,,,,T1,,,,,,,
17367,0.082,-0.051,0.0,,,,,,0.002,,,,,,,,,,,,,,,,,,,,,,,,,,,,,,,,,,,,,,,,,,,,,,,,,,,,,,,,,,,,,,,,,,,0.058,0.023,0.057,0.058,-0.02,0.086,0.043,0.0,-0.013,0.0,0.013,0.013,0.017,0.0,,0.0,,,,,,,,,,0,824.25,,,824.29,,,,,,,,,,,,,,,,,,,,,,,,,,,827.45,827.45,827.45,827.45,827.45,,,,,,,,,,,,,,,,,,,,,,,,,,,,,,,,,,,,,,T1,,,,,,,
20999,,,,,,,,,,,,,,,,,,,,,,,,,,,,,,,,,,,0.108,,,0.324,0.107,,0.093,,,,,,,,,,,,,,,,,,,,,,,,,,,,,,,,,,,0.171,-0.142,0.082,0.171,0.047,-0.178,,,,,0.011,0.013,0.017,0.0,0.0,0.0,,,,,,,,,,0,,,,,,,,,,,,,,457.09,,457.11,,,,,,,,,,,,,,,493.25,493.25,493.25,,493.25,493.28,,,,,,,,,,,,,,,,,,,,T1,,T1,,,,,,,,,,,,,,,,,,,,,,
55367,0.043,0.211,,0.019,0.336,,0.003,0.002,,,,,,,,,,,,,,,,,,,,,,,,,,,,,,,,,,,,,,,,,,,,,,,,,,,,,,,,,,,,,,,,,-0.035,,,0.109,-0.04,0.063,0.109,-0.016,0.033,0.016,0.0,0.033,0.0,0.014,0.013,-0.074,0.0,,0.0,,,,,,,,,,0,937.43,937.43,,,,,,,,,,,,,,,,,,,,,,,,,,,,,942.2,942.2,942.2,942.2,942.2,,,,,,,,,,,,,,,,,,,,,,,,,,,,,,,,,,,,,,T1,,,,,,,
50111,,,,,,,,,,-0.006,0.066,,-0.01,0.017,0.003,,,,,,,,,,,,,,,,,,,,,,,,,,,,,,,,,,,,,,,,,,,,,,,,,,,,,,,,,,,,,-0.207,0.017,0.104,-0.207,-0.043,-0.046,0.07,0.0,0.029,0.0,0.009,0.013,-0.119,0.0,0.0,0.0,,,,,,,,,,0,,,,,,1614.43,,,,,,,,,,,,,,,,,,,,,,,,,1616.2,1616.2,1616.2,1616.2,1616.2,1616.22,,,,,,,,,,,,,,,,,,,,,,,,,,,,,,,,,,,,,T1,,,,,,,
53892,0.003,-0.067,,0.019,-0.164,,,,0.031,,,,,,,,,,,,,,,,,,,,,,,,,,,,,,,,,,,,,,,,,,,,,,,,,,,,,,,,,,,,,,,,,,,,,,,,,,,,,,,,,,,0.0,0.0,0.176,,-0.041,0.201,0.0,0.069,0.0,0,517.82,517.83,,517.85,,,,,,,,,,,,,,,,,,,,,,,,,,,,,,,,,518.2,,518.22,518.23,,,,,,,,,,,,,,,,,,,,,,,,,,,,,,,,,,,,,,,,
33724,,,,,,,,,,-0.022,0.066,,,,,0.077,,,,,,,,,,,,,,,,,,,,,,,,,,,,,,,,,,,,,,,,,,,,,,,,,,,,,,,,,-0.035,,,0.084,-0.028,0.063,0.084,-0.004,0.033,-0.038,0.0,-0.013,0.0,0.011,0.013,0.062,0.0,0.0,0.0,,,,,,,,,,0,,,,,,,,,,,,,,,,,,,,,,,,,,,,,,,940.57,940.57,940.57,940.57,940.57,940.61,,,,,,,,,,,,,,,,,,,,,,,,,,,,,,,,,,,,,,,,,,,,
26207,,,,,,,,,,,,,,,,,,,,,,,,,,,,,,,,,,,,,,,,,,,,,,,,,0.001,,,,0.001,,-0.093,-0.194,,,,,,,,,,,,,,,-0.014,-0.055,,,,0.02,0.036,0.063,0.02,-0.047,0.112,-0.011,0.0,0.013,0.0,0.01,0.013,0.108,0.0,,0.0,,,,,,,,,,0,,,,,,,,,,,,,,,,,,,,,,1157.76,,,,,,,1177.02,,1182.24,1182.24,1182.24,1182.24,1182.24,,,,,,,,,,,,,,,,,,,,,,,,,,,,,,,,,,,,,,T1,,,,,,,
29793,0.056,0.045,0.0,,,-0.113,,,,,,,,,,,,,,,,,,,,,,,,,,,,,,,,,,,,,,,,,,,,,,,,,,,,,,,,,,,,,,,,,,,,,,-0.106,-0.06,0.104,-0.106,-0.094,0.086,0.097,0.0,0.021,0.0,0.013,0.013,-0.165,0.0,0.0,0.0,,,,,,,,,,0,1497.26,,1497.28,,,,,,,,,,,,,,,,,,,,,,,,,,,,1500.92,1500.92,1500.98,1500.98,1500.98,1500.99,,,,,,,,,,,,,,,,,,,,,,,,,,,,,,,,,,,,,,,,,,,,
38356,,,,,,,,,,,,,,,,,,,,,,,,,,,,,,,,,,,0.003,,,0.233,-0.129,,0.004,,,,,,,,,,,,,,,,,,,,,,,,,,,,,,-0.051,-0.098,,,,-0.157,-0.098,0.063,-0.157,-0.039,-0.099,0.07,0.0,-0.005,0.0,0.017,0.013,-0.074,0.0,,0.0,,,,,,,,,,0,,,,,,,,,,,,,,1059.28,,1059.39,,,,,,,,,,,,,1082.15,,1090.23,1090.23,1090.24,1090.24,1090.24,,,,,,,,,,,,,,,,,,,,,T1,,T1,,,,,,,,,,,,,,,T1,,,,,,,
52103,,,,,,,,,,-0.006,-0.034,,,-0.045,-0.199,,,,,,,,,,,,,,,,,,,,,,,,,,,,,,,,,,,,,,,,,,,,,,,,,,,,,,,,,,,,,-0.28,-0.104,-0.029,-0.28,,0.059,,,,,0.012,0.013,-0.074,0.0,0.0,0.0,,,,,,,,,,1,,,,,,200.82,,,,,,,,,,,,,,,,,,,,,,,,,201.78,201.78,201.79,,201.79,201.81,,,,,,,,,,,,,,,,,,,,,,,,,,,,,,,,,,,,,T1,,,,,,,
35425,0.03,-0.046,,0.019,,,0.062,-0.001,,,,,,,,,,,,,,,,,,,,,,,,,,,,,,,,,,,,,,,,,,,,,,,,,,,,,,,,,,,,,,,,,,,,0.092,0.195,-0.752,0.092,-0.039,0.059,,,,,0.009,0.013,0.062,0.0,,0.0,,,,,,,,,,0,169.16,169.16,,,,,,,,,,,,,,,,,,,,,,,,,,,,,169.91,169.91,169.92,,169.92,,,,,,,,,,,,,,,,,,,,,,,,,,,,,,,,,,,,,,T1,,,,,,,
7566,-0.062,-0.083,,0.019,-0.164,,0.01,-0.002,,,,,,,,,,,,,,,,,,,,,,,,,,,,,,,,,,,,,,,,,,,,,,,,,,,,,,,,,,,,,,,,,,,,0.109,0.074,0.082,0.109,0.169,-0.099,-0.065,0.0,-0.003,0.0,0.013,0.013,-0.074,0.0,0.0,0.0,,,,,,,,,,0,523.23,523.23,,,,,,,,,,,,,,,,,,,,,,,,,,,,,525.08,525.08,525.08,525.08,525.08,525.1,,,,,,,,,,,,,,,,,,,,,,,,,,,,,,,,,,,,,T1,,,,,,,
34876,-0.095,-0.019,,0.019,0.336,,,,-0.078,,,,,,,,,,,,,,,,,,,,,,,,,,,,,,,,,,,,,,,,,,,,,,,,,,,,,,,,,,,,,,,,,,,-0.106,0.023,0.063,-0.106,0.09,0.138,0.097,0.0,-0.013,0.0,0.014,0.013,-0.029,0.0,,0.0,,,,,,,,,,0,972.71,972.71,,972.73,,,,,,,,,,,,,,,,,,,,,,,,,,,975.15,975.15,975.15,975.15,975.15,,,,,,,,,,,,,,,,,,,,,,,,,,,,,,,,,,,,,,T1,,,,,,,
7298,0.134,0.093,,-0.081,,,-0.08,0.002,,,,,,,,,,,,,,,,,,,,,,,,,,,,,,,,,,,,,,,,,,,,,,,,,,,,,,,,,,,,,,,0.147,0.074,,,,0.033,0.195,0.101,0.033,-0.004,-0.046,-0.011,0.0,-0.004,0.0,0.014,0.013,-0.119,0.0,0.0,0.0,,,,,,,,,,0,641.62,641.62,,,,,,,,,,,,,,,,,,,,,,,,,,,642.06,,653.68,653.68,653.68,653.68,653.68,653.7,,,,,,,,,,,,,,,,,,,,,,,,,,,,,,,,,,,,,,,,,,,,
24150,0.199,-0.072,,-0.081,-0.164,-0.04,,,,,,,,,,,,,,,,,,,,,,,,,,,,,,,,,,,,,,,,,,,,,,,,,,,,,,,,,,,,,,,,,,,,,,-0.157,-0.015,0.104,-0.157,-0.051,-0.072,-0.038,0.0,-0.013,0.0,0.013,0.013,-0.119,0.0,,0.0,,,,,,,,,,0,1635.95,1635.96,1635.98,,,,,,,,,,,,,,,,,,,,,,,,,,,,1640.99,1640.99,1640.99,1640.99,1640.99,,,,,,,,,,,,,,,,,,,,,,,,,,,,,,,,,,,,,,T1,,,,,,,
17786,0.036,-0.115,,0.019,-0.164,,,,-0.107,,,,,,,,,,,,,,,,,,,,,,,,,,,,,,,,,,,,,,,,,,,,,,,,,,,,,,,,,,,,,,,,-0.035,,,0.16,0.03,0.057,0.16,0.0,-0.02,-0.092,0.0,0.003,0.0,0.014,0.013,0.062,0.0,,0.0,,,,,,,,,,1,889.31,889.31,,889.36,,,,,,,,,,,,,,,,,,,,,,,,,,,895.42,895.42,895.42,895.42,895.42,,,,,,,,,,,,,,,,,,,,,,,,,,,,,,,,,,,,,,T1,,,,,,,
36442,,,,,,,,,,,,,,,,,,,,,,,,,,,,,,,,,,,,,,,,,,,,,,,,,,,,,,,,,,,,,,,,,,-0.008,,,0.338,0.094,-0.047,-0.166,,,,0.208,0.061,0.073,0.208,0.027,-0.099,,,,,0.01,0.013,0.062,0.0,,0.0,,,,,,,,,,0,,,,,,,,,,,,,,,,,,,,,,,,,,,,405.76,426.48,,459.6,459.6,459.6,,459.6,,,,,,,,,,,,,,,,,,,,,,,,,,,,,,,,,,,,,,,,,,,,,
14669,,,,,,,,,,,,,,,,,,,,,,,,,,,,,,,,,,,0.055,,,0.195,0.08,,-0.021,,,,,,,,,,,,,,,,,,,,,,,,,,,,,,0.125,-0.187,,,,-0.081,-0.123,0.063,-0.081,-0.012,0.007,0.016,0.0,-0.005,0.0,0.018,0.013,-0.029,0.0,,0.0,,,,,,,,,,0,,,,,,,,,,,,,,989.81,,989.83,,,,,,,,,,,,,1002.61,,1004.71,1004.71,1004.71,1004.71,1004.71,,,,,,,,,,,,,,,,,,,,,T1,,T1,,,,,,,,,,,,,,,T1,,,,,,,
5046,0.043,0.019,,0.019,,-0.019,,,,,,,,,,,,,,,,,,,,,,,,,,,,,,,,,,,,,,,,,,,,,,,,,,,,,,,,,,,,,,,,,,,,,,-0.106,-0.104,0.063,-0.106,-0.035,-0.125,-0.092,0.0,-0.012,0.0,0.016,0.013,0.017,0.0,0.0,0.0,,,,,,,,,,0,1227.05,1227.05,1227.08,,,,,,,,,,,,,,,,,,,,,,,,,,,,1238.62,1238.62,1238.63,1238.63,1238.63,1238.65,,,,,,,,,,,,,,,,,,,,,,,,,,,,,,,,,,,,,T1,,,,,,,
12814,0.023,0.061,,0.019,,0.024,,,,,,,,,,,,,,,,,,,,,,,,,,,,,,,,,,,,,,,,,,,,,,,,,,,,,,,,,,,,,,,,,,,,,,-0.081,-0.085,0.063,-0.081,,0.007,0.07,0.0,-0.012,0.0,0.007,0.013,-0.119,0.0,,0.0,,,,,,,,,,0,1246.2,1246.21,1246.24,,,,,,,,,,,,,,,,,,,,,,,,,,,,1257.46,1257.46,1257.47,1257.47,1257.47,,,,,,,,,,,,,,,,,,,,,,,,,,,,,,,,,,,,,,,,,,,,,
42601,,,,,,,,,,0.002,-0.034,,-0.01,,,,0.02,0.124,,,,,,,,,,,,,,,,,,,,,,,,,,,,,,,,,,,,,,,,,,,,,,,,,,,,,,,,,,-0.097,0.017,0.037,-0.097,-0.004,-0.125,,,,,0.011,0.013,0.017,0.0,0.0,0.0,,,,,,,,,,0,,,,,,,291.53,,,,,,,,,,,,,,,,,,,,,,,,296.85,296.85,296.86,,296.86,296.87,,,,,,,,,,,,,,,,,,,,,,,,,,,,,,,,,,,,,T1,,,,,,,
42699,,,,,,,,,,,,,,,,,,,,,,,,,,,,,,,,,,,-0.078,-0.008,-0.064,,0.171,,0.013,,,,,,,,,,,,,,,,,,,,,,,,,,,,,,-0.007,0.039,,,,0.033,0.023,0.057,0.033,-0.043,-0.23,-0.092,0.0,0.012,0.0,0.011,0.013,0.062,0.0,0.0,0.0,,,,,,,,,,0,,,,,,,,,,,,,,696.42,696.45,696.45,,,,,,,,,,,,,726.7,,738.78,738.78,738.79,738.79,738.79,738.81,,,,,,,,,,,,,,,,,,,,T1,,,,,,,,,,,,,,,,,T1,,,,,,,
36987,0.219,0.029,,0.019,-0.164,,-0.055,0.001,,,,,,,,,,,,,,,,,,,,,,,,,,,,,,,,,,,,,,,,,,,,,,,,,,,,,,,,,,,,,,,,,,,,0.045,0.068,0.063,0.045,-0.051,0.112,-0.038,0.0,-0.004,0.0,0.011,0.013,0.153,0.0,,0.0,,,,,,,,,,0,1148.84,1148.85,,,,,,,,,,,,,,,,,,,,,,,,,,,,,1153.8,1153.8,1153.81,1153.81,1153.81,,,,,,,,,,,,,,,,,,,,,,,,,,,,,,,,,,,,,,T1,,,,,,,
53572,-0.049,-0.019,0.0,,,0.005,,,,,,,,,,,,,,,,,,,,,,,,,,,,,,,,,,,,,,,,,,,,,,,,,,,,,,,,,,,,,,,,,,,,,,-0.157,0.017,0.063,-0.157,-0.039,0.059,0.178,0.0,-0.012,0.0,0.01,0.013,-0.119,0.0,0.0,0.0,,,,,,,,,,0,1210.9,,1210.95,,,,,,,,,,,,,,,,,,,,,,,,,,,,1212.61,1212.61,1212.61,1212.61,1212.61,1212.64,,,,,,,,,,,,,,,,,,,,,,,,,,,,,,,,,,,,,T1,,,,,,,
28897,,,,,,,,,,0.018,,0.149,,,,,0.014,0.134,,,,,,,,,,,,,,,,,,,,,,,,,,,,,,,,,,,,,,,,,,,,,,,,,,,,,,,,,,0.068,0.049,0.015,0.068,,0.191,,,,,0.011,0.013,0.062,0.0,0.0,0.0,,,,,,,,,,0,,,,,222.72,,222.75,,,,,,,,,,,,,,,,,,,,,,,,223.73,223.73,223.73,,223.73,223.76,,,,,,,,,,,,,,,,,,,,,,,,,,,,,,,,,,,,,T1,,,,,,,
21304,,,,,,,,,,,,,,,,,,,,,,,,,,,,,,,,,,,-0.042,-0.008,0.004,,0.044,,0.034,,,,,,,,,,,,,,,,,,,,,,,,,,,,,,-0.079,-0.041,,,,0.16,0.1,0.057,0.16,0.047,0.059,0.016,0.0,0.004,0.0,0.013,0.013,0.062,0.0,,0.0,,,,,,,,,,0,,,,,,,,,,,,,,773.6,773.61,773.62,,,,,,,,,,,,,784.4,,787.79,787.79,787.8,787.8,787.8,,,,,,,,,,,,,,,,,,,,,T1,,,,,,,,,,,,,,,,,,,,,,,,
11199,-0.055,0.083,,0.019,0.336,-0.097,,,,,,,,,,,,,,,,,,,,,,,,,,,,,,,,,,,,,,,,,,,,,,,,,,,,,,,,,,,,,,,,,,,,,,-0.132,-0.04,0.082,-0.132,-0.063,0.007,0.097,0.0,-0.012,0.0,-0.969,-0.987,0.017,0.0,,0.0,,,,,,,,,,0,1331.16,1331.17,1331.19,,,,,,,,,,,,,,,,,,,,,,,,,,,,1339.35,1339.35,1339.4,1339.4,1339.4,,,,,,,,,,,,,,,,,,,,,,,,,,,,,,,,,,,,,,,,,,,,,
18129,,,,,,,,,,,,,,,,,,,,,,,,,,,,,,,,,,,-0.241,-0.008,0.234,,0.244,,0.136,,,,,,,,,,,,,,,,,,,,,,,,,,,,,,0.235,0.22,,,,-0.199,0.004,0.037,-0.199,-0.02,-0.151,,,,,0.017,0.013,0.108,0.0,0.0,0.0,,,,,,,,,,0,,,,,,,,,,,,,,335.41,335.43,335.44,,,,,,,,,,,,,400.79,,416.69,416.69,416.69,,416.69,416.7,,,,,,,,,,,,,,,,,,,,T1,,,,,,,,,,,,,,,,,T1,,,,,,,
18225,0.082,0.008,0.0,,0.336,,,,0.116,,,,,,,,,,,,,,,,,,,,,,,,,,,,,,,,,,,,,,,,,,,,,,,,,,,,,,,,,,,,,,,,,,,0.041,-0.053,-0.702,0.041,,-0.099,,,,,0.005,0.013,0.153,0.0,,0.0,,,,,,,,,,0,140.38,,,140.41,,,,,,,,,,,,,,,,,,,,,,,,,,,146.06,146.06,146.07,,146.07,,,,,,,,,,,,,,,,,,,,,,,,,,,,,,,,,,,,,,T1,,,,,,,
7414,,,,,,,,,,,,,,,,,,,,,,,,,,,,,,,,,,,,,,,,,,,,,,,,,,,,,,,,,,,,,,,,,,-0.008,,,,-0.065,0.254,-0.125,,,,-0.057,-0.009,0.082,-0.057,0.024,-0.178,,,,,0.014,0.013,-0.029,0.0,0.0,0.0,,,,,,,,,,1,,,,,,,,,,,,,,,,,,,,,,,,,,,,408.64,455.7,,468.71,468.71,468.71,,468.71,468.73,,,,,,,,,,,,,,,,,,,,,,,,,,,,,,,,,,,,,T1,,,,,,,
25797,0.023,-0.024,0.0,,0.336,,,,0.107,,,,,,,,,,,,,,,,,,,,,,,,,,,,,,,,,,,,,,,,,,,,,,,,,,,,,,,,,,,,,,,,,,,0.2,0.074,-0.029,0.2,0.039,-0.099,,,,,0.009,0.013,0.017,0.0,,0.0,,,,,,,,,,0,192.29,,,195.78,,,,,,,,,,,,,,,,,,,,,,,,,,,197.53,197.53,197.53,,197.53,,,,,,,,,,,,,,,,,,,,,,,,,,,,,,,,,,,,,,T1,,,,,,,
11575,,,,,,,,,,,,,,,,,,,,,,,,,,,,,,,,,,,0.171,-0.008,-0.039,,-0.138,,0.003,,,,,,,,,,,,,,,,,,,,,,,,,,,,,,-0.203,0.203,,,,-0.081,0.017,0.063,-0.081,-0.059,-0.151,0.124,0.0,-0.012,0.0,0.014,0.013,-0.029,0.0,0.0,0.0,,,,,,,,,,1,,,,,,,,,,,,,,1190.62,1190.64,1190.64,,,,,,,,,,,,,1197.11,,1205.68,1205.68,1205.68,1205.68,1205.68,1205.7,,,,,,,,,,,,,,,,,,,,T1,,,,,,,,,,,,,,,,,T1,,,,,,,
45546,0.003,-0.062,0.0,,0.336,,-0.041,-0.001,,,,,,,,,,,,,,,,,,,,,,,,,,,,,,,,,,,,,,,,,,,,,,,,,,,,,,,,,,,,,,,,,,,,-0.206,0.042,0.037,-0.206,0.094,-0.02,,,,,0.013,0.013,0.017,0.0,0.0,0.0,,,,,,,,,,0,253.29,,,,,,,,,,,,,,,,,,,,,,,,,,,,,,254.2,254.2,254.21,,254.21,254.22,,,,,,,,,,,,,,,,,,,,,,,,,,,,,,,,,,,,,T1,,,,,,,
7385,-0.01,0.109,,-0.081,,,-0.033,0.0,,,,,,,,,,,,,,,,,,,,,,,,,,,,,,,,,,,,,,,,,,,,,,,,,,,,,,,,,,,,,,,,,,,,0.16,-0.066,0.101,0.16,0.008,-0.204,-0.011,0.0,0.013,0.0,0.011,0.013,0.199,0.0,,0.0,,,,,,,,,,0,610.79,610.8,,,,,,,,,,,,,,,,,,,,,,,,,,,,,616.89,616.89,616.89,616.89,616.89,,,,,,,,,,,,,,,,,,,,,,,,,,,,,,,,,,,,,,T1,,,,,,,
42348,0.003,-0.072,0.0,,,,0.044,0.001,,,,,,,,,,,,,,,,,,,,,,,,,,,,,,,,,,,,,,,,,,,,,,,,,,,,,,,,,,,,,,,,,,,,0.067,0.202,-0.029,0.067,,0.164,,,,,0.013,0.013,-0.165,0.0,0.0,0.0,,,,,,,,,,0,188.32,,,,,,,,,,,,,,,,,,,,,,,,,,,,,,188.82,188.82,188.82,,188.82,188.84,,,,,,,,,,,,,,,,,,,,,,,,,,,,,,,,,,,,,T1,,,,,,,
48620,-0.003,-0.078,0.0,,0.336,,0.07,0.0,,,,,,,,,,,,,,,,,,,,,,,,,,,,,,,,,,,,,,,,,,,,,,,,,,,,,,,,,,,,,,,,,,,,-0.081,-0.034,0.104,-0.081,-0.082,0.112,0.151,0.0,-0.004,0.0,0.011,0.013,0.017,0.0,0.0,0.0,,,,,,,,,,0,1557.42,,,,,,,,,,,,,,,,,,,,,,,,,,,,,,1561.27,1561.27,1561.27,1561.27,1561.27,1561.29,,,,,,,,,,,,,,,,,,,,,,,,,,,,,,,,,,,,,T1,,,,,,,
50847,-0.075,0.179,0.0,,0.336,,0.155,0.001,,,,,,,,,,,,,,,,,,,,,,,,,,,,,,,,,,,,,,,,,,,,,,,,,,,,,,,,,,,,,,,,,,,,0.129,-0.098,-0.725,0.129,,0.243,,,,,0.011,0.013,-0.119,0.0,,0.0,,,,,,,,,,0,3.31,,,,,,,,,,,,,,,,,,,,,,,,,,,,,,5.29,5.29,5.3,,5.3,,,,,,,,,,,,,,,,,,,,,,,,,,,,,,,,,,,,,,T1,,,,,,,
46316,0.069,-0.088,,0.019,,-0.179,,,,,,,,,,,,,,,,,,,,,,,,,,,,,,,,,,,,,,,,,,,,,,,,,,,,,,,,,,,,,,,,,,,,,,-0.157,-0.009,0.104,-0.157,-0.106,-0.072,0.016,0.0,0.022,0.0,0.008,0.013,-0.119,0.0,0.0,0.0,,,,,,,,,,0,1449.93,1449.94,1450.02,,,,,,,,,,,,,,,,,,,,,,,,,,,,1450.78,1450.78,1450.78,1450.78,1450.78,1450.8,,,,,,,,,,,,,,,,,,,,,,,,,,,,,,,,,,,,,,,,,,,,
36691,0.023,0.163,,-0.081,,-0.032,,,,,,,,,,,,,,,,,,,,,,,,,,,,,,,,,,,,,,,,,,,,,,,,,,,,,,,,,,,,,,,,,,,,,,0.092,-0.072,-0.702,0.092,0.227,-0.204,,,,,0.008,0.013,0.108,0.0,0.0,0.0,,,,,,,,,,0,98.92,98.93,98.98,,,,,,,,,,,,,,,,,,,,,,,,,,,,99.58,99.58,99.58,,99.58,99.61,,,,,,,,,,,,,,,,,,,,,,,,,,,,,,,,,,,,,T1,,,,,,,
22248,0.016,0.013,0.0,,,,,,-0.015,,,,,,,,,,,,,,,,,,,,,,,,,,,,,,,,,,,,,,,,,,,,,,,,,,,,,,,,,,,,,,,,,,,-0.174,0.036,0.082,-0.174,0.055,-0.046,-0.038,0.0,0.013,0.0,0.009,0.013,-0.074,0.0,0.0,0.0,,,,,,,,,,0,575.59,,,575.62,,,,,,,,,,,,,,,,,,,,,,,,,,,582.92,582.92,582.94,582.94,582.94,582.95,,,,,,,,,,,,,,,,,,,,,,,,,,,,,,,,,,,,,T1,,,,,,,
21471,,,,,,,,,,,,,,,,,,,,,,,,,,,,,,,,,,,-0.033,0.047,-0.014,,0.162,,-0.081,,,,,,,,,,,,,,,,,,,,,,,,,,,,,,,,-0.035,,,-0.043,0.049,0.057,-0.043,-0.027,0.217,-0.038,0.0,-0.004,0.0,0.013,0.013,-0.256,0.0,,0.0,,,,,,,,,,0,,,,,,,,,,,,,,763.16,763.18,763.18,,,,,,,,,,,,,,,779.99,779.99,779.99,779.99,779.99,,,,,,,,,,,,,,,,,,,,,T1,,,,,,,,,,,,,,,,,,,,,,,,
25054,,,,,,,,,,,,,,,,,,,,,,,,,,,,,,,,,,,-0.138,,,-0.37,,0.033,0.062,,,,,,,,,,,,,,,,,,,,,,,,,,,,,,-0.073,0.106,,,,0.084,0.081,0.057,0.084,0.039,0.059,-0.011,0.0,-0.004,0.0,0.012,0.013,0.062,0.0,,0.0,,,,,,,,,,0,,,,,,,,,,,,,,690.45,,,,,,,,,,,,,,,722.88,,726.71,726.71,726.72,726.72,726.72,,,,,,,,,,,,,,,,,,,,,T1,,T1,,,,,,,,,,,,,,,,,,,,,,
10766,,,,,,,,,,,,,,,,,,,,,,,,,,,,,,,,,,,-0.147,0.214,0.376,,0.053,,0.114,,,,,,,,,,,,,,,,,,,,,,,,,,,,,,0.026,-0.035,,,,-0.006,-0.015,0.082,-0.006,0.027,-0.178,,,,,0.01,0.013,0.062,0.0,0.0,0.0,,,,,,,,,,0,,,,,,,,,,,,,,406.41,406.43,406.44,,,,,,,,,,,,,455.8,,466.67,466.67,466.68,,466.68,466.69,,,,,,,,,,,,,,,,,,,,T1,,,,,,,,,,,,,,,,,T1,,,,,,,
42064,-0.062,0.088,0.0,,0.336,,,,0.024,,,,,,,,,,,,,,,,,,,,,,,,,,,,,,,,,,,,,,,,,,,,,,,,,,,,,,,,,,,,,,,,,,,-0.235,-0.021,0.015,-0.235,0.122,-0.046,,,,,0.009,0.013,-0.029,0.0,,0.0,,,,,,,,,,0,236.95,,,236.98,,,,,,,,,,,,,,,,,,,,,,,,,,,238.92,238.92,238.92,,238.92,,,,,,,,,,,,,,,,,,,,,,,,,,,,,,,,,,,,,,T1,,,,,,,
20641,0.043,0.12,0.0,,,,-0.046,-0.003,,,,,,,,,,,,,,,,,,,,,,,,,,,,,,,,,,,,,,,,,,,,,,,,,,,,,,,,,,,,,,,,,,,,0.18,-0.079,-0.657,0.18,,0.059,,,,,0.012,0.013,-0.074,0.0,0.0,0.0,,,,,,,,,,0,36.16,,,,,,,,,,,,,,,,,,,,,,,,,,,,,,38.35,38.35,38.35,,38.35,38.43,,,,,,,,,,,,,,,,,,,,,,,,,,,,,,,,,,,,,,,,,,,,
17795,0.069,-0.003,,-0.081,,-0.022,,,,,,,,,,,,,,,,,,,,,,,,,,,,,,,,,,,,,,,,,,,,,,,,,,,,,,,,,,,,,,,,,,,,,,-0.009,0.125,-0.702,-0.009,,0.086,,,,,0.013,0.013,-0.165,0.0,,0.0,,,,,,,,,,0,96.53,96.53,96.58,,,,,,,,,,,,,,,,,,,,,,,,,,,,99.28,99.28,99.28,,99.28,,,,,,,,,,,,,,,,,,,,,,,,,,,,,,,,,,,,,,T1,,,,,,,
21887,,,,,,,,,,-0.01,0.166,,,,,,0.004,0.043,,,,,,,,,,,,,,,,,,,,,,,,,,,,,,,,,,,,,,,,,,,,,,,,,,,,,,,,,,-0.147,0.182,0.037,-0.147,0.094,-0.072,,,,,0.012,0.013,0.199,0.0,,0.0,,,,,,,,,,0,,,,,,,390.77,,,,,,,,,,,,,,,,,,,,,,,,392.64,392.64,392.64,,392.64,,,,,,,,,,,,,,,,,,,,,,,,,,,,,,,,,,,,,,,,,,,,,
50524,,,,,,,,,,,,,,,,,,,-0.004,0.146,,,-0.073,-0.056,,-0.151,,,,,,,,,,,,,,,,,,,,,,,,,,,,,,,,,,,,,,,,,,,,,,,-0.035,,,-0.132,0.011,0.063,-0.132,-0.039,0.086,-0.065,0.0,-0.013,0.0,0.012,0.013,0.062,0.0,,0.0,,,,,,,,,,0,,,,,,,,1031.97,,,,,,,,,,,,,,,,,,,,,,,1065.79,1065.79,1065.79,1065.79,1065.79,,,,,,,,,,,,,T1,,T1,T3,,,,,,,,,,,,,,,,,,,,,,T1,,,,,,,
40675,,,,,,,,,,,,,,,,,,,,,,,,,,,,,,,,,,,0.177,,,-0.081,,-0.021,0.006,,,,,,,,,,,,,,,,,,,,,,,,,,,,,,-0.178,-0.039,,,,0.21,0.023,0.057,0.21,0.067,-0.099,-0.146,0.0,0.004,0.0,0.012,0.013,0.062,0.0,,0.0,,,,,,,,,,0,,,,,,,,,,,,,,671.97,,,,,,,,,,,,,,,707.63,,711.08,711.08,711.08,711.08,711.08,,,,,,,,,,,,,,,,,,,,,T1,,T1,,,,,,,,,,,,,,,T1,,,,,,,
39666,,,,,,,,,,-0.006,0.066,,,,,0.121,,,,,,,,,,,,,,,,,,,,,,,,,,,,,,,,,,,,,,,,,,,,,,,,,,,,,,,,,,,,-0.106,-0.136,0.082,-0.106,-0.051,0.217,-0.038,0.0,-0.012,0.0,0.014,0.013,-0.256,0.0,0.0,0.0,,,,,,,,,,0,,,,,,,,,,,,,,,,,,,,,,,,,,,,,,,1382.64,1382.64,1382.65,1382.65,1382.65,1382.9,,,,,,,,,,,,,,,,,,,,,,,,,,,,,,,,,,,,,,,,,,,,
53432,-0.075,-0.04,0.0,,,,0.012,0.001,,,,,,,,,,,,,,,,,,,,,,,,,,,,,,,,,,,,,,,,,,,,,,,,,,,,,,,,-0.051,,,,,,,,,,,,,,,,,,,,,,,,,,,,,,,,,,,,,1,961.8,,,,,,,,,,,,,,,,,,,,,,,,,,,,,,,,,,,,,,,,,,,,,,,,,,,,,,,,,,,,,,,,,,,,,,,,,,,,,,,
43371,,,,,,,,,,-0.006,-0.034,,-0.01,0.026,0.222,,,,,,,,,,,,,,,,,,,,,,,,,,,,,,,,,,,,,,,,,,,,,,,,,,,,,,,,,,,,,0.033,0.081,0.057,0.033,0.11,0.033,-0.011,0.0,-0.012,0.0,0.009,0.013,-0.119,0.0,0.0,0.0,,,,,,,,,,0,,,,,,624.14,,,,,,,,,,,,,,,,,,,,,,,,,626.59,626.59,626.59,626.59,626.59,626.61,,,,,,,,,,,,,,,,,,,,,,,,,,,,,,,,,,,,,T1,,,,,,,
22615,0.049,0.152,,0.119,,,,,0.085,,,,,,,,,,,,,,,,,,,,,,,,,,,,,,,,,,,,,,,,,,,,,,,,,,,,,,,,,,,,,,,,,,,,,,,,,,,,,,,,,,,0.0,0.0,-0.039,-0.015,,-0.003,0.0,0.069,0.0,0,1396.63,1396.64,,1396.66,,,,,,,,,,,,,,,,,,,,,,,,,,,,,,,,,1398.64,,1398.68,1398.7,,,,,,,,,,,,,,,,,,,,,,,,,,,,,,,,,,,,,,,,
22824,-0.042,-0.286,0.0,,,-0.043,,,,,,,,,,,,,,,,,,,,,,,,,,,,,,,,,,,,,,,,,,,,,,,,,,,,,,,,,,,,,,,,,,,,,,0.092,0.1,-0.702,0.092,,-0.072,,,,,0.008,0.013,0.108,0.0,,0.0,,,,,,,,,,0,117.14,,117.18,,,,,,,,,,,,,,,,,,,,,,,,,,,,118.63,118.63,118.63,,118.63,,,,,,,,,,,,,,,,,,,,,,,,,,,,,,,,,,,,,,T1,,,,,,,
40370,-0.075,0.104,,-0.081,,,,,-0.029,,,,,,,,,,,,,,,,,,,,,,,,,,,,,,,,,,,,,,,,,,,,,,,,,,,,,,,,,,,,,,,,,,,0.134,0.023,0.057,0.134,0.016,-0.283,-0.092,0.0,-0.012,0.0,0.012,0.013,0.062,0.0,0.0,0.0,,,,,,,,,,0,617.39,617.4,,617.42,,,,,,,,,,,,,,,,,,,,,,,,,,,619.73,619.73,619.73,619.73,619.73,619.75,,,,,,,,,,,,,,,,,,,,,,,,,,,,,,,,,,,,,,,,,,,,
43353,0.03,-0.062,0.0,,-0.164,,-0.023,0.001,,,,,,,,,,,,,,,,,,,,,,,,,,,,,,,,,,,,,,,,,,,,,,,,,,,,,,,,,,,,,,,,,-0.035,,,0.134,-0.06,0.057,0.134,-0.012,-0.151,-0.146,0.0,-0.011,0.0,0.013,0.013,0.062,0.0,0.0,0.0,,,,,,,,,,0,895.88,,,,,,,,,,,,,,,,,,,,,,,,,,,,,,903.3,903.3,903.31,903.31,903.31,903.34,,,,,,,,,,,,,,,,,,,,,,,,,,,,,,,,,,,,,T1,,,,,,,
33701,-0.134,-0.179,0.0,,,,,,0.034,,,,,,,,,,,,,,,,,,,,,,,,,,,,,,,,,,,,,,,,,,,,,,,,,,,,,,,,,,,,,,,,,,,-0.132,0.042,0.104,-0.132,-0.078,0.033,0.07,0.0,-0.004,0.0,0.012,0.013,-0.074,0.0,,0.0,,,,,,,,,,0,1465.22,,,1465.25,,,,,,,,,,,,,,,,,,,,,,,,,,,1467.45,1467.45,1467.45,1467.45,1467.45,,,,,,,,,,,,,,,,,,,,,,,,,,,,,,,,,,,,,,T1,,,,,,,
53163,-0.036,-0.27,0.0,,,,,,0.027,,,,,,,,,,,,,,,,,,,,,,,,,,,,,,,,,,,,,,,,,,,,,,,,,,,,,,,,,,,,,,,,,,,0.16,-0.053,0.082,0.16,0.086,-0.23,-0.065,0.0,-0.003,0.0,0.011,0.013,0.017,0.0,,0.0,,,,,,,,,,0,522.47,,,522.5,,,,,,,,,,,,,,,,,,,,,,,,,,,524.64,524.64,524.64,524.64,524.64,,,,,,,,,,,,,,,,,,,,,,,,,,,,,,,,,,,,,,T1,,,,,,,
42719,,,,,,,,,,0.014,-0.034,,,0.061,0.005,,,,,,,,,,,,,,,,,,,,,,,,,,,,,,,,,,,,,,,,,,,,,,,,,,,,,,,,,,,,,-0.157,-0.091,0.082,-0.157,-0.055,0.243,0.016,0.0,-0.003,0.0,0.01,0.013,-0.256,0.0,,0.0,,,,,,,,,,0,,,,,,1392.25,,,,,,,,,,,,,,,,,,,,,,,,,1393.29,1393.29,1393.29,1393.29,1393.29,,,,,,,,,,,,,,,,,,,,,,,,,,,,,,,,,,,,,,,,,,,,,
54795,,,,,,,,,,,,,,,,,,,,,,,,,,,,,,,,,,,-0.068,,,-0.189,0.053,,-0.001,,,,,,,,,,,,,,,,,,,,,,,,,,,,,,-0.125,0.077,,,,0.134,0.017,0.057,0.134,-0.039,-0.099,0.016,0.0,0.012,0.0,0.016,0.013,0.108,0.0,,0.0,,,,,,,,,,0,,,,,,,,,,,,,,693.3,,693.34,,,,,,,,,,,,,726.42,,736.84,736.84,736.84,736.84,736.84,,,,,,,,,,,,,,,,,,,,,T1,,T1,,,,,,,,,,,,,,,T1,,,,,,,
59643,,,,,,,,,,-0.014,-0.034,,-0.01,,,,-0.014,-0.223,,,,,,,,,,,,,,,,,,,,,,,,,,,,,,,,,,,,,,,,,,,,,,,,,,,,,0.139,0.077,,,,0.109,-0.021,0.057,0.109,-0.039,0.086,0.178,0.0,-0.013,0.0,0.016,0.013,0.153,0.0,,0.0,,,,,,,,,,0,,,,,,,887.7,,,,,,,,,,,,,,,,,,,,,,887.73,,891.6,891.6,891.61,891.61,891.61,,,,,,,,,,,,,,,,,,,,,,,,,,,,,,,,,,,,,,T1,,,,,,,
26625,,,,,,,,,,,,,,,,,,,,,,,,,,,,,,,,,,,,,,,,,,0.081,,,-0.046,-0.016,,-0.01,,,,,,,,,,,,,,,,,,,,,,,0.316,-0.068,,,,-0.106,-0.098,0.063,-0.106,0.012,-0.178,0.07,0.0,-0.012,0.0,0.017,0.013,-0.029,0.0,0.0,0.0,,,,,,,,,,0,,,,,,,,,,,,,,,,,1018.21,1018.33,,,,,,,,,,,1039.06,,1045.9,1045.9,1045.91,1045.91,1045.91,1045.95,,,,,,,,,,,,,,,,,,,,,,,,,,,,,,,,,,,,,T1,,,,,,,
2869,-0.127,-0.046,,0.019,-0.164,,-0.065,-0.002,,,,,,,,,,,,,,,,,,,,,,,,,,,,,,,,,,,,,,,,,,,,,,,,,,,,,,,,,,,,,,,,,,,,-0.157,0.011,0.082,-0.157,-0.051,0.112,-0.092,0.0,-0.012,0.0,-0.969,-0.987,0.017,0.0,,0.0,,,,,,,,,,0,1425.45,1425.45,,,,,,,,,,,,,,,,,,,,,,,,,,,,,1427.08,1427.08,1427.17,1427.17,1427.17,,,,,,,,,,,,,,,,,,,,,,,,,,,,,,,,,,,,,,,,,,,,,
5067,0.056,-0.115,0.0,,,-0.021,,,,,,,,,,,,,,,,,,,,,,,,,,,,,,,,,,,,,,,,,,,,,,,,,,,,,,,,,,,,,,,,,,,,,,0.058,0.036,0.101,0.058,0.051,-0.099,-0.011,0.0,-0.012,0.0,0.012,0.013,0.017,0.0,,0.0,,,,,,,,,,0,594.34,,594.38,,,,,,,,,,,,,,,,,,,,,,,,,,,,603.95,603.95,603.96,603.96,603.96,,,,,,,,,,,,,,,,,,,,,,,,,,,,,,,,,,,,,,,,,,,,,
6310,,,,,,,,,,-0.002,-0.034,,,,,-0.052,,,,,,,,,,,,,,,,,,,,,,,,,,,,,,,,,,,,,,,,,,,,,,,,,,,,,,,,,,,,,,,,,,,,,,,,,,,,0.0,0.0,-0.055,,-0.058,0.238,0.0,,0.0,1,,,,,,,,,,,,,,,,,,,,,,,,,,,,,,,,,,,,,1398.62,,1398.63,1398.65,,,,,,,,,,,,,,,,,,,,,,,,,,,,,,,,,,,,,,,,
43760,,,,,,,,,,0.01,,0.054,,-0.043,-0.063,,,,,,,,,,,,,,,,,,,,,,,,,,,,,,,,,,,,,,,,,,,,,,,,,,,,,,,,,,-0.035,,,-0.081,-0.047,0.082,-0.081,-0.071,0.138,-0.173,0.0,0.022,0.0,0.013,0.013,0.062,0.0,0.0,0.0,,,,,,,,,,1,,,,,1263.93,1263.95,,,,,,,,,,,,,,,,,,,,,,,,,1271.83,1271.83,1271.84,1271.84,1271.84,1271.89,,,,,,,,,,,,,,,,,,,,,,,,,,,,,,,,,,,,,T1,,,,,,,
47366,-0.114,-0.195,,-0.081,,-0.211,,,,,,,,,,,,,,,,,,,,,,,,,,,,,,,,,,,,,,,,,,,,,,,,,,,,,,,,,,,,,,,,,,,,,,,,,,,,,,,,,,,,,,0.0,0.0,0.001,-0.007,,0.034,0.0,0.069,0.0,0,1431.75,1431.76,1431.79,,,,,,,,,,,,,,,,,,,,,,,,,,,,,,,,,,1432.65,,1432.67,1432.68,,,,,,,,,,,,,,,,,,,,,,,,,,,,,,,,,,,,,,,,
5377,,,,,,,,,,-0.006,,0.036,,,,0.03,,,,,,,,,,,,,,,,,,,,,,,,,,,,,,,,,,,,,,,,,,,,,,,,,,,,,,,,,,,,-0.25,0.119,-0.752,-0.25,-0.067,0.059,,,,,0.011,0.013,-0.029,0.0,0.0,0.0,,,,,,,,,,0,,,,,174.2,,,,,,,,,,,,,,,,,,,,,,,,,,174.73,174.73,174.74,,174.74,174.76,,,,,,,,,,,,,,,,,,,,,,,,,,,,,,,,,,,,,,,,,,,,
18161,-0.075,-0.062,0.0,,-0.164,,0.145,0.0,,,,,,,,,,,,,,,,,,,,,,,,,,,,,,,,,,,,,,,,,,,,,,,,,,,,,,,,,,,,,,,,,,,,0.18,0.074,-0.725,0.18,0.059,-0.204,,,,,0.011,0.013,0.062,0.0,0.0,0.0,,,,,,,,,,0,1.96,,,,,,,,,,,,,,,,,,,,,,,,,,,,,,3.06,3.06,3.07,,3.07,3.08,,,,,,,,,,,,,,,,,,,,,,,,,,,,,,,,,,,,,T1,,,,,,,
59901,0.043,0.307,0.0,,,,,,0.012,,,,,,,,,,,,,,,,,,,,,,,,,,,,,,,,,,,,,,,,,,,,,,,,,,,,,,,,,,,,,,0.108,-0.031,,,,0.134,0.055,0.063,0.134,0.0,0.007,0.043,0.0,0.004,0.0,0.018,0.013,0.062,0.0,,0.0,,,,,,,,,,0,952.73,,,952.76,,,,,,,,,,,,,,,,,,,,,,,,,953.32,,958.72,958.72,958.73,958.73,958.73,,,,,,,,,,,,,,,,,,,,,,,,,,,,,,,,,,,,,,T1,,,,,,,
42261,0.141,0.029,0.0,,0.336,,,,-0.018,,,,,,,,,,,,,,,,,,,,,,,,,,,,,,,,,,,,,,,,,,,,,,,,,,,,,,,,,,,,,,,,,,,-0.056,-0.06,0.063,-0.056,-0.051,-0.099,-0.092,0.0,-0.014,0.0,0.016,0.013,-0.074,0.0,0.0,0.0,,,,,,,,,,0,1107.64,,,1107.66,,,,,,,,,,,,,,,,,,,,,,,,,,,1108.39,1108.39,1108.4,1108.4,1108.4,1108.41,,,,,,,,,,,,,,,,,,,,,,,,,,,,,,,,,,,,,,,,,,,,
10099,,,,,,,,,,0.002,0.066,,-0.01,,,0.033,,,,,,,,,,,,,,,,,,,,,,,,,,,,,,,,,,,,,,,,,,,,,,,,,,,,,,,,,,,,0.041,0.055,-0.702,0.041,-0.059,-0.072,,,,,0.01,0.013,0.153,0.0,,0.0,,,,,,,,,,0,,,,,,,,,,,,,,,,,,,,,,,,,,,,,,,157.25,157.25,157.25,,157.25,,,,,,,,,,,,,,,,,,,,,,,,,,,,,,,,,,,,,,,,,,,,,
22765,-0.049,0.093,,0.019,,0.032,,,,,,,,,,,,,,,,,,,,,,,,,,,,,,,,,,,,,,,,,,,,,,,,,,,,,,,,,,,,,,,,,,,,,,0.131,0.036,0.037,0.131,0.051,-0.099,,,,,0.012,0.013,-0.074,0.0,0.0,0.0,,,,,,,,,,0,268.09,268.09,268.12,,,,,,,,,,,,,,,,,,,,,,,,,,,,269.46,269.46,269.46,,269.46,269.49,,,,,,,,,,,,,,,,,,,,,,,,,,,,,,,,,,,,,T1,,,,,,,
52291,0.095,0.168,0.0,,-0.164,,0.006,0.001,,,,,,,,,,,,,,,,,,,,,,,,,,,,,,,,,,,,,,,,,,,,,,,,,,,,,,,,,,,,,,,,,,,,0.109,0.017,0.101,0.109,0.039,-0.099,-0.065,0.0,0.005,0.0,0.014,0.013,-0.029,0.0,,0.0,,,,,,,,,,0,671.82,,,,,,,,,,,,,,,,,,,,,,,,,,,,,,673.14,673.14,673.14,673.14,673.14,,,,,,,,,,,,,,,,,,,,,,,,,,,,,,,,,,,,,,T1,,,,,,,
20545,-0.095,-0.094,,-0.081,-0.164,-0.008,,,,,,,,,,,,,,,,,,,,,,,,,,,,,,,,,,,,,,,,,,,,,,,,,,,,,,,,,,,,,,,,,,,,,,0.033,-0.104,0.101,0.033,0.106,-0.178,-0.011,0.0,-0.012,0.0,0.01,0.013,-0.074,0.0,,0.0,,,,,,,,,,0,602.64,602.64,602.67,,,,,,,,,,,,,,,,,,,,,,,,,,,,605.99,605.99,605.99,605.99,605.99,,,,,,,,,,,,,,,,,,,,,,,,,,,,,,,,,,,,,,,,,,,,,
54393,,,,,,,,,,,,,,,,,,,,,,,,,,,,,,,,,,,,,,,,,,-0.013,0.001,0.0,,-0.005,,-0.12,,,,,,,,,,,,,,,,,,,,,,,,,-0.035,,,-0.005,-0.098,0.063,-0.005,-0.047,-0.125,-0.119,0.0,-0.013,0.0,0.013,0.013,0.017,0.0,0.0,0.0,,,,,,,,,,0,,,,,,,,,,,,,,,,,1031.86,,,,,,,,,,,,,,1064.69,1064.69,1064.69,1064.69,1064.69,1064.71,,,,,,,,,,,,,,,,,,,,,,,,,,,,,,,,,,,,,,,,,,,,
30136,-0.108,0.099,,0.019,,,,,-0.047,,,,,,,,,,,,,,,,,,,,,,,,,,,,,,,,,,,,,,,,,,,,,,,,,,,,,,,,,,,,,,,,,,,-0.132,0.049,0.063,-0.132,-0.004,0.007,-0.011,0.0,-0.013,0.0,0.013,0.013,-0.165,0.0,,0.0,,,,,,,,,,0,962.07,962.07,,962.11,,,,,,,,,,,,,,,,,,,,,,,,,,,963.98,963.98,963.98,963.98,963.98,,,,,,,,,,,,,,,,,,,,,,,,,,,,,,,,,,,,,,T1,,,,,,,
25827,0.056,0.168,0.0,,0.336,-0.071,,,,,,,,,,,,,,,,,,,,,,,,,,,,,,,,,,,,,,,,,,,,,,,,,,,,,,,,,,,,,,,,,,,,,,-0.106,-0.015,0.082,-0.106,-0.047,0.191,0.178,0.0,-0.012,0.0,0.014,0.013,-0.074,0.0,0.0,0.0,,,,,,,,,,0,1414.0,,1414.02,,,,,,,,,,,,,,,,,,,,,,,,,,,,1414.82,1414.82,1414.83,1414.83,1414.83,1414.84,,,,,,,,,,,,,,,,,,,,,,,,,,,,,,,,,,,,,,,,,,,,
832,,,,,,,,,,,,,,,,,,,,,,,,,,,,,,,,,,,,,,,,,,,,,,,,,,,,,,,,,0.006,0.114,-0.025,,-0.315,,-0.04,,,,,,,,0.05,-0.07,,,,-0.132,-0.021,0.063,-0.132,0.059,0.138,-0.173,0.0,-0.014,0.0,0.012,0.013,0.062,0.0,,0.0,,,,,,,,,,0,,,,,,,,,,,,,,,,,,,,,,,1001.2,,1001.21,,,,1015.19,,1026.32,1026.32,1026.32,1026.32,1026.32,,,,,,,,,,,,,,,,,,,,,,,,,,,,,,,,,,,,,,,,,,,,,
20001,,,,,,,,,,-0.014,,-0.18,-0.01,,,-0.059,,,,,,,,,,,,,,,,,,,,,,,,,,,,,,,,,,,,,,,,,,,,,,,,,,,,,,,,,,,,-0.081,0.036,0.063,-0.081,-0.051,0.033,-0.119,0.0,-0.001,0.0,0.01,0.013,0.062,0.0,0.0,0.0,,,,,,,,,,0,,,,,1122.56,,,,,,,,,,,,,,,,,,,,,,,,,,1124.0,1124.0,1124.0,1124.0,1124.0,1124.02,,,,,,,,,,,,,,,,,,,,,,,,,,,,,,,,,,,,,T1,,,,,,,
46199,0.016,0.2,,0.019,0.336,,,,-0.059,,,,,,,,,,,,,,,,,,,,,,,,,,,,,,,,,,,,,,,,,,,,,,,,,,,,,,,,,,,,,,,,,,,0.058,0.061,0.063,0.058,-0.039,-0.02,0.043,0.0,0.003,0.0,0.009,0.013,-0.029,0.0,,0.0,,,,,,,,,,0,920.93,920.94,,920.96,,,,,,,,,,,,,,,,,,,,,,,,,,,923.51,923.51,923.51,923.51,923.51,,,,,,,,,,,,,,,,,,,,,,,,,,,,,,,,,,,,,,,,,,,,,
14943,0.056,0.077,,0.119,,0.067,,,,,,,,,,,,,,,,,,,,,,,,,,,,,,,,,,,,,,,,,,,,,,,,,,,,,,,,,,,,,,,,,,,,,,0.16,0.125,0.057,0.16,-0.016,0.191,-0.065,0.0,-0.013,0.0,0.013,0.013,-0.029,0.0,,0.0,,,,,,,,,,0,819.95,819.95,819.97,,,,,,,,,,,,,,,,,,,,,,,,,,,,824.01,824.01,824.02,824.02,824.02,,,,,,,,,,,,,,,,,,,,,,,,,,,,,,,,,,,,,,T1,,,,,,,
44258,0.088,0.265,,0.019,,,-0.037,0.002,,,,,,,,,,,,,,,,,,,,,,,,,,,,,,,,,,,,,,,,,,,,,,,,,,,,,,,,,,,,,,,0.068,-0.087,,,,-0.056,0.017,0.063,-0.056,-0.043,0.007,-0.092,0.0,-0.001,0.0,0.016,0.013,-0.119,0.0,0.0,0.0,,,,,,,,,,0,1126.39,1126.39,,,,,,,,,,,,,,,,,,,,,,,,,,,1127.03,,1129.79,1129.79,1129.8,1129.8,1129.8,1130.03,,,,,,,,,,,,,,,,,,,,,,,,,,,,,,,,,,,,,T1,,,,,,,
14665,0.03,0.125,0.0,,-0.164,,-0.022,-0.001,,,,,,,,,,,,,,,,,,,,,,,,,,,,,,,,,,,,,,,,,,,,,,,,,,,,,,,,,,,,,,,,,,,,-0.132,0.042,0.104,-0.132,-0.047,-0.072,0.016,0.0,-0.014,0.0,0.012,0.013,-0.165,0.0,0.0,0.0,,,,,,,,,,0,1691.96,,,,,,,,,,,,,,,,,,,,,,,,,,,,,,1698.37,1698.37,1698.38,1698.38,1698.38,1698.41,,,,,,,,,,,,,,,,,,,,,,,,,,,,,,,,,,,,,T1,,,,,,,
51113,,,,,,,,,,,,,,,,,,,,,,,,,,,,,,,,,,,,,,,,,,,,,,,,,,,,,,,,,-0.078,,,,,,,,0.03,0.001,,,,0.04,0.298,-0.104,,,,-0.132,-0.034,0.063,-0.132,0.051,-0.072,-0.065,0.0,0.033,0.0,0.017,0.013,-0.119,0.0,,0.0,,,,,,,,,,0,,,,,,,,,,,,,,,,,,,,,,,,,,990.01,,990.01,1002.68,,1006.36,1006.36,1006.36,1006.36,1006.36,,,,,,,,,,,,,,,,,,,,,,,,,,,,,,,,,,T1,,,,T1,,,,,,,
21846,0.043,0.072,0.0,,0.336,,-0.069,-0.001,,,,,,,,,,,,,,,,,,,,,,,,,,,,,,,,,,,,,,,,,,,,,,,,,,,,,,,,,,,,,,,,,,,,-0.157,-0.149,0.082,-0.157,-0.051,0.007,0.016,0.0,-0.003,0.0,0.013,0.013,-0.074,0.0,,0.0,,,,,,,,,,0,1323.71,,,,,,,,,,,,,,,,,,,,,,,,,,,,,,1326.19,1326.19,1326.19,1326.19,1326.19,,,,,,,,,,,,,,,,,,,,,,,,,,,,,,,,,,,,,,T1,,,,,,,
48399,0.088,-0.019,,0.019,0.336,-0.02,,,,,,,,,,,,,,,,,,,,,,,,,,,,,,,,,,,,,,,,,,,,,,,,,,,,,,,,,,,,,,,,,,,-0.035,,,-0.081,-0.015,0.082,-0.081,-0.067,0.138,0.043,0.0,-0.012,0.0,0.012,0.013,0.199,0.0,0.0,0.0,,,,,,,,,,0,1274.92,1274.93,1275.17,,,,,,,,,,,,,,,,,,,,,,,,,,,,1297.76,1297.76,1297.77,1297.77,1297.77,1297.8,,,,,,,,,,,,,,,,,,,,,,,,,,,,,,,,,,,,,T1,,,,,,,
40668,0.043,0.265,0.0,,,,,,0.084,,,,,,,,,,,,,,,,,,,,,,,,,,,,,,,,,,,,,,,,,,,,,,,,,,,,,,,,,,,,,,,,,,,0.067,0.011,-0.702,0.067,0.125,0.164,,,,,0.012,0.013,0.062,0.0,,0.0,,,,,,,,,,0,96.45,,,96.48,,,,,,,,,,,,,,,,,,,,,,,,,,,99.22,99.22,99.22,,99.22,,,,,,,,,,,,,,,,,,,,,,,,,,,,,,,,,,,,,,T1,,,,,,,
35533,-0.029,-0.137,0.0,,,,0.137,0.002,,,,,,,,,,,,,,,,,,,,,,,,,,,,,,,,,,,,,,,,,,,,,,,,,,,,,,,,,,,,,,,-0.022,-0.127,,,,0.18,-0.206,-0.68,0.18,0.078,-0.125,,,,,0.012,0.013,0.062,0.0,0.0,0.0,,,,,,,,,,0,18.02,,,,,,,,,,,,,,,,,,,,,,,,,,,,19.98,,23.62,23.62,23.62,,23.62,23.64,,,,,,,,,,,,,,,,,,,,,,,,,,,,,,,,,,,,,T1,,,,,,,
13988,-0.029,-0.153,0.0,,-0.164,,,,0.086,,,,,,,,,,,,,,,,,,,,,,,,,,,,,,,,,,,,,,,,,,,,,,,,,,,,,,,,,,,,,,,,,,,-0.223,0.202,0.037,-0.223,-0.027,-0.23,,,,,0.009,0.013,-0.165,0.0,0.0,0.0,,,,,,,,,,0,401.94,,,401.96,,,,,,,,,,,,,,,,,,,,,,,,,,,402.46,402.46,402.47,,402.47,402.48,,,,,,,,,,,,,,,,,,,,,,,,,,,,,,,,,,,,,T1,,,,,,,
56596,0.18,-0.019,0.0,,-0.164,,,,-0.092,,,,,,,,,,,,,,,,,,,,,,,,,,,,,,,,,,,,,,,,,,,,,,,,,,,,,,,,,,,,,,,,,,,-0.132,0.074,0.104,-0.132,-0.055,0.191,0.151,0.0,0.012,0.0,0.016,0.013,-0.165,0.0,,0.0,,,,,,,,,,1,1633.62,,,1633.65,,,,,,,,,,,,,,,,,,,,,,,,,,,1636.24,1636.24,1636.25,1636.25,1636.25,,,,,,,,,,,,,,,,,,,,,,,,,,,,,,,,,,,,,,T1,,,,,,,
16873,-0.14,-0.067,0.0,,0.336,,,,0.03,,,,,,,,,,,,,,,,,,,,,,,,,,,,,,,,,,,,,,,,,,,,,,,,,,,,,,,,,,,,,,,,,,,-0.106,-0.009,0.104,-0.106,-0.059,0.086,0.07,0.0,0.004,0.0,0.014,0.013,-0.029,0.0,0.0,0.0,,,,,,,,,,0,1508.46,,,1508.48,,,,,,,,,,,,,,,,,,,,,,,,,,,1511.07,1511.07,1511.08,1511.08,1511.08,1511.09,,,,,,,,,,,,,,,,,,,,,,,,,,,,,,,,,,,,,T1,,,,,,,
56832,,,,,,,,,,-0.006,-0.034,,-0.01,,,0.053,,,,,,,,,,,,,,,,,,,,,,,,,,,,,,,,,,,,,,,,,,,,,,,,,,,,,,,,,,,,-0.25,-0.015,0.06,-0.25,-0.02,-0.178,,,,,0.009,0.013,-0.074,0.0,,0.0,,,,,,,,,,0,,,,,,,,,,,,,,,,,,,,,,,,,,,,,,,180.94,180.94,180.95,,180.95,,,,,,,,,,,,,,,,,,,,,,,,,,,,,,,,,,,,,,T1,,,,,,,
5974,,,,,,,,,,,,,,,,,,,,,,,,,,,,,,,,,,,-0.065,-0.008,0.06,,-0.047,,-0.133,,,,,,,,,,,,,,,,,,,,,,,,,,,,,,-0.031,-0.048,,,,0.058,-0.034,0.057,0.058,0.008,0.322,-0.065,0.0,0.004,0.0,0.011,0.013,-0.165,0.0,,0.0,,,,,,,,,,1,,,,,,,,,,,,,,773.18,773.2,773.2,,,,,,,,,,,,,784.91,,787.71,787.71,787.71,787.71,787.71,,,,,,,,,,,,,,,,,,,,,T1,,,,,,,,,,,,,,,,,,,,,,,,
44625,0.023,0.104,0.0,,0.336,0.057,,,,,,,,,,,,,,,,,,,,,,,,,,,,,,,,,,,,,,,,,,,,,,,,,,,,,,,,,,,,,,,,,,,-0.035,,,0.084,-0.079,0.057,0.084,-0.004,0.059,-0.065,0.0,0.014,0.0,0.016,0.013,-0.119,0.0,,0.0,,,,,,,,,,0,895.4,,895.47,,,,,,,,,,,,,,,,,,,,,,,,,,,,902.86,902.86,902.86,902.86,902.86,,,,,,,,,,,,,,,,,,,,,,,,,,,,,,,,,,,,,,T1,,,,,,,
8314,0.069,0.115,,0.019,,,,,-0.048,,,,,,,,,,,,,,,,,,,,,,,,,,,,,,,,,,,,,,,,,,,,,,,,,,,,,,,,,,,,,,,,-0.035,,,0.033,0.042,0.063,0.033,-0.043,-0.02,0.016,0.0,0.003,0.0,0.014,0.013,-0.074,0.0,,0.0,,,,,,,,,,0,920.84,920.85,,920.87,,,,,,,,,,,,,,,,,,,,,,,,,,,923.44,923.44,923.45,923.45,923.45,,,,,,,,,,,,,,,,,,,,,,,,,,,,,,,,,,,,,,T1,,,,,,,
54100,-0.01,0.093,,0.119,,,-0.014,0.001,,,,,,,,,,,,,,,,,,,,,,,,,,,,,,,,,,,,,,,,,,,,,,,,,,,,,,,,,,,,,,,0.114,0.037,,,,0.033,0.042,0.057,0.033,-0.024,-0.046,-0.038,0.0,0.012,0.0,0.013,0.013,-0.029,0.0,,0.0,,,,,,,,,,0,838.41,838.42,,,,,,,,,,,,,,,,,,,,,,,,,,,839.34,,880.31,880.31,880.32,880.32,880.32,,,,,,,,,,,,,,,,,,,,,,,,,,,,,,,,,,,,,,,,,,,,,
13012,0.088,-0.03,0.0,,,,-0.077,-0.002,,,,,,,,,,,,,,,,,,,,,,,,,,,,,,,,,,,,,,,,,,,,,,,,,,,,,,,,,,,,,,,,,,,,-0.106,0.017,0.104,-0.106,-0.016,0.086,-0.011,0.0,0.012,0.0,0.016,0.013,-0.074,0.0,0.0,0.0,,,,,,,,,,0,1650.85,,,,,,,,,,,,,,,,,,,,,,,,,,,,,,1659.02,1659.02,1659.02,1659.02,1659.02,1659.04,,,,,,,,,,,,,,,,,,,,,,,,,,,,,,,,,,,,,T1,,,,,,,
916,,,,,,,,,,,,,,,,,,,,,,,,,,,-0.021,-0.17,-0.392,,,-0.113,,-0.027,,,,,,,,,,,,,,,,,,,,,,,,,,,,,,,,,,,,,,,-0.035,,,0.058,-0.015,0.057,0.058,-0.035,-0.125,-0.065,0.0,-0.004,0.0,0.011,0.013,-0.165,0.0,,0.0,,,,,,,,,,0,,,,,,,,,,,721.54,721.54,721.55,,,,,,,,,,,,,,,,,,757.76,757.76,757.76,757.76,757.76,,,,,,,,,,,,,,,,,,T1,,,,,,,,,,,,,,,,,,,,T1,,,,,,,
6465,-0.088,0.045,,0.019,-0.164,,,,0.086,,,,,,,,,,,,,,,,,,,,,,,,,,,,,,,,,,,,,,,,,,,,,,,,,,,,,,,,,,,,,,,,,,,-0.233,-0.047,0.082,-0.233,-0.051,0.164,-0.065,0.0,-0.003,0.0,0.011,0.013,-0.301,0.0,0.0,0.0,,,,,,,,,,0,1392.09,1392.1,,1392.12,,,,,,,,,,,,,,,,,,,,,,,,,,,1393.59,1393.59,1393.6,1393.6,1393.6,1393.62,,,,,,,,,,,,,,,,,,,,,,,,,,,,,,,,,,,,,T1,,,,,,,
41370,,,,,,,,,,-0.01,,0.25,,0.004,0.111,,,,,,,,,,,,,,,,,,,,,,,,,,,,,,,,,,,,,,,,,,,,,,,,,,,,,,,,,,,,,0.156,-0.104,0.037,0.156,0.125,0.059,,,,,0.013,0.013,0.062,0.0,,0.0,,,,,,,,,,0,,,,,319.61,319.63,,,,,,,,,,,,,,,,,,,,,,,,,321.17,321.17,321.17,,321.17,,,,,,,,,,,,,,,,,,,,,,,,,,,,,,,,,,,,,,,,,,,,,
11253,-0.16,-0.169,,0.019,,,,,0.032,,,,,,,,,,,,,,,,,,,,,,,,,,,,,,,,,,,,,,,,,,,,,,,,,,,,,,,,,,,,,,,,,,,-0.235,0.03,0.015,-0.235,0.114,0.191,,,,,0.011,0.013,0.153,0.0,,0.0,,,,,,,,,,0,236.21,236.21,,236.24,,,,,,,,,,,,,,,,,,,,,,,,,,,237.89,237.89,237.89,,237.89,,,,,,,,,,,,,,,,,,,,,,,,,,,,,,,,,,,,,,T1,,,,,,,
12696,0.03,0.184,,-0.081,-0.164,0.026,,,,,,,,,,,,,,,,,,,,,,,,,,,,,,,,,,,,,,,,,,,,,,,,,,,,,,,,,,,,,,,,,,,,,,0.142,-0.174,-0.702,0.142,,-0.151,,,,,0.009,0.013,0.199,0.0,,0.0,,,,,,,,,,0,79.71,79.71,79.86,,,,,,,,,,,,,,,,,,,,,,,,,,,,82.76,82.76,82.77,,82.77,,,,,,,,,,,,,,,,,,,,,,,,,,,,,,,,,,,,,,T1,,,,,,,
16885,-0.023,-0.19,0.0,,,-0.032,,,,,,,,,,,,,,,,,,,,,,,,,,,,,,,,,,,,,,,,,,,,,,,,,,,,,,,,,,,,,,,,,,,,,,-0.005,-0.002,0.104,-0.005,-0.008,-0.099,0.016,0.0,0.004,0.0,0.012,0.013,0.062,0.0,,0.0,,,,,,,,,,0,1616.71,,1616.73,,,,,,,,,,,,,,,,,,,,,,,,,,,,1618.88,1618.88,1618.89,1618.89,1618.89,,,,,,,,,,,,,,,,,,,,,,,,,,,,,,,,,,,,,,,,,,,,,
33658,0.121,-0.078,0.0,,,0.044,,,,,,,,,,,,,,,,,,,,,,,,,,,,,,,,,,,,,,,,,,,,,,,,,,,,,,,,,,,,,,,,,,,,,,0.045,-0.079,0.082,0.045,0.016,-0.072,,,,,0.009,0.013,0.062,0.0,,0.0,,,,,,,,,,0,487.11,,487.64,,,,,,,,,,,,,,,,,,,,,,,,,,,,488.61,488.61,488.61,,488.61,,,,,,,,,,,,,,,,,,,,,,,,,,,,,,,,,,,,,,T1,,,,,,,
54571,,,,,,,,,,,,,,,,,,,,,,,,,,,,,,,,,,,,,,,,,,0.012,,,-0.032,,-0.082,-0.141,,,,,,,,,,,,,,,,,,,,,,,-0.048,0.077,,,,-0.106,-0.028,0.063,-0.106,-0.035,-0.02,-0.038,0.0,-0.014,0.0,0.013,0.013,-0.074,0.0,,0.0,,,,,,,,,,0,,,,,,,,,,,,,,,,,1048.47,1048.59,1048.59,,,,,,,,,,1071.9,,1078.34,1078.34,1078.34,1078.34,1078.34,,,,,,,,,,,,,,,,,,,,,,,,,,,,,,,,,,,,,,,,,,,,,
56329,0.016,-0.056,0.0,,,0.058,,,,,,,,,,,,,,,,,,,,,,,,,,,,,,,,,,,,,,,,,,,,,,,,,,,,,,,,,,,,,,,,,,,,,,-0.106,-0.06,0.104,-0.106,-0.047,-0.02,-0.011,0.0,-0.013,0.0,0.011,0.013,0.017,0.0,0.0,0.0,,,,,,,,,,0,1650.54,,1650.58,,,,,,,,,,,,,,,,,,,,,,,,,,,,1652.8,1652.8,1652.81,1652.81,1652.81,1652.82,,,,,,,,,,,,,,,,,,,,,,,,,,,,,,,,,,,,,,,,,,,,
57539,-0.029,-0.19,0.0,,-0.164,,-0.008,-0.001,,,,,,,,,,,,,,,,,,,,,,,,,,,,,,,,,,,,,,,,,,,,,,,,,,,,,,,,,,,,,,,,,,,,-0.043,0.138,0.057,-0.043,0.016,0.086,-0.038,0.0,-0.012,0.0,0.014,0.013,-0.21,0.0,,0.0,,,,,,,,,,0,622.32,,,,,,,,,,,,,,,,,,,,,,,,,,,,,,625.29,625.29,625.3,625.3,625.3,,,,,,,,,,,,,,,,,,,,,,,,,,,,,,,,,,,,,,T1,,,,,,,
47587,0.082,0.216,,-0.081,-0.164,,,,-0.059,,,,,,,,,,,,,,,,,,,,,,,,,,,,,,,,,,,,,,,,,,,,,,,,,,,,,,,,,,,,,,,,,,,-0.031,0.023,0.104,-0.031,-0.086,0.033,0.016,0.0,-0.004,0.0,0.009,0.013,0.108,0.0,,0.0,,,,,,,,,,0,1468.08,1468.09,,1468.11,,,,,,,,,,,,,,,,,,,,,,,,,,,1477.38,1477.38,1477.39,1477.39,1477.39,,,,,,,,,,,,,,,,,,,,,,,,,,,,,,,,,,,,,,T1,,,,,,,
35379,0.016,-0.153,,-0.081,,,,,0.051,,,,,,,,,,,,,,,,,,,,,,,,,,,,,,,,,,,,,,,,,,,,,,,,,,,,,,,,,,,,,,,,,,,-0.3,0.144,-0.752,-0.3,,0.138,,,,,0.009,0.013,-0.165,0.0,0.0,0.0,,,,,,,,,,0,172.19,172.21,,172.23,,,,,,,,,,,,,,,,,,,,,,,,,,,173.85,173.85,173.86,,173.86,173.88,,,,,,,,,,,,,,,,,,,,,,,,,,,,,,,,,,,,,T1,,,,,,,
47323,,,,,,,,,,-0.002,-0.034,,-0.01,-0.077,0.025,,,,,,,,,,,,,,,,,,,,,,,,,,,,,,,,,,,,,,,,,,,,,,,,,,,,,,,,,,,,,0.02,-0.047,0.082,0.02,-0.063,-0.151,0.07,0.0,-0.012,0.0,0.014,0.013,,0.0,0.0,0.0,,,,,,,,,,0,,,,,,1277.72,,,,,,,,,,,,,,,,,,,,,,,,,1290.86,1290.86,1290.86,1290.86,1290.86,1290.97,,,,,,,,,,,,,,,,,,,,,,,,,,,,,,,,,,,,,,,,,,,,
38087,,,,,,,,,,,,,,,,,,,,,,,,,,,,,,,,,,,0.1,-0.008,0.047,,-0.029,,-0.012,,,,,,,,,,,,,,,,,,,,,,,,,,,,,,-0.195,0.028,,,,-0.043,0.004,0.057,-0.043,-0.016,0.059,-0.119,0.0,-0.004,0.0,0.016,0.013,-0.029,0.0,0.0,0.0,,,,,,,,,,0,,,,,,,,,,,,,,758.67,758.69,758.69,,,,,,,,,,,,,773.55,,776.42,776.42,776.43,776.43,776.43,776.44,,,,,,,,,,,,,,,,,,,,T1,,,,,,,,,,,,,,,,,T1,,,,,,,
9310,,,,,,,,,,,,,,,,,,,,,,,,,,,,,,,,,,,-0.274,,,0.037,-0.011,,-0.116,,,,,,,,,,,,,,,,,,,,,,,,,,,,,,,,-0.035,,,0.033,-0.04,0.057,0.033,,-0.02,-0.119,0.0,0.012,0.0,0.01,0.013,-0.074,0.0,0.0,0.0,,,,,,,,,,1,,,,,,,,,,,,,,792.23,,792.25,,,,,,,,,,,,,,,800.65,800.65,800.65,800.65,800.65,800.69,,,,,,,,,,,,,,,,,,,,T1,,T1,,,,,,,,,,,,,,,,,,,,,,
17859,0.186,0.04,,0.019,0.336,0.061,,,,,,,,,,,,,,,,,,,,,,,,,,,,,,,,,,,,,,,,,,,,,,,,,,,,,,,,,,,,,,,,,,,,,,0.045,0.03,0.063,0.045,-0.043,0.164,-0.119,0.0,-0.004,0.0,0.012,0.013,0.153,0.0,0.0,0.0,,,,,,,,,,0,1148.87,1148.87,1148.9,,,,,,,,,,,,,,,,,,,,,,,,,,,,1153.78,1153.78,1153.79,1153.79,1153.79,1153.8,,,,,,,,,,,,,,,,,,,,,,,,,,,,,,,,,,,,,T1,,,,,,,
18594,-0.016,-0.014,0.0,,,,,,-0.013,,,,,,,,,,,,,,,,,,,,,,,,,,,,,,,,,,,,,,,,,,,,,,,,,,,,,,,,,,,,,,,,,,,-0.132,-0.117,0.082,-0.132,-0.063,0.033,0.07,0.0,0.013,0.0,0.013,0.013,-0.165,0.0,0.0,0.0,,,,,,,,,,0,1324.62,,,1324.65,,,,,,,,,,,,,,,,,,,,,,,,,,,1328.78,1328.78,1328.78,1328.78,1328.78,1328.81,,,,,,,,,,,,,,,,,,,,,,,,,,,,,,,,,,,,,T1,,,,,,,
52915,-0.088,-0.211,0.0,,0.336,,,,0.036,,,,,,,,,,,,,,,,,,,,,,,,,,,,,,,,,,,,,,,,,,,,,,,,,,,,,,,,,,,,,,,,,,,-0.235,0.017,0.015,-0.235,0.102,0.086,,,,,0.011,0.013,0.017,0.0,0.0,0.0,,,,,,,,,,0,235.21,,,235.23,,,,,,,,,,,,,,,,,,,,,,,,,,,236.28,236.28,236.29,,236.29,236.3,,,,,,,,,,,,,,,,,,,,,,,,,,,,,,,,,,,,,,,,,,,,
3025,-0.003,0.206,,0.019,,-0.01,,,,,,,,,,,,,,,,,,,,,,,,,,,,,,,,,,,,,,,,,,,,,,,,,,,,,,,,,,,,,,,,,,,,,,-0.157,0.004,0.063,-0.157,-0.035,0.217,0.043,0.0,-0.006,0.0,0.017,0.013,-0.029,0.0,0.0,0.0,,,,,,,,,,0,1092.04,1092.32,1092.35,,,,,,,,,,,,,,,,,,,,,,,,,,,,1093.31,1093.31,1093.31,1093.31,1093.31,1093.35,,,,,,,,,,,,,,,,,,,,,,,,,,,,,,,,,,,,,T1,,,,,,,
14820,-0.114,0.142,0.0,,,,0.024,0.001,,,,,,,,,,,,,,,,,,,,,,,,,,,,,,,,,,,,,,,,,,,,,,,,,,,,,,,,,,,,,,,,,,,,-0.096,-0.053,0.082,-0.096,0.012,0.007,-0.038,0.0,-0.012,0.0,0.014,0.013,-0.029,0.0,,0.0,,,,,,,,,,0,572.09,,,,,,,,,,,,,,,,,,,,,,,,,,,,,,573.06,573.06,573.07,573.07,573.07,,,,,,,,,,,,,,,,,,,,,,,,,,,,,,,,,,,,,,T1,,,,,,,
51508,0.101,0.077,0.0,,0.336,,-0.021,-0.001,,,,,,,,,,,,,,,,,,,,,,,,,,,,,,,,,,,,,,,,,,,,,,,,,,,,,,,,,,,,,,,,,,,,-0.106,0.03,0.063,-0.106,-0.012,-0.072,-0.011,0.0,0.014,0.0,0.011,0.013,0.062,0.0,,0.0,,,,,,,,,,0,975.54,,,,,,,,,,,,,,,,,,,,,,,,,,,,,,978.08,978.08,978.08,978.08,978.08,,,,,,,,,,,,,,,,,,,,,,,,,,,,,,,,,,,,,,T1,,,,,,,
11864,,,,,,,,,,0.022,,0.299,-0.01,,,-0.014,,,,,,,,,,,,,,,,,,,,,,,,,,,,,,,,,,,,,,,,,,,,,,,,,,,,,,,,,,,,-0.132,-0.002,0.104,-0.132,-0.063,-0.125,-0.038,0.0,0.004,0.0,0.01,0.013,-0.029,0.0,,0.0,,,,,,,,,,1,,,,,1615.0,,,,,,,,,,,,,,,,,,,,,,,,,,1616.74,1616.74,1616.75,1616.75,1616.75,,,,,,,,,,,,,,,,,,,,,,,,,,,,,,,,,,,,,,T1,,,,,,,
29678,0.115,0.019,0.0,,,-0.072,,,,,,,,,,,,,,,,,,,,,,,,,,,,,,,,,,,,,,,,,,,,,,,,,,,,,,,,,,,,,,,,,,,,,,-0.106,0.055,0.051,-0.106,-0.043,0.059,-0.011,0.0,-0.014,0.0,0.009,0.013,-0.165,0.0,0.0,0.0,,,,,,,,,,0,1692.53,,1692.58,,,,,,,,,,,,,,,,,,,,,,,,,,,,1709.12,1709.12,1709.12,1709.12,1709.12,1709.14,,,,,,,,,,,,,,,,,,,,,,,,,,,,,,,,,,,,,T1,,,,,,,
7453,,,,,,,,,,-0.002,-0.034,,,,,0.163,,,,,,,,,,,,,,,,,,,,,,,,,,,,,,,,,,,,,,,,,,,,,,,,,,,,,,,,,,,,0.281,0.112,-0.702,0.281,,0.007,,,,,0.012,0.013,0.017,0.0,,0.0,,,,,,,,,,0,,,,,,,,,,,,,,,,,,,,,,,,,,,,,,,73.71,73.71,73.71,,73.71,,,,,,,,,,,,,,,,,,,,,,,,,,,,,,,,,,,,,,T1,,,,,,,
29844,0.043,-0.083,,0.019,-0.164,,-0.121,0.007,,,,,,,,,,,,,,,,,,,,,,,,,,,,,,,,,,,,,,,,,,,,,,,,,,,,,,,,,,,,,,,,,,,,0.269,0.284,0.037,0.269,0.063,0.033,,,,,0.016,0.013,-0.029,0.0,,0.0,,,,,,,,,,0,369.01,369.02,,,,,,,,,,,,,,,,,,,,,,,,,,,,,370.46,370.46,370.47,,370.47,,,,,,,,,,,,,,,,,,,,,,,,,,,,,,,,,,,,,,T1,,,,,,,
16275,-0.042,0.04,0.0,,-0.164,-0.025,,,,,,,,,,,,,,,,,,,,,,,,,,,,,,,,,,,,,,,,,,,,,,,,,,,,,,,,,,,,,,,,,,,,,,-0.081,-0.021,0.063,-0.081,-0.031,0.112,-0.092,0.0,-0.013,0.0,0.012,0.013,0.062,0.0,0.0,0.0,,,,,,,,,,0,971.36,,971.39,,,,,,,,,,,,,,,,,,,,,,,,,,,,973.22,973.22,973.22,973.22,973.22,973.23,,,,,,,,,,,,,,,,,,,,,,,,,,,,,,,,,,,,,T1,,,,,,,
25665,-0.049,-0.024,,0.019,,,-0.018,0.002,,,,,,,,,,,,,,,,,,,,,,,,,,,,,,,,,,,,,,,,,,,,,,,,,,,,,,,,,,,,,,,,,,,,-0.031,0.017,0.063,-0.031,-0.027,-0.046,-0.119,0.0,-0.013,0.0,0.011,0.013,-0.029,0.0,0.0,0.0,,,,,,,,,,0,1112.84,1112.85,,,,,,,,,,,,,,,,,,,,,,,,,,,,,1115.62,1115.62,1115.62,1115.62,1115.62,1115.64,,,,,,,,,,,,,,,,,,,,,,,,,,,,,,,,,,,,,T1,,,,,,,
9523,,,,,,,,,,,,,,,,,,,,,,,,,,,,,,,,,,,-0.035,-0.008,-0.03,,0.007,,0.085,,,,,,,,,,,,,,,,,,,,,,,,,,,,,,-0.004,0.042,,,,0.134,0.1,0.057,0.134,0.137,-0.02,-0.038,0.0,-0.004,0.0,0.013,0.013,0.062,0.0,,0.0,,,,,,,,,,0,,,,,,,,,,,,,,690.13,690.19,690.2,,,,,,,,,,,,,721.74,,724.99,724.99,725.0,725.0,725.0,,,,,,,,,,,,,,,,,,,,,T1,,,,,,,,,,,,,,,,,,,,,,,,
15119,-0.068,-0.206,,-0.081,,,0.055,-0.001,,,,,,,,,,,,,,,,,,,,,,,,,,,,,,,,,,,,,,,,,,,,,,,,,,,,,,,,,,,,,,,,,,,,0.118,0.011,-0.029,0.118,,0.007,,,,,0.01,0.013,-0.029,0.0,0.0,0.0,,,,,,,,,,0,205.16,205.16,,,,,,,,,,,,,,,,,,,,,,,,,,,,,205.94,205.94,205.94,,205.94,205.96,,,,,,,,,,,,,,,,,,,,,,,,,,,,,,,,,,,,,T1,,,,,,,
27189,,,,,,,,,,0.014,,-0.213,,0.02,-0.027,,,,,,,,,,,,,,,,,,,,,,,,,,,,,,,,,,,,,,,,,,,,,,,,,,,,,,,,,,,,,-0.132,-0.034,0.082,-0.132,0.024,0.059,-0.092,0.0,-0.003,0.0,0.012,0.013,-0.165,0.0,,0.0,,,,,,,,,,0,,,,,1309.71,1309.73,,,,,,,,,,,,,,,,,,,,,,,,,1313.93,1313.93,1313.93,1313.93,1313.93,,,,,,,,,,,,,,,,,,,,,,,,,,,,,,,,,,,,,,,,,,,,,
2230,0.023,-0.024,,0.019,0.336,0.014,,,,,,,,,,,,,,,,,,,,,,,,,,,,,,,,,,,,,,,,,,,,,,,,,,,,,,,,,,,,,,,,,,,,,,-0.157,0.023,0.063,-0.157,-0.031,0.27,-0.011,0.0,-0.013,0.0,0.013,0.013,-0.119,0.0,,0.0,,,,,,,,,,0,968.88,968.88,968.92,,,,,,,,,,,,,,,,,,,,,,,,,,,,970.95,970.95,970.96,970.96,970.96,,,,,,,,,,,,,,,,,,,,,,,,,,,,,,,,,,,,,,T1,,,,,,,
2500,,,,,,,,,,,,,,,,,,,,,,,,,,,,,,,,,,,,,,,,,,-0.192,,,0.062,,-0.054,-0.109,,,,,,,,,,,,,,,,,,,,,,,-0.234,-0.061,,,,-0.005,-0.091,0.063,-0.005,-0.027,0.191,-0.146,0.0,0.011,0.0,0.017,0.013,0.062,0.0,,0.0,,,,,,,,,,0,,,,,,,,,,,,,,,,,993.37,993.5,993.5,,,,,,,,,,1013.63,,1020.52,1020.52,1020.52,1020.52,1020.52,,,,,,,,,,,,,,,,,,,,,,,,,,,,,,,,,,,,,,T1,,,,,,,
20221,,,,,,,,,,,,,,,,,,,,,,,,,,,,,,,,,,,0.151,,,-0.126,,0.081,0.036,,,,,,,,,,,,,,,,,,,,,,,,,,,,,,-0.382,0.09,,,,0.033,0.074,0.057,0.033,-0.027,0.112,-0.119,0.0,-0.004,0.0,0.016,0.013,-0.074,0.0,0.0,0.0,,,,,,,,,,0,,,,,,,,,,,,,,743.82,,,,,,,,,,,,,,,761.6,,771.75,771.75,771.76,771.76,771.76,771.78,,,,,,,,,,,,,,,,,,,,T1,,T1,,,,,,,,,,,,,,,,,,,,,,
16875,,,,,,,,,,,,,,,,,,,,,,,,,,,,,,,,,,,,,,,,,,0.101,-0.001,0.001,,-0.014,,-0.148,,,,,,,,,,,,,,,,,,,,,,,,,-0.035,,,-0.132,-0.028,0.063,-0.132,0.004,0.191,-0.092,0.0,-0.013,0.0,0.019,0.013,-0.165,0.0,0.0,0.0,,,,,,,,,,0,,,,,,,,,,,,,,,,,1019.73,,,,,,,,,,,,,,1048.23,1048.23,1048.23,1048.23,1048.23,1048.24,,,,,,,,,,,,,,,,,,,,,,,,,,,,,,,,,,,,,T1,,,,,,,
18103,0.03,-0.244,0.0,,-0.164,-0.02,,,,,,,,,,,,,,,,,,,,,,,,,,,,,,,,,,,,,,,,,,,,,,,,,,,,,,,,,,,,,,,,,,,,,,0.045,0.011,0.104,0.045,0.004,0.086,-0.011,0.0,-0.013,0.0,-0.969,-0.987,0.244,0.0,,0.0,,,,,,,,,,0,1617.17,,1617.21,,,,,,,,,,,,,,,,,,,,,,,,,,,,1624.36,1624.36,1624.43,1624.43,1624.43,,,,,,,,,,,,,,,,,,,,,,,,,,,,,,,,,,,,,,T1,,,,,,,
11729,,,,,,,,,,-0.014,0.066,,,,,,0.048,0.063,,,,,,,,,,,,,,,,,,,,,,,,,,,,,,,,,,,,,,,,,,,,,,,,,,,,,,,,,,-0.031,-0.009,0.063,-0.031,-0.031,0.138,-0.038,0.0,-0.013,0.0,0.016,0.013,-0.029,0.0,0.0,0.0,,,,,,,,,,0,,,,,,,979.53,,,,,,,,,,,,,,,,,,,,,,,,981.29,981.29,981.29,981.29,981.29,981.31,,,,,,,,,,,,,,,,,,,,,,,,,,,,,,,,,,,,,T1,,,,,,,
22451,,,,,,,,,,-0.014,0.066,,-0.01,-0.096,-0.212,,,,,,,,,,,,,,,,,,,,,,,,,,,,,,,,,,,,,,,,,,,,,,,,,,,,,,,,,,,,,0.041,-0.079,-0.702,0.041,0.086,-0.099,,,,,0.01,0.013,-0.029,0.0,,0.0,,,,,,,,,,0,,,,,,87.39,,,,,,,,,,,,,,,,,,,,,,,,,89.71,89.71,89.71,,89.71,,,,,,,,,,,,,,,,,,,,,,,,,,,,,,,,,,,,,,,,,,,,,
27266,0.01,-0.03,0.0,,-0.164,-0.03,,,,,,,,,,,,,,,,,,,,,,,,,,,,,,,,,,,,,,,,,,,,,,,,,,,,,,,,,,,,,,,,,,,,,,0.033,-0.053,0.101,0.033,0.086,-0.125,-0.038,0.0,-0.011,0.0,0.009,0.013,-0.165,0.0,,0.0,,,,,,,,,,0,603.52,,603.55,,,,,,,,,,,,,,,,,,,,,,,,,,,,607.75,607.75,607.77,607.77,607.77,,,,,,,,,,,,,,,,,,,,,,,,,,,,,,,,,,,,,,T1,,,,,,,
13236,,,,,,,,,,,,,,,,,,,,,,,,,,,,,,,,,,,-0.198,-0.008,0.203,,,0.0,0.121,,,,,,,,,,,,,,,,,,,,,,,,,,,,,,-0.172,-0.155,,,,0.155,0.023,0.037,0.155,0.059,-0.099,,,,,0.01,0.013,-0.165,0.0,0.0,0.0,,,,,,,,,,0,,,,,,,,,,,,,,375.44,375.46,,,,,,,,,,,,,,415.91,,423.21,423.21,423.21,,423.21,423.22,,,,,,,,,,,,,,,,,,,,T1,,,,,,,,,,,,,,,,,T1,,,,,,,
57049,0.069,0.27,0.0,,,0.092,,,,,,,,,,,,,,,,,,,,,,,,,,,,,,,,,,,,,,,,,,,,,,,,,,,,,,,,,,,,,,,,,,,,,,-0.132,-0.079,0.104,-0.132,-0.082,0.059,0.016,0.0,-0.004,0.0,0.014,0.013,0.062,0.0,,0.0,,,,,,,,,,0,1467.93,,1467.95,,,,,,,,,,,,,,,,,,,,,,,,,,,,1477.22,1477.22,1477.22,1477.22,1477.22,,,,,,,,,,,,,,,,,,,,,,,,,,,,,,,,,,,,,,,,,,,,,
52313,,,,,,,,,,0.014,-0.034,,,,,0.025,,,,,,,,,,,,,,,,,,,,,,,,,,,,,,,,,,,,,,,,,,,,,,,,,,,,,,,,,,,,-0.255,-0.155,-0.029,-0.255,,0.059,,,,,0.011,0.013,0.108,0.0,0.0,0.0,,,,,,,,,,0,,,,,,,,,,,,,,,,,,,,,,,,,,,,,,,200.8,200.8,200.81,,200.81,200.83,,,,,,,,,,,,,,,,,,,,,,,,,,,,,,,,,,,,,T1,,,,,,,
38307,-0.088,-0.003,,0.019,,,0.008,0.0,,,,,,,,,,,,,,,,,,,,,,,,,,,,,,,,,,,,,,,,,,,,,,,,,,,,,,,,,,,,,,,0.066,-0.033,,,,0.084,0.011,0.063,0.084,-0.016,-0.072,-0.038,0.0,0.004,0.0,0.011,0.013,-0.029,0.0,0.0,0.0,,,,,,,,,,0,946.65,946.66,,,,,,,,,,,,,,,,,,,,,,,,,,,947.09,,955.65,955.65,955.66,955.66,955.66,955.68,,,,,,,,,,,,,,,,,,,,,,,,,,,,,,,,,,,,,T1,,,,,,,
57736,-0.075,-0.003,0.0,,,,,,-0.057,,,,,,,,,,,,,,,,,,,,,,,,,,,,,,,,,,,,,,,,,,,,,,,,,,,,,,,,,,,,,,,,,,,0.134,0.017,0.063,0.134,0.055,0.059,0.043,0.0,0.033,0.0,0.016,0.013,,0.0,,0.0,,,,,,,,,,1,938.54,,,938.57,,,,,,,,,,,,,,,,,,,,,,,,,,,943.59,943.59,943.6,943.6,943.6,,,,,,,,,,,,,,,,,,,,,,,,,,,,,,,,,,,,,,T1,,,,,,,
17322,0.115,-0.11,0.0,,-0.164,-0.082,,,,,,,,,,,,,,,,,,,,,,,,,,,,,,,,,,,,,,,,,,,,,,,,,,,,,,,,,,,,,,,,,,,,,,-0.005,-0.009,0.104,-0.005,-0.094,0.086,0.07,0.0,-0.014,0.0,0.016,0.013,0.108,0.0,0.0,0.0,,,,,,,,,,0,1662.48,,1662.51,,,,,,,,,,,,,,,,,,,,,,,,,,,,1662.69,1662.69,1662.7,1662.7,1662.7,1662.72,,,,,,,,,,,,,,,,,,,,,,,,,,,,,,,,,,,,,T1,,,,,,,
14,,,,,,,,,,-0.01,,0.162,,,,0.012,,,,,,,,,,,,,,,,,,,,,,,,,,,,,,,,,,,,,,,,,,,,,,,,,,,,,,,,,,,,-0.106,0.055,0.104,-0.106,-0.09,0.217,0.124,0.0,0.012,0.0,0.018,0.013,0.017,0.0,0.0,0.0,,,,,,,,,,0,,,,,1662.63,,,,,,,,,,,,,,,,,,,,,,,,,,1664.02,1664.02,1664.03,1664.03,1664.03,1664.04,,,,,,,,,,,,,,,,,,,,,,,,,,,,,,,,,,,,,T1,,,,,,,
13391,,,,,,,,,,,,,,,,,,,,,,,,,,,,,,,,,,,-0.22,-0.008,0.08,,,0.067,-0.009,,,,,,,,,,,,,,,,,,,,,,,,,,,,,,0.179,0.024,,,,0.033,0.042,0.057,0.033,-0.02,-0.072,-0.011,0.0,0.029,0.0,0.012,0.013,-0.074,0.0,0.0,0.0,,,,,,,,,,0,,,,,,,,,,,,,,704.47,704.49,,,,,,,,,,,,,,738.21,,741.77,741.77,741.78,741.78,741.78,741.8,,,,,,,,,,,,,,,,,,,,T1,,,,,,,,,,,,,,,,,T1,,,,,,,
14202,-0.016,0.008,,0.019,,,,,-0.013,,,,,,,,,,,,,,,,,,,,,,,,,,,,,,,,,,,,,,,,,,,,,,,,,,,,,,,,,,,,,,,,,,,-0.056,-0.009,0.082,-0.056,0.043,-0.072,0.097,0.0,-0.012,0.0,0.01,0.013,-0.029,0.0,0.0,0.0,,,,,,,,,,0,1291.53,1291.53,,1291.56,,,,,,,,,,,,,,,,,,,,,,,,,,,1294.77,1294.77,1294.77,1294.77,1294.77,1294.79,,,,,,,,,,,,,,,,,,,,,,,,,,,,,,,,,,,,,,,,,,,,
1076,0.134,0.184,0.0,,,-0.066,,,,,,,,,,,,,,,,,,,,,,,,,,,,,,,,,,,,,,,,,,,,,,,,,,,,,,,,,,,,,,,,,,,,,,-0.157,-0.111,0.082,-0.157,-0.055,0.138,0.016,0.0,0.022,0.0,0.011,0.013,0.017,0.0,,0.0,,,,,,,,,,0,1316.85,,1316.88,,,,,,,,,,,,,,,,,,,,,,,,,,,,1325.62,1325.62,1325.62,1325.62,1325.62,,,,,,,,,,,,,,,,,,,,,,,,,,,,,,,,,,,,,,,,,,,,,
52830,0.082,0.2,0.0,,-0.164,,0.015,-0.001,,,,,,,,,,,,,,,,,,,,,,,,,,,,,,,,,,,,,,,,,,,,,,,,,,,,,,,,,,,,,,,,,,,,-0.157,0.03,0.082,-0.157,-0.082,-0.046,0.016,0.0,-0.012,0.0,0.012,0.013,-0.074,0.0,,0.0,,,,,,,,,,0,1429.84,,,,,,,,,,,,,,,,,,,,,,,,,,,,,,1431.41,1431.41,1431.41,1431.41,1431.41,,,,,,,,,,,,,,,,,,,,,,,,,,,,,,,,,,,,,,T1,,,,,,,
43104,0.141,0.04,0.0,,-0.164,-0.143,,,,,,,,,,,,,,,,,,,,,,,,,,,,,,,,,,,,,,,,,,,,,,,,,,,,,,,,,,,,,,,,,,,,,,-0.056,0.03,0.082,-0.056,-0.075,0.033,0.124,0.0,-0.012,0.0,0.012,0.013,0.108,0.0,,0.0,,,,,,,,,,0,1430.49,,1430.51,,,,,,,,,,,,,,,,,,,,,,,,,,,,1431.23,1431.23,1431.24,1431.24,1431.24,,,,,,,,,,,,,,,,,,,,,,,,,,,,,,,,,,,,,,,,,,,,,
32554,-0.049,-0.062,0.0,,-0.164,,0.065,-0.001,,,,,,,,,,,,,,,,,,,,,,,,,,,,,,,,,,,,,,,,,,,,,,,,,,,,,,,,,,,,,,,,,,,,-0.096,-0.04,0.082,-0.096,0.118,-0.072,0.016,0.0,0.013,0.0,0.013,0.013,0.017,0.0,,0.0,,,,,,,,,,0,569.5,,,,,,,,,,,,,,,,,,,,,,,,,,,,,,571.82,571.82,571.83,571.83,571.83,,,,,,,,,,,,,,,,,,,,,,,,,,,,,,,,,,,,,,T1,,,,,,,
56692,0.023,0.083,0.0,,-0.164,,-0.074,0.0,,,,,,,,,,,,,,,,,,,,,,,,,,,,,,,,,,,,,,,,,,,,,,,,,,,,,,,,,,,,,,,,,,,,0.134,-0.181,0.101,0.134,0.008,-0.02,-0.038,0.0,-0.012,0.0,0.009,0.013,-0.029,0.0,,0.0,,,,,,,,,,0,611.13,,,,,,,,,,,,,,,,,,,,,,,,,,,,,,617.34,617.34,617.35,617.35,617.35,,,,,,,,,,,,,,,,,,,,,,,,,,,,,,,,,,,,,,T1,,,,,,,
41824,0.043,0.243,,0.019,,-0.028,,,,,,,,,,,,,,,,,,,,,,,,,,,,,,,,,,,,,,,,,,,,,,,,,,,,,,,,,,,,,,,,,,,,,,-0.106,-0.072,0.063,-0.106,-0.047,0.138,0.043,0.0,-0.012,0.0,0.014,0.013,-0.165,0.0,0.0,0.0,,,,,,,,,,0,1213.56,1213.57,1213.59,,,,,,,,,,,,,,,,,,,,,,,,,,,,1215.06,1215.06,1215.06,1215.06,1215.06,1215.09,,,,,,,,,,,,,,,,,,,,,,,,,,,,,,,,,,,,,,,,,,,,
34176,-0.082,0.072,,-0.081,,,,,-0.03,,,,,,,,,,,,,,,,,,,,,,,,,,,,,,,,,,,,,,,,,,,,,,,,,,,,,,,,,,,,,,,,,,,-0.146,-0.155,0.082,-0.146,0.102,0.007,-0.065,0.0,0.013,0.0,0.009,0.013,-0.165,0.0,,0.0,,,,,,,,,,0,572.39,572.4,,572.42,,,,,,,,,,,,,,,,,,,,,,,,,,,573.69,573.69,573.69,573.69,573.69,,,,,,,,,,,,,,,,,,,,,,,,,,,,,,,,,,,,,,,,,,,,,
52257,,,,,,,,,,-0.018,,0.051,,,,0.018,,,,,,,,,,,,,,,,,,,,,,,,,,,,,,,,,,,,,,,,,,,,,,,,,,,,,,,,,-0.035,,,0.134,0.042,0.057,0.134,-0.004,-0.099,-0.092,0.0,-0.013,0.0,0.012,0.013,-0.074,0.0,0.0,0.0,,,,,,,,,,1,,,,,839.61,,,,,,,,,,,,,,,,,,,,,,,,,,884.75,884.75,884.76,884.76,884.76,884.78,,,,,,,,,,,,,,,,,,,,,,,,,,,,,,,,,,,,,T1,,,,,,,
34207,0.023,0.077,0.0,,,,,,0.067,,,,,,,,,,,,,,,,,,,,,,,,,,,,,,,,,,,,,,,,,,,,,,,,,,,,,,,,,,,,,,,,,,,-0.106,-0.028,0.082,-0.106,-0.067,0.112,-0.227,0.0,0.022,0.0,0.013,0.013,,0.0,0.0,0.0,,,,,,,,,,1,1394.87,,,1394.9,,,,,,,,,,,,,,,,,,,,,,,,,,,1395.6,1395.6,1395.6,1395.6,1395.6,1395.7,,,,,,,,,,,,,,,,,,,,,,,,,,,,,,,,,,,,,,,,,,,,
28911,0.023,0.2,,0.019,-0.164,-0.094,,,,,,,,,,,,,,,,,,,,,,,,,,,,,,,,,,,,,,,,,,,,,,,,,,,,,,,,,,,,,,,,,0.091,-0.082,,,,0.134,0.023,0.063,0.134,-0.02,0.112,0.043,0.0,0.029,0.0,0.016,0.013,-0.074,0.0,,0.0,,,,,,,,,,0,951.77,951.77,951.8,,,,,,,,,,,,,,,,,,,,,,,,,,952.44,,957.47,957.47,957.47,957.47,957.47,,,,,,,,,,,,,,,,,,,,,,,,,,,,,,,,,,,,,,T1,,,,,,,
47237,-0.101,0.051,0.0,,-0.164,0.003,,,,,,,,,,,,,,,,,,,,,,,,,,,,,,,,,,,,,,,,,,,,,,,,,,,,,,,,,,,,,,,,,,,,,,0.205,-0.079,-0.725,0.205,,-0.02,,,,,0.014,0.013,0.017,0.0,0.0,0.0,,,,,,,,,,0,4.01,,4.04,,,,,,,,,,,,,,,,,,,,,,,,,,,,6.1,6.1,6.1,,6.1,6.11,,,,,,,,,,,,,,,,,,,,,,,,,,,,,,,,,,,,,T1,,,,,,,
26341,0.056,0.008,0.0,,-0.164,,-0.038,0.0,,,,,,,,,,,,,,,,,,,,,,,,,,,,,,,,,,,,,,,,,,,,,,,,,,,,,,,,,,,,,,,,,,,,0.08,-0.009,0.037,0.08,0.067,-0.125,,,,,0.01,0.013,0.017,0.0,,0.0,,,,,,,,,,0,339.03,,,,,,,,,,,,,,,,,,,,,,,,,,,,,,339.97,339.97,339.97,,339.97,,,,,,,,,,,,,,,,,,,,,,,,,,,,,,,,,,,,,,T1,,,,,,,
52491,,,,,,,,,,,,,,,,,,,,,,,,,,,,,,,,,,,,,,,,,,,,,,,,,,,,,,,,,,,,,,,,,,,,,,,,,-0.035,,,0.133,0.093,0.082,0.133,0.035,0.059,,,,,0.012,0.013,-0.074,0.0,,0.0,,,,,,,,,,0,,,,,,,,,,,,,,,,,,,,,,,,,,,,,,,474.86,474.86,474.87,,474.87,,,,,,,,,,,,,,,,,,,,,,,,,,,,,,,,,,,,,,,,,,,,,
52530,,,,,,,,,,-0.006,,-0.36,,,,,-0.006,-0.121,,,,,,,,,,,,,,,,,,,,,,,,,,,,,,,,,,,,,,,,,,,,,,,,,,,,,,,,,,-0.081,-0.104,0.063,-0.081,-0.043,0.243,0.043,0.0,0.02,0.0,0.016,0.013,-0.029,0.0,,0.0,,,,,,,,,,0,,,,,1089.12,,1089.13,,,,,,,,,,,,,,,,,,,,,,,,1090.34,1090.34,1090.34,1090.34,1090.34,,,,,,,,,,,,,,,,,,,,,,,,,,,,,,,,,,,,,,T1,,,,,,,
3228,-0.088,-0.104,,0.019,-0.164,,,,0.036,,,,,,,,,,,,,,,,,,,,,,,,,,,,,,,,,,,,,,,,,,,,,,,,,,,,,,,,,,,,,,,,,,,-0.206,0.068,0.037,-0.206,0.067,-0.02,,,,,0.011,0.013,-0.029,0.0,,0.0,,,,,,,,,,0,256.86,256.87,,256.89,,,,,,,,,,,,,,,,,,,,,,,,,,,257.34,257.34,257.34,,257.34,,,,,,,,,,,,,,,,,,,,,,,,,,,,,,,,,,,,,,,,,,,,,
37276,,,,,,,,,,0.018,-0.034,,,0.036,-0.04,,,,,,,,,,,,,,,,,,,,,,,,,,,,,,,,,,,,,,,,,,,,,,,,,,,,,,,,,,,,,0.02,-0.021,0.104,0.02,-0.082,0.164,-0.011,0.0,0.021,0.0,0.008,0.013,-0.029,0.0,,0.0,,,,,,,,,,1,,,,,,1463.48,,,,,,,,,,,,,,,,,,,,,,,,,1466.87,1466.87,1466.88,1466.88,1466.88,,,,,,,,,,,,,,,,,,,,,,,,,,,,,,,,,,,,,,T1,,,,,,,
51401,,,,,,,,,,,,,,,,,,,,,,,,,,,,,,,,,,,-0.34,-0.008,-0.074,,,-0.027,-0.043,,,,,,,,,,,,,,,,,,,,,,,,,,,,,,-0.019,-0.101,,,,0.121,0.087,0.063,0.121,-0.071,0.112,0.016,0.0,-0.003,0.0,0.018,0.013,0.29,0.0,,0.0,,,,,,,,,,0,,,,,,,,,,,,,,1192.23,1192.25,,,,,,,,,,,,,,1206.05,,1209.52,1209.52,1209.52,1209.52,1209.52,,,,,,,,,,,,,,,,,,,,,T1,,,,,,,,,,,,,,,,,T1,,,,,,,
56474,,,,,,,,,,0.006,-0.034,,,-0.048,-0.178,,,,,,,,,,,,,,,,,,,,,,,,,,,,,,,,,,,,,,,,,,,,,,,,,,,,,,,,,,,,,-0.181,-0.021,0.037,-0.181,0.082,-0.178,,,,,0.013,0.013,-0.074,0.0,,0.0,,,,,,,,,,0,,,,,,250.99,,,,,,,,,,,,,,,,,,,,,,,,,252.03,252.03,252.04,,252.04,,,,,,,,,,,,,,,,,,,,,,,,,,,,,,,,,,,,,,T1,,,,,,,
48258,,,,,,,,,,-0.006,-0.034,,-0.01,0.016,0.206,,,,,,,,,,,,,,,,,,,,,,,,,,,,,,,,,,,,,,,,,,,,,,,,,,,,,,,,,,,,,0.058,0.042,0.057,0.058,0.012,-0.151,0.043,0.0,-0.012,0.0,0.011,0.013,-0.165,0.0,,0.0,,,,,,,,,,0,,,,,,624.62,,,,,,,,,,,,,,,,,,,,,,,,,626.34,626.34,626.35,626.35,626.35,,,,,,,,,,,,,,,,,,,,,,,,,,,,,,,,,,,,,,,,,,,,,
19576,,,,,,,,,,,,,,,,,,,,,,,,,,,,,,,,,,,-0.014,-0.008,-0.019,,,-0.149,-0.06,,,,,,,,,,,,,,,,,,,,,,,,,,,,,,,,-0.035,,,-0.157,-0.155,0.063,-0.157,0.047,0.033,-0.119,0.0,-0.013,0.0,0.012,0.013,-0.029,0.0,,0.0,,,,,,,,,,0,,,,,,,,,,,,,,958.5,958.5,,,,,,,,,,,,,,,,987.84,987.84,987.84,987.84,987.84,,,,,,,,,,,,,,,,,,,,,T1,,,,,,,,,,,,,,,,,T1,,,,,,,
47583,-0.193,-0.088,,0.019,-0.164,-0.138,,,,,,,,,,,,,,,,,,,,,,,,,,,,,,,,,,,,,,,,,,,,,,,,,,,,,,,,,,,,,,,,,,,-0.035,,,0.02,-0.04,0.063,0.02,-0.012,-0.046,-0.038,0.0,-0.012,0.0,0.011,0.013,0.199,0.0,,0.0,,,,,,,,,,0,958.75,958.76,958.77,,,,,,,,,,,,,,,,,,,,,,,,,,,,961.46,961.46,961.47,961.47,961.47,,,,,,,,,,,,,,,,,,,,,,,,,,,,,,,,,,,,,,T1,,,,,,,
58821,0.101,0.056,0.0,,-0.164,,-0.026,-0.001,,,,,,,,,,,,,,,,,,,,,,,,,,,,,,,,,,,,,,,,,,,,,,,,,,,,,,,,,,,,,,,,,,,,,,,,,,,,,,,,,,,,0.0,0.0,0.136,-0.056,,-0.156,0.0,,0.0,0,1398.82,,,,,,,,,,,,,,,,,,,,,,,,,,,,,,,,,,,,1399.12,,1399.13,1399.14,,,,,,,,,,,,,,,,,,,,,,,,,,,,,,,,,,,,,,,,
4699,,,,,,,,,,,,,,,,,,,,,,,,,,,,,,,,,,,,,,,,,,0.069,0.001,-0.002,,,0.117,-0.198,,,,,,,,,,,,,,,,,,,,,,,0.1,-0.048,,,,-0.132,-0.028,0.063,-0.132,0.059,-0.125,-0.065,0.0,-0.013,0.0,0.012,0.013,0.017,0.0,,0.0,,,,,,,,,,0,,,,,,,,,,,,,,,,,976.99,,977.15,,,,,,,,,,992.6,,996.07,996.07,996.07,996.07,996.07,,,,,,,,,,,,,,,,,,,,,,,,,,,,,,,,,,,,,,T1,,,,,,,
20843,,,,,,,,,,-0.002,,-0.092,-0.01,0.03,0.007,,,,,,,,,,,,,,,,,,,,,,,,,,,,,,,,,,,,,,,,,,,,,,,,,,,,,,,,,,,,,,,,,,,,,,,,,,,,,0.0,0.0,-0.181,0.002,,0.226,0.0,,0.0,0,,,,,1277.65,1277.68,,,,,,,,,,,,,,,,,,,,,,,,,,,,,,,1291.19,,1291.21,1291.21,,,,,,,,,,,,,,,,,,,,,,,,,,,,,,,,,,,,,,,,
20925,-0.049,0.067,0.0,,,,,,0.016,,,,,,,,,,,,,,,,,,,,,,,,,,,,,,,,,,,,,,,,,,,,,,,,,,,,,,,,,,,,,,,,,,,-0.106,-0.06,0.082,-0.106,-0.043,0.033,-0.065,0.0,0.022,0.0,0.013,0.013,0.153,0.0,,0.0,,,,,,,,,,1,1265.45,,,1265.48,,,,,,,,,,,,,,,,,,,,,,,,,,,1275.86,1275.86,1275.86,1275.86,1275.86,,,,,,,,,,,,,,,,,,,,,,,,,,,,,,,,,,,,,,T1,,,,,,,
52248,,,,,,,,,,,,,,,,,,,,,,,,,,,,,,,,,,,,,,,,,,,,,,,,,,0.022,,,,,,,,,,,,,,,-0.02,,0.063,-0.027,,0.016,-0.058,0.077,,,,-0.031,-0.034,0.063,-0.031,0.047,0.033,-0.065,0.0,-0.013,0.0,0.013,0.013,,,,0.0,,,,,,,,,,1,,,,,,,,,,,,,,,,,,,,1003.75,,,,,,1009.46,1009.46,1009.46,1028.74,,1041.07,1041.07,1041.08,1041.08,1041.08,,,,,,,,,,,,,,,,,,,,,,,,,,,,,,,,,,T1,,,,T1,,,,,,,
27315,-0.127,-0.056,0.0,,0.336,,,,-0.021,,,,,,,,,,,,,,,,,,,,,,,,,,,,,,,,,,,,,,,,,,,,,,,,,,,,,,,,,,,,,,,,,,,-0.081,0.011,0.104,-0.081,-0.09,0.112,0.124,0.0,-0.004,0.0,0.009,0.013,-0.029,,,0.0,,,,,,,,,,0,1518.08,,,1518.11,,,,,,,,,,,,,,,,,,,,,,,,,,,1525.82,1525.82,1525.83,1525.83,1525.83,,,,,,,,,,,,,,,,,,,,,,,,,,,,,,,,,,,,,,T1,,,,,,,
25266,-0.016,0.019,0.0,,0.336,-0.019,,,,,,,,,,,,,,,,,,,,,,,,,,,,,,,,,,,,,,,,,,,,,,,,,,,,,,,,,,,,,,,,,,,,,,-0.056,-0.015,0.082,-0.056,-0.063,-0.151,0.097,0.0,0.013,0.0,0.011,0.013,0.017,0.0,,0.0,,,,,,,,,,0,1324.32,,1324.37,,,,,,,,,,,,,,,,,,,,,,,,,,,,1328.41,1328.41,1328.42,1328.42,1328.42,,,,,,,,,,,,,,,,,,,,,,,,,,,,,,,,,,,,,,T1,,,,,,,
20142,,,,,,,,,,,,,,,,,,,,,,,,,,,-0.141,0.225,0.186,,,,0.11,0.049,,,,,,,,,,,,,,,,,,,,,,,,,,,,,,,,,,,,,,,-0.035,,,0.058,-0.009,0.057,0.058,-0.039,0.033,0.043,0.0,-0.004,0.0,0.018,0.013,-0.074,0.0,,0.0,,,,,,,,,,0,,,,,,,,,,,721.35,721.41,,,,,,,,,,,,,,,,,,,757.78,757.78,757.78,757.78,757.78,,,,,,,,,,,,,,,,,,T1,,,,,,,,,,,,,,,,,,,,,,,,,,,
31855,,,,,,,,,,-0.018,-0.034,,-0.01,,,0.007,,,,,,,,,,,,,,,,,,,,,,,,,,,,,,,,,,,,,,,,,,,,,,,,,,,,,,,,,,,,0.16,-0.053,0.057,0.16,-0.027,0.033,-0.038,0.0,-0.013,0.0,0.016,0.013,0.062,0.0,,0.0,,,,,,,,,,0,,,,,,,,,,,,,,,,,,,,,,,,,,,,,,,891.63,891.63,891.63,891.63,891.63,,,,,,,,,,,,,,,,,,,,,,,,,,,,,,,,,,,,,,T1,,,,,,,
15932,,,,,,,,,,0.014,,-0.011,,0.115,0.019,,,,,,,,,,,,,,,,,,,,,,,,,,,,,,,,,,,,,,,,,,,,,,,,,,,,,,,,,,,,,-0.132,-0.015,0.082,-0.132,0.047,-0.072,0.07,0.0,-0.003,0.0,0.014,0.013,-0.165,0.0,,0.0,,,,,,,,,,0,,,,,1309.7,1309.72,,,,,,,,,,,,,,,,,,,,,,,,,1313.92,1313.92,1313.93,1313.93,1313.93,,,,,,,,,,,,,,,,,,,,,,,,,,,,,,,,,,,,,,T1,,,,,,,
3055,,,,,,,,,,,,,,,,,,,,,,,,,,,0.136,0.014,,0.034,-0.105,-0.132,,-0.13,,,,,,,,,,,,,,,,,,,,,,,,,,,,,,,,,,,,,0.304,-0.138,,,,-0.132,-0.13,0.063,-0.132,-0.024,-0.046,0.016,0.0,0.008,0.0,0.016,0.013,0.017,0.0,0.0,0.0,,,,,,,,,,0,,,,,,,,,,,991.88,,991.9,,,,,,,,,,,,,,,,1003.08,,1007.14,1007.14,1007.15,1007.15,1007.15,1007.16,,,,,,,,,,,,,,,,,,,,,,,,,,,,,,,,,,,,,T1,,,,,,,
28007,-0.042,0.072,,0.019,-0.164,,,,0.023,,,,,,,,,,,,,,,,,,,,,,,,,,,,,,,,,,,,,,,,,,,,,,,,,,,,,,,,,,,,,,,,,,,-0.08,-0.047,0.082,-0.08,0.09,0.007,-0.065,0.0,-0.012,0.0,0.01,0.013,-0.074,0.0,,0.0,,,,,,,,,,0,558.04,558.05,,558.07,,,,,,,,,,,,,,,,,,,,,,,,,,,559.15,559.15,559.16,559.16,559.16,,,,,,,,,,,,,,,,,,,,,,,,,,,,,,,,,,,,,,T1,,,,,,,
4978,,,,,,,,,,,,,,,,,,,,,,,,,,,,,,,,,,,,,,,,,,,,,,,,,,,,,-0.007,,-0.119,0.19,,,,,,,,,,,,,,,-0.177,-0.035,,,,0.084,0.125,0.057,0.084,0.082,-0.151,-0.065,0.0,-0.004,0.0,0.017,0.013,-0.029,0.0,0.0,0.0,,,,,,,,,,1,,,,,,,,,,,,,,,,,,,,,,680.68,,,,,,,717.57,,721.65,721.65,721.65,721.65,721.65,721.67,,,,,,,,,,,,,,,,,,,,,,,,,,,,,,,,,,,,,T1,,,,,,,
53959,0.043,0.077,0.0,,-0.164,,-0.056,0.001,,,,,,,,,,,,,,,,,,,,,,,,,,,,,,,,,,,,,,,,,,,,,,,,,,,,,,,,,,,,,,,,,,,,0.058,-0.034,0.101,0.058,0.027,-0.099,-0.011,0.0,-0.012,0.0,0.011,0.013,-0.074,0.0,0.0,0.0,,,,,,,,,,0,603.78,,,,,,,,,,,,,,,,,,,,,,,,,,,,,,607.98,607.98,607.98,607.98,607.98,607.99,,,,,,,,,,,,,,,,,,,,,,,,,,,,,,,,,,,,,,,,,,,,
3277,-0.029,-0.099,,0.019,,,,,-0.016,,,,,,,,,,,,,,,,,,,,,,,,,,,,,,,,,,,,,,,,,,,,,,,,,,,,,,,,,,,,,,,,,,,0.058,0.195,0.057,0.058,0.02,0.007,-0.011,0.0,0.021,0.0,0.016,0.013,-0.119,0.0,,0.0,,,,,,,,,,0,695.66,695.67,,695.69,,,,,,,,,,,,,,,,,,,,,,,,,,,702.9,702.9,702.9,702.9,702.9,,,,,,,,,,,,,,,,,,,,,,,,,,,,,,,,,,,,,,T1,,,,,,,
13497,,,,,,,,,,,,,,,,,,,,,,,,,,,,,,,,,,,,,,,,,,,,,,,,,,,,,,,,,-0.083,,,,,,,,-0.17,0.0,,,0.131,0.104,-0.07,-0.066,,,,0.02,-0.066,0.063,0.02,0.09,0.086,-0.038,0.0,-0.014,0.0,0.014,0.013,0.199,0.0,,0.0,,,,,,,,,,0,,,,,,,,,,,,,,,,,,,,,,,,,,1001.24,,1001.37,1015.02,,1026.92,1026.92,1026.92,1026.92,1026.92,,,,,,,,,,,,,,,,,,,,,,,,,,,,,,,,,,,,,,,,,,,,,
41568,,,,,,,,,,,,,,,,,,,,,,,,,,,,,,,,,,,0.074,-0.008,0.054,,-0.102,,-0.049,,,,,,,,,,,,,,,,,,,,,,,,,,,,,,,,-0.035,,,0.058,-0.091,0.057,0.058,-0.027,0.191,-0.038,0.0,0.021,0.0,0.011,0.013,-0.029,0.0,,0.0,,,,,,,,,,0,,,,,,,,,,,,,,762.52,762.58,762.58,,,,,,,,,,,,,,,778.5,778.5,778.51,778.51,778.51,,,,,,,,,,,,,,,,,,,,,T1,,,,,,,,,,,,,,,,,,,,,,,,
11419,,,,,,,,,,,,,,,,,,,,,,,,,,,,,,,,,,,0.287,-0.064,-0.096,,-0.174,,0.03,,,,,,,,,,,,,,,,,,,,,,,,,,,,,,0.123,-0.142,,,,-0.081,-0.028,0.063,-0.081,-0.051,-0.046,-0.011,0.0,0.013,0.0,0.014,0.013,-0.074,0.0,,0.0,,,,,,,,,,0,,,,,,,,,,,,,,1179.08,1179.1,1179.11,,,,,,,,,,,,,1190.78,,1197.08,1197.08,1197.09,1197.09,1197.09,,,,,,,,,,,,,,,,,,,,,T1,,,,,,,,,,,,,,,,,T1,,,,,,,
15863,,,,,,,,,,,,,,,,,,,,,,,,,,,,,,,,,,,-0.19,,,0.004,,-0.115,-0.068,,,,,,,,,,,,,,,,,,,,,,,,,,,,,,-0.248,0.076,,,,-0.005,-0.021,0.063,-0.005,-0.051,0.138,0.016,0.0,-0.012,0.0,0.012,0.013,0.108,0.0,,0.0,,,,,,,,,,0,,,,,,,,,,,,,,1188.74,,,,,,,,,,,,,,,1193.5,,1204.55,1204.55,1204.55,1204.55,1204.55,,,,,,,,,,,,,,,,,,,,,T1,,T1,,,,,,,,,,,,,,,T1,,,,,,,
42583,-0.042,-0.03,0.0,,,-0.062,,,,,,,,,,,,,,,,,,,,,,,,,,,,,,,,,,,,,,,,,,,,,,,,,,,,,,,,,,,,,,,,,0.181,0.252,,,,-0.031,-0.002,0.082,-0.031,-0.071,0.086,-0.065,0.0,-0.003,0.0,0.014,0.013,0.153,0.0,,0.0,,,,,,,,,,0,1362.78,,1362.82,,,,,,,,,,,,,,,,,,,,,,,,,,1362.89,,1364.68,1364.68,1364.68,1364.68,1364.68,,,,,,,,,,,,,,,,,,,,,,,,,,,,,,,,,,,,,,,,,,,,,
55379,-0.003,-0.062,,0.019,0.336,,0.016,0.004,,,,,,,,,,,,,,,,,,,,,,,,,,,,,,,,,,,,,,,,,,,,,,,,,,,,,,,,,,,,,,,,,,,,,,,,,,,,,,,,,,,,0.0,0.0,-0.047,0.032,,0.037,0.0,,0.0,0,1442.98,1442.98,,,,,,,,,,,,,,,,,,,,,,,,,,,,,,,,,,,1445.02,,1445.04,1445.05,,,,,,,,,,,,,,,,,,,,,,,,,,,,,,,,,,,,,,,,
28676,,,,,,,,,,,,,,,,,,,-0.032,-0.067,-0.021,-0.137,,0.094,,0.273,,,,,,,,,,,,,,,,,,,,,,,,,,,,,,,,,,,,,,,,,,,,,,,,,,0.058,-0.009,0.057,0.058,-0.031,0.164,0.043,0.0,0.013,0.0,0.012,0.013,,,,0.0,,,,,,,,,,0,,,,,,,,807.89,807.9,,,,,,,,,,,,,,,,,,,,,,812.28,812.28,812.29,812.29,812.29,,,,,,,,,,,,,T1,,,T3,,,,,,,,,,,,,,,,,,,,,,T1,,,,,,,
56479,0.01,0.002,,-0.081,,,-0.018,0.002,,,,,,,,,,,,,,,,,,,,,,,,,,,,,,,,,,,,,,,,,,,,,,,,,,,,,,,,,,,,,,,,,,,,0.092,-0.142,-0.702,0.092,0.067,-0.204,,,,,0.011,0.013,0.153,0.0,,0.0,,,,,,,,,,0,79.17,79.17,,,,,,,,,,,,,,,,,,,,,,,,,,,,,86.84,86.84,86.84,,86.84,,,,,,,,,,,,,,,,,,,,,,,,,,,,,,,,,,,,,,T1,,,,,,,
35370,,,,,,,,,,,,,,,,,,,,,,,,,,,,,,,,,,,,,,,,,,-0.02,,,-0.037,,-0.02,0.045,,,,,,,,,,,,,,,,,,,,,,,,,,-0.036,-0.037,0.084,-0.085,0.057,0.084,-0.027,0.007,0.016,0.0,-0.013,0.0,0.012,0.013,-0.074,0.0,,0.0,,,,,,,,,,0,,,,,,,,,,,,,,,,,697.4,697.52,697.52,,,,,,,,,,,735.69,740.56,740.56,740.56,740.56,740.56,,,,,,,,,,,,,,,,,,,,,,,,,,,,,,,,,,,,,,,,,,,,,
26715,-0.167,-0.169,0.0,,,-0.02,,,,,,,,,,,,,,,,,,,,,,,,,,,,,,,,,,,,,,,,,,,,,,,,,,,,,,,,,,,,,,,,,,,,,,-0.286,0.074,0.015,-0.286,0.114,-0.099,,,,,0.011,0.013,0.017,0.0,,0.0,,,,,,,,,,0,236.02,,236.05,,,,,,,,,,,,,,,,,,,,,,,,,,,,237.84,237.84,237.84,,237.84,,,,,,,,,,,,,,,,,,,,,,,,,,,,,,,,,,,,,,,,,,,,,
22541,,,,,,,,,,-0.018,-0.034,,-0.01,0.04,0.247,,,,,,,,,,,,,,,,,,,,,,,,,,,,,,,,,,,,,,,,,,,,,,,,,,,,,,,,,,-0.035,,,0.058,-0.034,0.063,0.058,-0.012,-0.125,-0.038,0.0,-0.013,0.0,0.016,0.013,-0.074,0.0,,0.0,,,,,,,,,,0,,,,,,930.79,,,,,,,,,,,,,,,,,,,,,,,,,940.33,940.33,940.33,940.33,940.33,,,,,,,,,,,,,,,,,,,,,,,,,,,,,,,,,,,,,,T1,,,,,,,
39001,0.095,-0.035,,0.019,-0.164,,-0.024,-0.002,,,,,,,,,,,,,,,,,,,,,,,,,,,,,,,,,,,,,,,,,,,,,,,,,,,,,,,,,,,,,,,,,,,,-0.005,-0.04,0.082,-0.005,-0.067,0.059,-0.011,0.0,-0.012,0.0,0.018,0.013,0.062,0.0,0.0,0.0,,,,,,,,,,0,1379.11,1379.11,,,,,,,,,,,,,,,,,,,,,,,,,,,,,1379.58,1379.58,1379.58,1379.58,1379.58,1379.61,,,,,,,,,,,,,,,,,,,,,,,,,,,,,,,,,,,,,,,,,,,,
24793,,,,,,,,,,-0.018,,0.252,,,,,-0.017,-0.019,,,,,,,,,,,,,,,,,,,,,,,,,,,,,,,,,,,,,,,,,,,,,,,,,,,,,,,,,,0.192,0.074,0.037,0.192,0.082,-0.257,,,,,0.013,0.013,0.244,0.0,0.0,0.0,,,,,,,,,,0,,,,,348.71,,348.74,,,,,,,,,,,,,,,,,,,,,,,,350.92,350.92,350.93,,350.93,350.94,,,,,,,,,,,,,,,,,,,,,,,,,,,,,,,,,,,,,T1,,,,,,,
48180,0.003,0.088,,0.019,0.336,,-0.034,-0.002,,,,,,,,,,,,,,,,,,,,,,,,,,,,,,,,,,,,,,,,,,,,,,,,,,,,,,,,,,,,,,,,,,,,0.033,0.004,0.101,0.033,0.035,-0.151,-0.038,0.0,-0.012,0.0,0.009,0.013,0.017,0.0,0.0,0.0,,,,,,,,,,0,603.78,603.79,,,,,,,,,,,,,,,,,,,,,,,,,,,,,607.99,607.99,607.99,607.99,607.99,608.0,,,,,,,,,,,,,,,,,,,,,,,,,,,,,,,,,,,,,,,,,,,,
33839,-0.003,0.109,0.0,,,0.047,,,,,,,,,,,,,,,,,,,,,,,,,,,,,,,,,,,,,,,,,,,,,,,,,,,,,,,,,,,,,,,,,,,-0.035,,,0.033,0.081,0.057,0.033,-0.031,0.033,-0.011,0.0,-0.013,0.0,0.02,0.013,-0.165,0.0,0.0,0.0,,,,,,,,,,0,821.31,,821.37,,,,,,,,,,,,,,,,,,,,,,,,,,,,823.36,823.36,823.37,823.37,823.37,823.39,,,,,,,,,,,,,,,,,,,,,,,,,,,,,,,,,,,,,T1,,,,,,,
48513,,,,,,,,,,0.01,,0.526,-0.01,,,0.03,,,,,,,,,,,,,,,,,,,,,,,,,,,,,,,,,,,,,,,,,,,,,,,,,,,,,,,,,,,,0.23,0.163,-0.68,0.23,,-0.02,,,,,0.012,0.013,0.017,0.0,,0.0,,,,,,,,,,0,,,,,18.78,,,,,,,,,,,,,,,,,,,,,,,,,,28.82,28.82,28.88,,28.88,,,,,,,,,,,,,,,,,,,,,,,,,,,,,,,,,,,,,,,,,,,,,
17654,,,,,,,,,,0.014,-0.034,,,,,,-0.017,-0.151,,,,,,,,,,,,,,,,,,,,,,,,,,,,,,,,,,,,,,,,,,,,,,,,,,,,,,,,,,0.096,-0.066,0.082,0.096,-0.059,0.138,-0.038,0.0,-0.012,0.0,0.009,0.013,0.199,0.0,,0.0,,,,,,,,,,0,,,,,,,1345.98,,,,,,,,,,,,,,,,,,,,,,,,1357.9,1357.9,1357.91,1357.91,1357.91,,,,,,,,,,,,,,,,,,,,,,,,,,,,,,,,,,,,,,,,,,,,,
32211,,,,,,,,,,,,,,,,,,,0.039,-0.067,,,-0.036,-0.011,,0.073,,,,,,,,,,,,,,,,,,,,,,,,,,,,,,,,,,,,,,,,,,,,,0.077,0.113,,,,0.134,-0.066,0.057,0.134,-0.039,0.112,-0.065,0.0,0.013,0.0,0.01,0.013,-0.029,0.0,0.0,0.0,,,,,,,,,,0,,,,,,,,804.99,,,,,,,,,,,,,,,,,,,,,807.9,,812.1,812.1,812.1,812.1,812.1,812.18,,,,,,,,,,,,T1,,T1,T3,,,,,,,,,,,,,,,,,,,,,,,,,,,,,
52159,,,,,,,,,,0.014,,-0.214,,,,-0.078,,,,,,,,,,,,,,,,,,,,,,,,,,,,,,,,,,,,,,,,,,,,,,,,,,,,,,,,,,,,,,,,,,,,,,,,,,,,0.0,0.0,-0.039,,-0.039,-0.418,0.0,0.069,0.0,1,,,,,1424.0,,,,,,,,,,,,,,,,,,,,,,,,,,,,,,,,1425.43,,1425.45,1425.46,,,,,,,,,,,,,,,,,,,,,,,,,,,,,,,,,,,,,,,,
37152,,,,,,,,,,-0.01,,0.083,-0.01,-0.01,-0.313,,,,,,,,,,,,,,,,,,,,,,,,,,,,,,,,,,,,,,,,,,,,,,,,,,,,,,,,,,,,,0.092,0.291,-0.029,0.092,,-0.02,,,,,0.013,0.013,-0.21,0.0,0.0,0.0,,,,,,,,,,0,,,,,189.02,189.05,,,,,,,,,,,,,,,,,,,,,,,,,189.72,189.72,189.73,,189.73,189.75,,,,,,,,,,,,,,,,,,,,,,,,,,,,,,,,,,,,,,,,,,,,
32537,,,,,,,,,,-0.006,,-0.36,-0.01,,,,-0.001,-0.019,,,,,,,,,,,,,,,,,,,,,,,,,,,,,,,,,,,,,,,,,,,,,,,,,,,,,,,,,,0.18,0.081,-0.657,0.18,,-0.125,,,,,0.014,0.013,0.153,0.0,,0.0,,,,,,,,,,0,,,,,31.69,,31.73,,,,,,,,,,,,,,,,,,,,,,,,37.7,37.7,37.71,,37.71,,,,,,,,,,,,,,,,,,,,,,,,,,,,,,,,,,,,,,,,,,,,,
7009,,,,,,,,,,,,,,,,,,,,,,,,,,,,,,,,,,,-0.087,-0.008,-0.046,,,-0.048,0.018,,,,,,,,,,,,,,,,,,,,,,,,,,,,,,0.106,-0.101,,,,-0.081,-0.13,0.063,-0.081,-0.027,0.059,0.07,0.0,0.008,0.0,0.014,0.013,0.062,0.0,0.0,0.0,,,,,,,,,,0,,,,,,,,,,,,,,997.1,997.13,,,,,,,,,,,,,,1009.98,,1011.89,1011.89,1011.9,1011.9,1011.9,1011.91,,,,,,,,,,,,,,,,,,,,T1,,,,,,,,,,,,,,,,,T1,,,,,,,
59097,,,,,,,,,,-0.022,,0.481,,,,0.038,,,,,,,,,,,,,,,,,,,,,,,,,,,,,,,,,,,,,,,,,,,,,,,,,,,,,,,,,-0.035,,,0.033,0.055,0.063,0.033,0.063,-0.046,0.016,0.0,0.004,0.0,0.01,0.013,0.017,0.0,,0.0,,,,,,,,,,0,,,,,928.64,,,,,,,,,,,,,,,,,,,,,,,,,,938.22,938.22,938.23,938.23,938.23,,,,,,,,,,,,,,,,,,,,,,,,,,,,,,,,,,,,,,T1,,,,,,,
58899,-0.042,-0.094,0.0,,,-0.059,,,,,,,,,,,,,,,,,,,,,,,,,,,,,,,,,,,,,,,,,,,,,,,,,,,,,,,,,,,,,,,,,,,,,,0.041,-0.251,-0.702,0.041,0.059,-0.02,,,,,0.011,0.013,0.062,0.0,,0.0,,,,,,,,,,0,140.94,,140.97,,,,,,,,,,,,,,,,,,,,,,,,,,,,148.84,148.84,148.85,,148.85,,,,,,,,,,,,,,,,,,,,,,,,,,,,,,,,,,,,,,T1,,,,,,,
35663,-0.023,-0.131,,0.019,,,,,0.101,,,,,,,,,,,,,,,,,,,,,,,,,,,,,,,,,,,,,,,,,,,,,,,,,,,,,,,,,,,,,,,,,,,0.068,0.112,0.015,0.068,0.114,0.059,,,,,0.007,0.013,0.017,0.0,,0.0,,,,,,,,,,0,218.07,218.07,,218.11,,,,,,,,,,,,,,,,,,,,,,,,,,,218.9,218.9,218.9,,218.9,,,,,,,,,,,,,,,,,,,,,,,,,,,,,,,,,,,,,,T1,,,,,,,
18944,,,,,,,,,,,,,,,,,,,,,,,,,,,,,,,,,,,-0.183,-0.008,0.027,,,0.101,0.087,,,,,,,,,,,,,,,,,,,,,,,,,,,,,,-0.006,0.101,,,,0.084,-0.111,0.057,0.084,-0.008,0.007,-0.065,0.0,0.021,0.0,0.01,0.013,-0.029,0.0,,0.0,,,,,,,,,,0,,,,,,,,,,,,,,804.5,804.51,,,,,,,,,,,,,,805.5,,807.49,807.49,807.49,807.49,807.49,,,,,,,,,,,,,,,,,,,,,T1,,,,,,,,,,,,,,,,,,,,,,,,
51950,,,,,,,,,,,,,,,,,,,,,,,,,,,,,,,,,,,,,,,,,,,,,,,,,,,,,,,,,,,,,,,,0.077,-0.02,0.001,,,,0.046,,,-0.035,,,-0.005,-0.009,0.063,-0.005,-0.027,0.033,-0.065,0.0,-0.014,0.0,0.013,0.013,0.062,0.0,,0.0,,,,,,,,,,0,,,,,,,,,,,,,,,,,,,,,,,,,,994.53,,994.54,,,1020.61,1020.61,1020.61,1020.61,1020.61,,,,,,,,,,,,,,,,,,,,,,,,,,,,,,,,,,T1,,,,T1,,,,,,,
50527,,,,,,,,,,,,,,,,,,,,,,,,,,,,,,,,,,,,,,,,,,-0.001,0.002,0.0,,-0.014,,0.073,,,,,,,,,,,,,,,,,,,,,,,,,,,,-0.031,-0.002,0.082,-0.031,0.031,-0.151,,,,,0.011,0.013,-0.029,0.0,0.0,0.0,,,,,,,,,,0,,,,,,,,,,,,,,,,,457.65,,,,,,,,,,,,,,503.39,503.39,503.4,,503.4,503.42,,,,,,,,,,,,,,,,,,,,,,,,,,,,,,,,,,,,,T1,,,,,,,
20037,-0.068,0.088,0.0,,,,-0.05,-0.002,,,,,,,,,,,,,,,,,,,,,,,,,,,,,,,,,,,,,,,,,,,,,,,,,,,,,,,,,,,,,,,,,,,,-0.106,0.017,0.082,-0.106,-0.09,0.217,0.016,0.0,-0.003,0.0,0.011,0.013,-0.256,0.0,0.0,0.0,,,,,,,,,,0,1412.85,,,,,,,,,,,,,,,,,,,,,,,,,,,,,,1413.19,1413.19,1413.19,1413.19,1413.19,1413.21,,,,,,,,,,,,,,,,,,,,,,,,,,,,,,,,,,,,,T1,,,,,,,
47231,,,,,,,,,,,,,,,,,,,,,,,,,,,,,,,,,,,-0.136,,,0.257,-0.093,,0.111,,,,,,,,,,,,,,,,,,,,,,,,,,,,,,0.109,0.077,,,,-0.017,-0.009,0.057,-0.017,0.008,-0.046,-0.011,0.0,0.004,0.0,0.017,0.013,-0.256,0.0,0.0,0.0,,,,,,,,,,0,,,,,,,,,,,,,,706.39,,706.41,,,,,,,,,,,,,742.06,,743.37,743.37,743.38,743.38,743.38,743.39,,,,,,,,,,,,,,,,,,,,T1,,T1,,,,,,,,,,,,,,,T1,,,,,,,
35895,,,,,,,,,,0.01,-0.034,,-0.01,,,-0.038,,,,,,,,,,,,,,,,,,,,,,,,,,,,,,,,,,,,,,,,,,,,,,,,,,,,,,,,,,,,0.109,-0.193,0.101,0.109,0.024,-0.046,-0.065,0.0,-0.012,0.0,0.011,0.013,0.062,0.0,,0.0,,,,,,,,,,0,,,,,,,,,,,,,,,,,,,,,,,,,,,,,,,689.3,689.3,689.31,689.31,689.31,,,,,,,,,,,,,,,,,,,,,,,,,,,,,,,,,,,,,,,,,,,,,
52339,-0.068,-0.035,0.0,,-0.164,,0.013,0.002,,,,,,,,,,,,,,,,,,,,,,,,,,,,,,,,,,,,,,,,,,,,,,,,,,,,,,,,,,,,,,,,,,,,-0.157,0.023,0.063,-0.157,-0.008,0.007,0.043,0.0,0.013,0.0,0.013,0.013,-0.029,0.0,0.0,0.0,,,,,,,,,,0,959.2,,,,,,,,,,,,,,,,,,,,,,,,,,,,,,961.78,961.78,961.78,961.78,961.78,961.8,,,,,,,,,,,,,,,,,,,,,,,,,,,,,,,,,,,,,,,,,,,,
1904,-0.016,-0.062,,0.019,,,-0.004,0.0,,,,,,,,,,,,,,,,,,,,,,,,,,,,,,,,,,,,,,,,,,,,,,,,,,,,,,,,,,,,,,,,,,,,-0.106,0.03,0.104,-0.106,-0.082,0.086,-0.038,0.0,-0.003,0.0,0.011,0.013,0.017,0.0,,0.0,,,,,,,,,,0,1449.55,1449.55,,,,,,,,,,,,,,,,,,,,,,,,,,,,,1450.19,1450.19,1450.2,1450.2,1450.2,,,,,,,,,,,,,,,,,,,,,,,,,,,,,,,,,,,,,,T1,,,,,,,
49316,-0.036,-0.169,,0.019,-0.164,,,,-0.232,,,,,,,,,,,,,,,,,,,,,,,,,,,,,,,,,,,,,,,,,,,,,,,,,,,,,,,,,,,,,,,,,,,0.08,0.03,0.037,0.08,-0.012,-0.072,,,,,0.01,0.013,0.062,0.0,0.0,0.0,,,,,,,,,,0,273.19,273.2,,273.23,,,,,,,,,,,,,,,,,,,,,,,,,,,274.35,274.35,274.35,,274.35,274.37,,,,,,,,,,,,,,,,,,,,,,,,,,,,,,,,,,,,,T1,,,,,,,
33287,,,,,,,,,,-0.006,-0.034,,,0.029,0.085,,,,,,,,,,,,,,,,,,,,,,,,,,,,,,,,,,,,,,,,,,,,,,,,,,,,,,,,,,,,,-0.06,0.253,-0.68,-0.06,-0.031,-0.02,,,,,0.012,0.013,0.108,0.0,0.0,0.0,,,,,,,,,,0,,,,,,156.37,,,,,,,,,,,,,,,,,,,,,,,,,157.93,157.93,157.94,,157.94,157.96,,,,,,,,,,,,,,,,,,,,,,,,,,,,,,,,,,,,,T1,,,,,,,
49859,,,,,,,,,,,,,,,,,,,,,,,,,,,,,,,,,,,,,,,,,,0.075,,,-0.045,,0.196,0.006,,,,,,,,,,,,,,,,,,,,,,,0.058,-0.106,,,,0.033,-0.06,0.057,0.033,0.043,-0.125,-0.092,0.0,-0.004,0.0,0.02,0.013,0.017,0.0,,0.0,,,,,,,,,,1,,,,,,,,,,,,,,,,,680.98,681.19,681.19,,,,,,,,,,717.26,,721.52,721.52,721.52,721.52,721.52,,,,,,,,,,,,,,,,,,,,,,,,,,,,,,,,,,,,,,T1,,,,,,,
13182,0.088,0.168,0.0,,-0.164,,0.032,0.0,,,,,,,,,,,,,,,,,,,,,,,,,,,,,,,,,,,,,,,,,,,,,,,,,,,,,,,,,,,,,,,,,,,,0.16,-0.009,0.082,0.16,0.122,0.007,-0.119,0.0,-0.003,0.0,0.014,0.013,0.108,0.0,,0.0,,,,,,,,,,0,520.5,,,,,,,,,,,,,,,,,,,,,,,,,,,,,,522.44,522.44,522.44,522.44,522.44,,,,,,,,,,,,,,,,,,,,,,,,,,,,,,,,,,,,,,,,,,,,,
26999,,,,,,,,,,-0.006,-0.034,,-0.01,,,,-0.041,-0.172,,,,,,,,,,,,,,,,,,,,,,,,,,,,,,,,,,,,,,,,,,,,,,,,,,,,,,,-0.035,,,0.23,-0.066,-0.657,0.23,0.22,0.033,,,,,0.01,0.013,0.108,0.0,,0.0,,,,,,,,,,0,,,,,,,31.92,,,,,,,,,,,,,,,,,,,,,,,,37.76,37.76,37.76,,37.76,,,,,,,,,,,,,,,,,,,,,,,,,,,,,,,,,,,,,,T1,,,,,,,
48183,,,,,,,,,,,,,,,,,,,,,,,,,,,,,,,,,,,-0.349,-0.008,-0.063,,,-0.034,-0.056,,,,,,,,,,,,,,,,,,,,,,,,,,,,,,-0.074,-0.051,,,,0.02,-0.015,0.063,0.02,-0.051,0.007,0.124,0.0,-0.012,0.0,0.011,0.013,0.062,0.0,0.0,0.0,,,,,,,,,,0,,,,,,,,,,,,,,1191.89,1191.9,,,,,,,,,,,,,,1197.96,,1206.08,1206.08,1206.08,1206.08,1206.08,1206.1,,,,,,,,,,,,,,,,,,,,T1,,,,,,,,,,,,,,,,,T1,,,,,,,
53453,,,,,,,,,,-0.01,-0.034,,,0.051,-0.128,,,,,,,,,,,,,,,,,,,,,,,,,,,,,,,,,,,,,,,,,,,,,,,,,,,,,,,,0.024,0.202,,,,-0.056,0.042,0.063,-0.056,-0.024,0.112,0.016,0.0,0.024,0.0,0.014,0.013,0.062,0.0,0.0,0.0,,,,,,,,,,0,,,,,,1124.26,,,,,,,,,,,,,,,,,,,,,,,1124.35,,1126.14,1126.14,1126.15,1126.15,1126.15,1126.17,,,,,,,,,,,,,,,,,,,,,,,,,,,,,,,,,,,,,,,,,,,,
14953,,,,,,,,,,0.018,0.166,,,,,0.007,,,,,,,,,,,,,,,,,,,,,,,,,,,,,,,,,,,,,,,,,,,,,,,,,,,,,,,,,,,,0.068,0.03,0.015,0.068,0.027,-0.02,,,,,0.014,0.013,0.017,0.0,0.0,0.0,,,,,,,,,,0,,,,,,,,,,,,,,,,,,,,,,,,,,,,,,,221.62,221.62,221.63,,221.63,221.65,,,,,,,,,,,,,,,,,,,,,,,,,,,,,,,,,,,,,T1,,,,,,,
31702,0.043,-0.067,0.0,,0.336,0.063,,,,,,,,,,,,,,,,,,,,,,,,,,,,,,,,,,,,,,,,,,,,,,,,,,,,,,,,,,,,,,,,,,,,,,,,,,,,,,,,,,,,,,0.0,0.0,0.017,,0.439,-0.038,0.0,,0.0,0,187.32,,187.36,,,,,,,,,,,,,,,,,,,,,,,,,,,,,,,,,,188.66,,188.67,188.71,,,,,,,,,,,,,,,,,,,,,,,,,,,,,,,,,,,,,,,,
10482,,,,,,,,,,,,,,,,,,,,,,,,,,,,,,,,,,,,,,,,,,-0.037,,,-0.051,,0.142,0.129,,,,,,,,,,,,,,,,,,,,,,,,,-0.035,,,-0.132,0.081,0.063,-0.132,0.0,0.059,-0.038,0.0,0.012,0.0,0.017,0.013,-0.029,0.0,0.0,0.0,,,,,,,,,,0,,,,,,,,,,,,,,,,,1018.16,1018.29,1018.29,,,,,,,,,,,,1048.23,1048.23,1048.23,1048.23,1048.23,1048.25,,,,,,,,,,,,,,,,,,,,,,,,,,,,,,,,,,,,,T1,,,,,,,
20846,-0.062,-0.201,0.0,,,,-0.03,-0.003,,,,,,,,,,,,,,,,,,,,,,,,,,,,,,,,,,,,,,,,,,,,,,,,,,,,,,,,,,,,,,,,,,,,,,,,,,,,,,,,,,,,0.0,0.0,-0.007,-0.025,,0.122,0.0,,0.0,0,1380.13,,,,,,,,,,,,,,,,,,,,,,,,,,,,,,,,,,,,1381.0,,1381.02,1381.02,,,,,,,,,,,,,,,,,,,,,,,,,,,,,,,,,,,,,,,,
9721,-0.127,-0.185,,0.019,-0.164,,,,0.001,,,,,,,,,,,,,,,,,,,,,,,,,,,,,,,,,,,,,,,,,,,,,,,,,,,,,,,,,,,,,,,,,,,-0.106,0.036,0.104,-0.106,-0.086,0.164,0.124,0.0,-0.004,0.0,0.012,0.013,0.017,0.0,0.0,0.0,,,,,,,,,,0,1465.27,1465.27,,1465.29,,,,,,,,,,,,,,,,,,,,,,,,,,,1467.5,1467.5,1467.51,1467.51,1467.51,1467.52,,,,,,,,,,,,,,,,,,,,,,,,,,,,,,,,,,,,,T1,,,,,,,
47381,-0.01,0.019,0.0,,,-0.013,,,,,,,,,,,,,,,,,,,,,,,,,,,,,,,,,,,,,,,,,,,,,,,,,,,,,,,,,,,,,,,,,,,,,,0.185,0.042,0.063,0.185,0.094,-0.046,0.097,0.0,0.008,0.0,0.013,0.013,0.108,0.0,0.0,0.0,,,,,,,,,,0,938.52,,938.55,,,,,,,,,,,,,,,,,,,,,,,,,,,,943.45,943.45,943.46,943.46,943.46,943.47,,,,,,,,,,,,,,,,,,,,,,,,,,,,,,,,,,,,,,,,,,,,
34473,,,,,,,,,,,,,,,,,,,,,,,,,,,-0.063,0.167,,-0.038,-0.11,0.145,,0.049,,,,,,,,,,,,,,,,,,,,,,,,,,,,,,,,,,,,,0.22,-0.048,,,,-0.017,0.068,0.057,-0.017,-0.008,0.033,-0.092,0.0,-0.004,0.0,0.019,0.013,-0.119,0.0,,0.0,,,,,,,,,,0,,,,,,,,,,,736.62,,736.63,,,,,,,,,,,,,,,,750.65,,763.43,763.43,763.43,763.43,763.43,,,,,,,,,,,,,,,,,,,,,,,,,,,,,,,,,,,,,,T1,,,,,,,
59221,,,,,,,,,,,,,,,,,,,,,,,,,,,0.025,0.073,-0.393,,,-0.044,,-0.09,,,,,,,,,,,,,,,,,,,,,,,,,,,,,,,,,,,,,,,-0.035,,,0.134,0.151,0.057,0.134,-0.008,0.086,-0.011,0.0,0.004,0.0,0.018,0.013,0.153,0.0,,0.0,,,,,,,,,,0,,,,,,,,,,,786.33,786.34,786.34,,,,,,,,,,,,,,,,,,792.45,792.45,792.45,792.45,792.45,,,,,,,,,,,,,,,,,,T1,,,,,,,,,,,,,,,,,,,,T1,,,,,,,
15484,,,,,,,,,,,,,,,,,,,,,,,,,,,,,,,,,,,,,,,,,,,,,,,,,,,,,,,,,,,,,,,,,,,,,,,,,0.889,,,0.108,-0.034,0.082,0.108,0.086,-0.125,,,,,0.011,0.013,-0.074,0.0,,0.0,,,,,,,,,,0,,,,,,,,,,,,,,,,,,,,,,,,,,,,,,,474.82,474.82,474.83,,474.83,,,,,,,,,,,,,,,,,,,,,,,,,,,,,,,,,,,,,,,,,,,,,
15282,,,,,,,,,,,,,,,,,,,,,,,,,,,,,,,,,,,-0.055,-0.008,-0.043,,-0.065,,0.004,,,,,,,,,,,,,,,,,,,,,,,,,,,,,,-0.307,0.049,,,,0.033,0.03,0.057,0.033,-0.027,-0.02,-0.065,0.0,0.021,0.0,0.012,0.013,-0.165,0.0,0.0,0.0,,,,,,,,,,0,,,,,,,,,,,,,,724.57,724.58,724.58,,,,,,,,,,,,,756.34,,760.24,760.24,760.24,760.24,760.24,760.26,,,,,,,,,,,,,,,,,,,,T1,,,,,,,,,,,,,,,,,T1,,,,,,,
40636,-0.016,-0.104,0.0,,,-0.031,,,,,,,,,,,,,,,,,,,,,,,,,,,,,,,,,,,,,,,,,,,,,,,,,,,,,,,,,,,,,,,,,,,,,,0.118,0.023,-0.029,0.118,,0.033,,,,,0.009,0.013,0.017,0.0,0.0,0.0,,,,,,,,,,0,204.88,,204.92,,,,,,,,,,,,,,,,,,,,,,,,,,,,205.82,205.82,205.82,,205.82,205.85,,,,,,,,,,,,,,,,,,,,,,,,,,,,,,,,,,,,,T1,,,,,,,
50513,,,,,,,,,,,,,,,,,,,-0.018,-0.067,-0.003,0.114,,,-0.022,-0.025,,,,,,,,,,,,,,,,,,,,,,,,,,,,,,,,,,,,,,,,,,,,,0.252,-0.068,,,,-0.132,-0.091,0.063,-0.132,-0.024,0.164,-0.119,0.0,0.012,0.0,0.008,0.013,-0.119,0.0,,0.0,,,,,,,,,,0,,,,,,,,1023.83,1023.84,1023.85,,,,,,,,,,,,,,,,,,,1041.48,,1053.71,1053.71,1053.71,1053.71,1053.71,,,,,,,,,,,,,T1,,,T3,,,,,,,,,,,,,,,,,,,,,,T1,,,,,,,
49417,,,,,,,,,,,,,,,,,,,,,,,,,,,-0.048,0.209,,0.034,0.28,,-0.028,-0.035,,,,,,,,,,,,,,,,,,,,,,,,,,,,,,,,,,,,,,,,,,0.02,0.176,0.082,0.02,0.027,-0.046,,,,,0.012,0.013,,0.0,0.0,0.0,,,,,,,,,,1,,,,,,,,,,,467.0,,,,,,,,,,,,,,,,,,,,505.34,505.34,505.35,,505.35,505.41,,,,,,,,,,,,,,,,,,,,,,,,,,,,,,,,,,,,,T1,,,,,,,
47435,-0.095,-0.276,0.0,,-0.164,,,,0.077,,,,,,,,,,,,,,,,,,,,,,,,,,,,,,,,,,,,,,,,,,,,,,,,,,,,,,,,,,,,,,,,,,,0.08,-0.028,0.037,0.08,0.078,-0.046,,,,,0.01,0.013,0.062,0.0,0.0,0.0,,,,,,,,,,0,273.85,,,273.89,,,,,,,,,,,,,,,,,,,,,,,,,,,275.61,275.61,275.62,,275.62,275.63,,,,,,,,,,,,,,,,,,,,,,,,,,,,,,,,,,,,,,,,,,,,
33696,,,,,,,,,,-0.006,,-0.109,,,,0.05,,,,,,,,,,,,,,,,,,,,,,,,,,,,,,,,,,,,,,,,,,,,,,,,,,,,,,,,,,,,-0.031,-0.015,0.063,-0.031,-0.071,-0.072,0.178,0.0,-0.003,0.0,0.013,0.013,-0.029,0.0,0.0,0.0,,,,,,,,,,0,,,,,1159.04,,,,,,,,,,,,,,,,,,,,,,,,,,1160.39,1160.39,1160.39,1160.39,1160.39,1160.42,,,,,,,,,,,,,,,,,,,,,,,,,,,,,,,,,,,,,T1,,,,,,,
30359,-0.108,0.045,0.0,,0.336,,-0.026,-0.006,,,,,,,,,,,,,,,,,,,,,,,,,,,,,,,,,,,,,,,,,,,,,,,,,,,,,,,,,,,,,,,,,,,,0.118,0.151,0.015,0.118,,-0.02,,,,,0.011,0.013,0.153,0.0,,0.0,,,,,,,,,,0,223.88,,,,,,,,,,,,,,,,,,,,,,,,,,,,,,225.84,225.84,225.84,,225.84,,,,,,,,,,,,,,,,,,,,,,,,,,,,,,,,,,,,,,T1,,,,,,,
43137,0.088,0.286,,0.019,0.336,,,,0.02,,,,,,,,,,,,,,,,,,,,,,,,,,,,,,,,,,,,,,,,,,,,,,,,,,,,,,,,,,,,,,,,,,,-0.132,-0.034,0.082,-0.132,-0.067,0.191,-0.011,0.0,-0.012,0.0,0.011,0.013,0.062,0.0,0.0,0.0,,,,,,,,,,0,1343.86,1343.87,,1343.89,,,,,,,,,,,,,,,,,,,,,,,,,,,1357.62,1357.62,1357.62,1357.62,1357.62,1357.64,,,,,,,,,,,,,,,,,,,,,,,,,,,,,,,,,,,,,T1,,,,,,,
32413,,,,,,,,,,-0.022,-0.034,,,,,0.047,,,,,,,,,,,,,,,,,,,,,,,,,,,,,,,,,,,,,,,,,,,,,,,,,,,,,,,,,-0.035,,,-0.106,-0.009,0.104,-0.106,-0.067,0.296,0.097,0.0,0.029,0.0,0.013,0.013,-0.029,0.0,,0.0,,,,,,,,,,0,,,,,,,,,,,,,,,,,,,,,,,,,,,,,,,1566.47,1566.47,1566.47,1566.47,1566.47,,,,,,,,,,,,,,,,,,,,,,,,,,,,,,,,,,,,,,,,,,,,,
47847,0.069,-0.067,,-0.081,,,0.019,-0.001,,,,,,,,,,,,,,,,,,,,,,,,,,,,,,,,,,,,,,,,,,,,,,,,,,,,,,,,,,,,,,,,,,,,0.033,-0.066,0.057,0.033,0.008,0.007,-0.065,0.0,-0.012,0.0,0.011,0.013,-0.21,0.0,,0.0,,,,,,,,,,0,634.2,634.21,,,,,,,,,,,,,,,,,,,,,,,,,,,,,636.85,636.85,636.85,636.85,636.85,,,,,,,,,,,,,,,,,,,,,,,,,,,,,,,,,,,,,,,,,,,,,
48448,,,,,,,,,,,,,,,,,,,,,,,,,,,-0.025,0.243,,-0.038,-0.107,,0.077,0.02,,,,,,,,,,,,,,,,,,,,,,,,,,,,,,,,,,,,,-0.137,0.018,,,,0.058,0.036,0.057,0.058,-0.031,0.059,-0.038,0.0,0.021,0.0,0.016,0.013,-0.119,0.0,0.0,0.0,,,,,,,,,,0,,,,,,,,,,,736.88,,,,,,,,,,,,,,,,,,760.35,,762.25,762.25,762.25,762.25,762.25,762.27,,,,,,,,,,,,,,,,,,,,,,,,,,,,,,,,,,,,,T1,,,,,,,
53582,-0.049,-0.137,0.0,,,,-0.234,0.002,,,,,,,,,,,,,,,,,,,,,,,,,,,,,,,,,,,,,,,,,,,,,,,,,,,,,,,,,,,,,,,,,,,,0.055,0.049,0.037,0.055,0.071,-0.099,,,,,0.01,0.013,-0.074,0.0,,0.0,,,,,,,,,,0,271.39,,,,,,,,,,,,,,,,,,,,,,,,,,,,,,271.96,271.96,271.96,,271.96,,,,,,,,,,,,,,,,,,,,,,,,,,,,,,,,,,,,,,T1,,,,,,,
835,,,,,,,,,,0.022,,0.224,-0.01,-0.068,-0.141,,,,,,,,,,,,,,,,,,,,,,,,,,,,,,,,,,,,,,,,,,,,,,,,,,,,,,,,,,,,,0.109,-0.06,0.101,0.109,0.02,-0.151,-0.092,0.0,0.013,0.0,0.009,0.013,-0.119,0.0,,0.0,,,,,,,,,,0,,,,,606.1,606.14,,,,,,,,,,,,,,,,,,,,,,,,,609.6,609.6,609.61,609.61,609.61,,,,,,,,,,,,,,,,,,,,,,,,,,,,,,,,,,,,,,,,,,,,,
37744,,,,,,,,,,,,,,,,,,,,,,,,,,,,,,,,,,,,,,,,,,,,,,,,,,,,,,,,,,,,,,,,,,,-0.015,-0.093,0.179,0.07,-0.11,-0.2,,,,0.079,0.163,0.037,0.079,0.059,-0.099,,,,,0.003,0.013,-0.21,0.0,,0.0,,,,,,,,,,0,,,,,,,,,,,,,,,,,,,,,,,,,,,379.39,379.4,414.57,,423.72,423.72,423.75,,423.75,,,,,,,,,,,,,,,,,,,,,,,,,,,,,,,,,,,,,,,,,,,,,
16957,,,,,,,,,,,,,,,,,,,,,,,,,,,,,,,,,,,,,,,,,,0.005,-0.002,-0.001,,,-0.054,0.123,,,,,,,,,,,,,,,,,,,,,,,,,-0.035,,,-0.081,-0.085,0.063,-0.081,-0.027,-0.046,-0.065,0.0,-0.013,0.0,0.012,0.013,0.017,0.0,,0.0,,,,,,,,,,0,,,,,,,,,,,,,,,,,979.14,,979.26,,,,,,,,,,,,994.66,994.66,994.66,994.66,994.66,,,,,,,,,,,,,,,,,,,,,,,,,,,,,,,,,,,,,,T1,,,,,,,
50663,,,,,,,,,,,,,,,,,,,,,,,,,,,,,,,,,,,,,,,,,,-0.028,0.0,0.002,,0.009,,-0.172,,,,,,,,,,,,,,,,,,,,,,,,,-0.035,,,-0.132,-0.021,0.063,-0.132,-0.012,0.086,-0.038,0.0,-0.014,0.0,0.014,0.013,-0.119,0.0,0.0,0.0,,,,,,,,,,0,,,,,,,,,,,,,,,,,996.14,,,,,,,,,,,,,,1014.39,1014.39,1014.39,1014.39,1014.39,1014.42,,,,,,,,,,,,,,,,,,,,,,,,,,,,,,,,,,,,,T1,,,,,,,
41862,-0.01,-0.094,,0.019,,,0.022,0.002,,,,,,,,,,,,,,,,,,,,,,,,,,,,,,,,,,,,,,,,,,,,,,,,,,,,,,,,,,,,,,,0.057,-0.048,,,,0.109,0.023,0.057,0.109,-0.027,0.059,-0.119,0.0,0.029,0.0,0.017,0.013,0.017,0.0,,0.0,,,,,,,,,,1,907.38,907.38,,,,,,,,,,,,,,,,,,,,,,,,,,,909.18,,911.15,911.15,911.15,911.15,911.15,,,,,,,,,,,,,,,,,,,,,,,,,,,,,,,,,,,,,,T1,,,,,,,
188,,,,,,,,,,,,,,,,,,,,,,,,,,,,,,,,,,,,,,,,,,-0.124,0.0,-0.002,,,-0.066,0.087,,,,,,,,,,,,,,,,,,,,,,,-0.261,-0.041,,,,,,,,,,,,,,,,,,,,0.0,0.0,0.072,0.021,-0.015,0.213,0.0,0.069,0.0,0,,,,,,,,,,,,,,,,,679.13,,679.32,,,,,,,,,,686.21,,,,,,,,737.38,,737.5,737.51,,,,,,,,,,,,,,,,,,,,,,,,,,,,,,,,,,,,,,,,
24290,0.049,0.286,,0.019,,-0.106,,,,,,,,,,,,,,,,,,,,,,,,,,,,,,,,,,,,,,,,,,,,,,,,,,,,,,,,,,,,,,,,,,,,,,,,,,,,,,,,,,,,,,0.0,0.0,-0.134,-0.054,,0.051,0.0,-0.131,0.0,0,1400.33,1400.34,1400.38,,,,,,,,,,,,,,,,,,,,,,,,,,,,,,,,,,1408.37,,1408.39,1408.39,,,,,,,,,,,,,,,,,,,,,,,,,,,,,,,,,,,,,,,,
15229,,,,,,,,,,-0.002,,0.323,-0.01,,,,-0.025,-0.019,,,,,,,,,,,,,,,,,,,,,,,,,,,,,,,,,,,,,,,,,,,,,,,,,,,,,,,,,,-0.056,0.017,0.104,-0.056,-0.106,0.349,-0.038,0.0,-0.014,0.0,0.013,0.013,0.108,0.0,0.0,0.0,,,,,,,,,,0,,,,,1665.11,,1665.13,,,,,,,,,,,,,,,,,,,,,,,,1666.88,1666.88,1666.88,1666.88,1666.88,1666.9,,,,,,,,,,,,,,,,,,,,,,,,,,,,,,,,,,,,,T1,,,,,,,
13525,-0.029,0.104,0.0,,0.336,,,,0.08,,,,,,,,,,,,,,,,,,,,,,,,,,,,,,,,,,,,,,,,,,,,,,,,,,,,,,,,,,,,,,,,,,,,,,,,,,,,,,,,,,,0.0,0.0,-0.078,-0.013,,-0.225,0.0,,0.0,0,1396.4,,,1396.43,,,,,,,,,,,,,,,,,,,,,,,,,,,,,,,,,1396.93,,1396.95,1396.96,,,,,,,,,,,,,,,,,,,,,,,,,,,,,,,,,,,,,,,,
4384,0.082,-0.201,0.0,,-0.164,,,,-0.078,,,,,,,,,,,,,,,,,,,,,,,,,,,,,,,,,,,,,,,,,,,,,,,,,,,,,,,,,,,,,,,,,,,-0.106,0.093,0.104,-0.106,-0.098,0.086,0.097,0.0,-0.013,0.0,0.016,0.013,0.017,0.0,0.0,0.0,,,,,,,,,,0,1662.8,,,1662.84,,,,,,,,,,,,,,,,,,,,,,,,,,,1664.24,1664.24,1664.24,1664.24,1664.24,1664.27,,,,,,,,,,,,,,,,,,,,,,,,,,,,,,,,,,,,,T1,,,,,,,
1323,0.062,0.019,,0.019,-0.164,,,,-0.073,,,,,,,,,,,,,,,,,,,,,,,,,,,,,,,,,,,,,,,,,,,,,,,,,,,,,,,,,,,,,,,,,,,-0.081,-0.009,0.063,-0.081,-0.008,0.007,-0.092,0.0,-0.013,0.0,0.018,0.013,0.017,0.0,0.0,0.0,,,,,,,,,,0,971.24,971.24,,971.28,,,,,,,,,,,,,,,,,,,,,,,,,,,973.27,973.27,973.27,973.27,973.27,973.29,,,,,,,,,,,,,,,,,,,,,,,,,,,,,,,,,,,,,T1,,,,,,,
16433,0.082,-0.014,0.0,,,0.045,,,,,,,,,,,,,,,,,,,,,,,,,,,,,,,,,,,,,,,,,,,,,,,,,,,,,,,,,,,,,,,,,,,,,,-0.009,0.055,-0.702,-0.009,0.024,-0.072,,,,,0.01,0.013,0.017,0.0,,0.0,,,,,,,,,,0,140.44,,140.47,,,,,,,,,,,,,,,,,,,,,,,,,,,,146.07,146.07,146.08,,146.08,,,,,,,,,,,,,,,,,,,,,,,,,,,,,,,,,,,,,,,,,,,,,
1750,0.023,0.056,0.0,,,,,,-0.109,,,,,,,,,,,,,,,,,,,,,,,,,,,,,,,,,,,,,,,,,,,,,,,,,,,,,,,,,,,,,,,,,,,,,,,,,,,,,,,,,,,0.0,0.0,0.168,0.059,,-0.207,0.0,,0.0,0,550.22,,,550.26,,,,,,,,,,,,,,,,,,,,,,,,,,,,,,,,,551.49,,551.51,551.52,,,,,,,,,,,,,,,,,,,,,,,,,,,,,,,,,,,,,,,,
7034,-0.101,-0.072,,0.019,0.336,,,,-0.06,,,,,,,,,,,,,,,,,,,,,,,,,,,,,,,,,,,,,,,,,,,,,,,,,,,,,,,,,,,,,,,,,,,-0.132,-0.117,0.104,-0.132,-0.031,0.164,0.07,0.0,-0.004,0.0,0.011,0.013,0.153,0.0,0.0,0.0,,,,,,,,,,0,1518.38,1518.39,,1518.43,,,,,,,,,,,,,,,,,,,,,,,,,,,1527.56,1527.56,1527.56,1527.56,1527.56,1527.57,,,,,,,,,,,,,,,,,,,,,,,,,,,,,,,,,,,,,,,,,,,,
12883,-0.108,0.002,,0.119,,-0.11,,,,,,,,,,,,,,,,,,,,,,,,,,,,,,,,,,,,,,,,,,,,,,,,,,,,,,,,,,,,,,,,,,,,,,-0.081,-0.009,0.082,-0.081,-0.082,-0.046,0.124,0.0,0.013,0.0,0.013,0.013,0.017,0.0,0.0,0.0,,,,,,,,,,0,1409.39,1409.39,1409.42,,,,,,,,,,,,,,,,,,,,,,,,,,,,1410.59,1410.59,1410.6,1410.6,1410.6,1410.61,,,,,,,,,,,,,,,,,,,,,,,,,,,,,,,,,,,,,,,,,,,,
52064,-0.023,-0.302,0.0,,-0.164,0.078,,,,,,,,,,,,,,,,,,,,,,,,,,,,,,,,,,,,,,,,,,,,,,,,,,,,,,,,,,,,,,,,,,,,,,-0.182,0.068,0.104,-0.182,-0.031,0.086,0.043,0.0,-0.013,0.0,0.01,0.013,-0.119,0.0,,0.0,,,,,,,,,,0,1618.94,,1619.0,,,,,,,,,,,,,,,,,,,,,,,,,,,,1624.62,1624.62,1624.62,1624.62,1624.62,,,,,,,,,,,,,,,,,,,,,,,,,,,,,,,,,,,,,,T1,,,,,,,
51919,-0.108,-0.254,0.0,,,-0.18,,,,,,,,,,,,,,,,,,,,,,,,,,,,,,,,,,,,,,,,,,,,,,,,,,,,,,,,,,,,,,,,,,,,,,-0.106,0.023,0.104,-0.106,-0.082,0.033,0.26,0.0,-0.012,0.0,0.004,0.013,0.108,0.0,0.0,0.0,,,,,,,,,,0,1434.01,,1434.04,,,,,,,,,,,,,,,,,,,,,,,,,,,,1440.08,1440.08,1440.08,1440.08,1440.08,1440.09,,,,,,,,,,,,,,,,,,,,,,,,,,,,,,,,,,,,,T1,,,,,,,
23903,0.016,-0.126,,-0.081,-0.164,,,,-0.161,,,,,,,,,,,,,,,,,,,,,,,,,,,,,,,,,,,,,,,,,,,,,,,,,,,,,,,,,,,,,,,,,,,0.008,0.093,0.057,0.008,0.024,-0.204,0.097,0.0,-0.012,0.0,0.009,0.013,-0.119,0.0,,0.0,,,,,,,,,,0,636.62,636.63,,636.65,,,,,,,,,,,,,,,,,,,,,,,,,,,639.06,639.06,639.06,639.06,639.06,,,,,,,,,,,,,,,,,,,,,,,,,,,,,,,,,,,,,,T1,,,,,,,
28499,,,,,,,,,,0.026,,-0.324,-0.01,-0.018,0.106,,,,,,,,,,,,,,,,,,,,,,,,,,,,,,,,,,,,,,,,,,,,,,,,,,,,,,,,,,,,,-0.174,-0.098,0.082,-0.174,-0.008,-0.046,0.016,0.0,-0.012,0.0,0.008,0.013,-0.074,0.0,,0.0,,,,,,,,,,0,,,,,582.6,582.63,,,,,,,,,,,,,,,,,,,,,,,,,586.22,586.22,586.22,586.22,586.22,,,,,,,,,,,,,,,,,,,,,,,,,,,,,,,,,,,,,,T1,,,,,,,
5958,,,,,,,,,,,,,,,,,,,-0.261,0.146,0.004,0.073,,-0.011,,-0.111,,,,,,,,,,,,,,,,,,,,,,,,,,,,,,,,,,,,,,,,,,,,,,,-0.035,,,0.045,-0.136,0.063,0.045,-0.055,0.007,-0.2,0.0,-0.005,0.0,0.014,0.013,0.108,0.0,,0.0,,,,,,,,,,0,,,,,,,,1039.8,1039.82,,,,,,,,,,,,,,,,,,,,,,1071.88,1071.88,1071.88,1071.88,1071.88,,,,,,,,,,,,,T1,,,T3,,,,,,,,,,,,,,,,,,,,,,,,,,,,,
48055,0.18,-0.11,0.0,,-0.164,,,,-0.094,,,,,,,,,,,,,,,,,,,,,,,,,,,,,,,,,,,,,,,,,,,,,,,,,,,,,,,,,,,,,,,,,,,-0.132,-0.002,0.104,-0.132,-0.027,0.191,0.07,0.0,-0.013,0.0,0.018,0.013,-0.119,0.0,0.0,0.0,,,,,,,,,,0,1633.58,,,1633.61,,,,,,,,,,,,,,,,,,,,,,,,,,,1636.32,1636.32,1636.33,1636.33,1636.33,1636.34,,,,,,,,,,,,,,,,,,,,,,,,,,,,,,,,,,,,,T1,,,,,,,
8657,0.069,-0.035,0.0,,-0.164,,-0.017,0.001,,,,,,,,,,,,,,,,,,,,,,,,,,,,,,,,,,,,,,,,,,,,,,,,,,,,,,,,,,,,,,,,,,,,0.185,0.125,0.101,0.185,0.004,-0.046,-0.038,0.0,-0.012,0.0,0.012,0.013,0.062,0.0,,0.0,,,,,,,,,,0,675.81,,,,,,,,,,,,,,,,,,,,,,,,,,,,,,677.46,677.46,677.46,677.46,677.46,,,,,,,,,,,,,,,,,,,,,,,,,,,,,,,,,,,,,,,,,,,,,
16223,,,,,,,,,,-0.006,0.066,,-0.01,,,,-0.005,-0.182,,,,,,,,,,,,,,,,,,,,,,,,,,,,,,,,,,,,,,,,,,,,,,,,,,,,,,,,,,0.23,-0.225,-0.702,0.23,,-0.204,,,,,0.013,0.013,-0.029,0.0,,0.0,,,,,,,,,,0,,,,,,,69.07,,,,,,,,,,,,,,,,,,,,,,,,71.21,71.21,71.21,,71.21,,,,,,,,,,,,,,,,,,,,,,,,,,,,,,,,,,,,,,,,,,,,,
17956,,,,,,,,,,,,,,,,,,,,,,,,,,,0.078,-0.006,,0.034,-0.288,,-0.136,0.154,,,,,,,,,,,,,,,,,,,,,,,,,,,,,,,,,,,,,-0.216,-0.198,,,,0.205,-0.002,0.037,0.205,0.055,-0.204,,,,,0.017,0.013,0.108,0.0,,0.0,,,,,,,,,,0,,,,,,,,,,,381.44,,,,,,,,,,,,,,,,,,408.81,,427.28,427.28,427.28,,427.28,,,,,,,,,,,,,,,,,,,,,,,,,,,,,,,,,,,,,,,,,,,,,
16369,,,,,,,,,,-0.006,,0.407,-0.01,,,,0.025,0.022,,,,,,,,,,,,,,,,,,,,,,,,,,,,,,,,,,,,,,,,,,,,,,,,,,,,,,,,,,0.021,-0.028,0.082,0.021,0.012,-0.125,-0.119,0.0,0.022,0.0,0.014,0.013,0.017,0.0,0.0,0.0,,,,,,,,,,0,,,,,553.55,,553.58,,,,,,,,,,,,,,,,,,,,,,,,554.98,554.98,554.98,554.98,554.98,555.0,,,,,,,,,,,,,,,,,,,,,,,,,,,,,,,,,,,,,T1,,,,,,,
16888,0.016,0.109,0.0,,,,,,0.019,,,,,,,,,,,,,,,,,,,,,,,,,,,,,,,,,,,,,,,,,,,,,,,,,,,,,,,,,,,,,,,,,,,-0.081,0.055,0.104,-0.081,-0.067,0.086,0.043,0.0,-0.012,0.0,0.009,0.013,0.017,0.0,0.0,0.0,,,,,,,,,,0,1432.97,,,1433.04,,,,,,,,,,,,,,,,,,,,,,,,,,,1433.95,1433.95,1433.96,1433.96,1433.96,1433.97,,,,,,,,,,,,,,,,,,,,,,,,,,,,,,,,,,,,,T1,,,,,,,
54559,-0.219,-0.03,,0.019,-0.164,-0.035,,,,,,,,,,,,,,,,,,,,,,,,,,,,,,,,,,,,,,,,,,,,,,,,,,,,,,,,,,,,,,,,,,,,,,-0.056,-0.066,0.082,-0.056,-0.055,0.033,-0.038,0.0,-0.012,0.0,0.016,0.013,-0.165,0.0,0.0,0.0,,,,,,,,,,0,1382.14,1382.14,1382.17,,,,,,,,,,,,,,,,,,,,,,,,,,,,1384.46,1384.46,1384.46,1384.46,1384.46,1384.48,,,,,,,,,,,,,,,,,,,,,,,,,,,,,,,,,,,,,T1,,,,,,,
1250,0.075,0.109,,-0.081,-0.164,,,,-0.201,,,,,,,,,,,,,,,,,,,,,,,,,,,,,,,,,,,,,,,,,,,,,,,,,,,,,,,,,,,,,,,,,,,0.008,0.017,0.057,0.008,0.008,-0.125,-0.011,0.0,-0.012,0.0,0.013,0.013,,,,0.0,,,,,,,,,,1,619.18,619.19,,619.21,,,,,,,,,,,,,,,,,,,,,,,,,,,622.15,622.15,622.17,622.17,622.17,,,,,,,,,,,,,,,,,,,,,,,,,,,,,,,,,,,,,,,,,,,,,
8353,0.075,0.259,0.0,,-0.164,,,,0.085,,,,,,,,,,,,,,,,,,,,,,,,,,,,,,,,,,,,,,,,,,,,,,,,,,,,,,,,,,,,,,,,,,,-0.132,-0.072,0.082,-0.132,-0.078,0.007,-0.038,0.0,-0.003,0.0,0.014,0.013,0.017,0.0,,0.0,,,,,,,,,,0,1399.06,,,1399.09,,,,,,,,,,,,,,,,,,,,,,,,,,,1400.57,1400.57,1400.57,1400.57,1400.57,,,,,,,,,,,,,,,,,,,,,,,,,,,,,,,,,,,,,,,,,,,,,
37457,-0.01,-0.094,0.0,,,,,,-0.061,,,,,,,,,,,,,,,,,,,,,,,,,,,,,,,,,,,,,,,,,,,,,,,,,,,,,,,,,,,,,,,,,,,-0.132,-0.111,0.063,-0.132,-0.059,0.086,-0.146,0.0,-0.004,0.0,0.017,0.013,-0.074,0.0,0.0,0.0,,,,,,,,,,0,1154.09,,,1154.11,,,,,,,,,,,,,,,,,,,,,,,,,,,1155.42,1155.42,1155.42,1155.42,1155.42,1155.43,,,,,,,,,,,,,,,,,,,,,,,,,,,,,,,,,,,,,T1,,,,,,,
3297,0.023,0.072,0.0,,-0.164,,,,-0.228,,,,,,,,,,,,,,,,,,,,,,,,,,,,,,,,,,,,,,,,,,,,,,,,,,,,,,,,,,,,,,,,,,,0.041,0.068,-0.702,0.041,,0.164,,,,,0.011,0.013,0.199,0.0,0.0,0.0,,,,,,,,,,0,114.96,,,114.99,,,,,,,,,,,,,,,,,,,,,,,,,,,116.39,116.39,116.4,,116.4,116.42,,,,,,,,,,,,,,,,,,,,,,,,,,,,,,,,,,,,,T1,,,,,,,
58711,,,,,,,,,,,,,,,,,,,,,,,,,,,0.153,-0.133,,-0.038,-0.131,-0.024,,0.162,,,,,,,,,,,,,,,,,,,,,,,,,,,,,,,,,,,,,,,-0.035,,,-0.132,0.042,0.063,-0.132,-0.004,0.217,-0.119,0.0,-0.013,0.0,0.014,0.013,-0.119,0.0,,0.0,,,,,,,,,,0,,,,,,,,,,,970.94,,971.0,,,,,,,,,,,,,,,,,,989.97,989.97,989.97,989.97,989.97,,,,,,,,,,,,,,,,,,,,,,,,,,,,,,,,,,,,,,,,,,,,,
391,0.043,0.184,,0.019,-0.164,,,,-0.093,,,,,,,,,,,,,,,,,,,,,,,,,,,,,,,,,,,,,,,,,,,,,,,,,,,,,,,,,,,,,,,,,,,-0.031,-0.002,0.063,-0.031,-0.035,0.112,-0.119,0.0,-0.013,0.0,0.017,0.013,-0.029,0.0,0.0,0.0,,,,,,,,,,0,970.71,970.72,,970.74,,,,,,,,,,,,,,,,,,,,,,,,,,,972.76,972.76,972.76,972.76,972.76,972.78,,,,,,,,,,,,,,,,,,,,,,,,,,,,,,,,,,,,,T1,,,,,,,
28847,,,,,,,,,,,,,,,,,,,,,,,,,,,,,,,,,,,0.106,,,0.387,-0.02,,0.02,,,,,,,,,,,,,,,,,,,,,,,,,,,,,,0.108,0.05,,,,0.058,0.087,0.057,0.058,-0.039,0.007,-0.011,0.0,0.029,0.0,0.012,0.013,-0.029,0.0,0.0,0.0,,,,,,,,,,0,,,,,,,,,,,,,,706.73,,706.85,,,,,,,,,,,,,740.35,,743.32,743.32,743.33,743.33,743.33,743.35,,,,,,,,,,,,,,,,,,,,T1,,T1,,,,,,,,,,,,,,,T1,,,,,,,
54663,,,,,,,,,,0.014,-0.034,,,,,0.029,,,,,,,,,,,,,,,,,,,,,,,,,,,,,,,,,,,,,,,,,,,,,,,,,,,,,,,,,,,,-0.255,-0.034,-0.029,-0.255,0.094,-0.046,,,,,0.013,0.013,0.062,0.0,0.0,0.0,,,,,,,,,,0,,,,,,,,,,,,,,,,,,,,,,,,,,,,,,,200.57,200.57,200.57,,200.57,200.59,,,,,,,,,,,,,,,,,,,,,,,,,,,,,,,,,,,,,T1,,,,,,,
35588,,,,,,,,,,-0.006,-0.034,,,,,-0.138,,,,,,,,,,,,,,,,,,,,,,,,,,,,,,,,,,,,,,,,,,,,,,,,,,,,,,,,,,,,0.185,-0.079,0.057,0.185,0.016,-0.125,-0.092,0.0,-0.011,0.0,0.017,0.013,0.108,0.0,0.0,0.0,,,,,,,,,,0,,,,,,,,,,,,,,,,,,,,,,,,,,,,,,,693.99,693.99,693.99,693.99,693.99,694.01,,,,,,,,,,,,,,,,,,,,,,,,,,,,,,,,,,,,,T1,,,,,,,
43065,-0.049,-0.078,0.0,,,-0.075,,,,,,,,,,,,,,,,,,,,,,,,,,,,,,,,,,,,,,,,,,,,,,,,,,,,,,,,,,,,,,,,,,,-0.035,,,,,,,,,,,,,,,,,,,0.0,0.0,-0.015,-0.101,,0.129,0.0,0.069,0.0,0,1374.68,,1374.71,,,,,,,,,,,,,,,,,,,,,,,,,,,,,,,,,,1376.77,,1376.8,1376.8,,,,,,,,,,,,,,,,,,,,,,,,,,,,,,,,,,,,,,,,
9731,0.062,0.056,0.0,,,,0.1,0.0,,,,,,,,,,,,,,,,,,,,,,,,,,,,,,,,,,,,,,,,,,,,,,,,,,,,,,,,,,,,,,,,,,,,0.041,0.138,-0.702,0.041,0.098,0.164,,,,,0.01,0.013,0.062,0.0,,0.0,,,,,,,,,,0,113.11,,,,,,,,,,,,,,,,,,,,,,,,,,,,,,114.16,114.16,114.17,,114.17,,,,,,,,,,,,,,,,,,,,,,,,,,,,,,,,,,,,,,T1,,,,,,,
9794,,,,,,,,,,,,,,,,,,,,,,,,,,,,,,,,,,,0.005,,,-0.313,0.071,,0.071,,,,,,,,,,,,,,,,,,,,,,,,,,,,,,0.073,0.112,,,,0.084,-0.053,0.057,0.084,0.063,-0.02,-0.092,0.0,-0.004,0.0,0.012,0.013,-0.074,0.0,,0.0,,,,,,,,,,0,,,,,,,,,,,,,,690.57,,690.63,,,,,,,,,,,,,723.32,,726.68,726.68,726.69,726.69,726.69,,,,,,,,,,,,,,,,,,,,,T1,,T1,,,,,,,,,,,,,,,,,,,,,,
54037,0.075,0.045,,0.019,-0.164,,-0.043,0.001,,,,,,,,,,,,,,,,,,,,,,,,,,,,,,,,,,,,,,,,,,,,,,,,,,,,,,,,,,,,,,,,,,,,0.185,0.068,0.057,0.185,0.0,0.059,0.097,0.0,-0.013,0.0,0.013,0.013,0.108,0.0,,0.0,,,,,,,,,,0,888.07,888.08,,,,,,,,,,,,,,,,,,,,,,,,,,,,,892.08,892.08,892.08,892.08,892.08,,,,,,,,,,,,,,,,,,,,,,,,,,,,,,,,,,,,,,T1,,,,,,,
31256,,,,,,,,,,-0.006,-0.034,,,,,,0.01,0.063,,,,,,,,,,,,,,,,,,,,,,,,,,,,,,,,,,,,,,,,,,,,,,,,,,,,,,,,,,-0.157,-0.232,0.063,-0.157,-0.035,-0.099,-0.065,0.0,-0.005,0.0,0.016,0.013,-0.165,0.0,,0.0,,,,,,,,,,0,,,,,,,1089.03,,,,,,,,,,,,,,,,,,,,,,,,1090.29,1090.29,1090.3,1090.3,1090.3,,,,,,,,,,,,,,,,,,,,,,,,,,,,,,,,,,,,,,,,,,,,,
48057,-0.036,-0.046,,-0.081,-0.164,,,,-0.207,,,,,,,,,,,,,,,,,,,,,,,,,,,,,,,,,,,,,,,,,,,,,,,,,,,,,,,,,,,,,,,,,,,0.117,-0.117,-0.702,0.117,0.106,0.086,,,,,0.01,0.013,0.153,0.0,0.0,0.0,,,,,,,,,,0,116.86,116.87,,116.9,,,,,,,,,,,,,,,,,,,,,,,,,,,118.66,118.66,118.66,,118.66,118.69,,,,,,,,,,,,,,,,,,,,,,,,,,,,,,,,,,,,,T1,,,,,,,
41085,-0.101,-0.104,0.0,,0.336,,0.109,0.004,,,,,,,,,,,,,,,,,,,,,,,,,,,,,,,,,,,,,,,,,,,,,,,,,,,,,,,,,,,,,,,,,,,,-0.056,-0.104,0.063,-0.056,0.059,-0.151,-0.065,0.0,-0.014,0.0,0.012,0.013,0.062,0.0,,0.0,,,,,,,,,,0,1098.72,,,,,,,,,,,,,,,,,,,,,,,,,,,,,,1105.42,1105.42,1105.42,1105.42,1105.42,,,,,,,,,,,,,,,,,,,,,,,,,,,,,,,,,,,,,,,,,,,,,
32535,,,,,,,,,,,,,,,,,,,,,,,,,,,,,,,,,,,-0.055,-0.008,-0.013,,,0.04,-0.063,,,,,,,,,,,,,,,,,,,,,,,,,,,,,,-0.198,0.043,,,,0.16,-0.079,0.057,0.16,-0.004,0.033,0.016,0.0,-0.013,0.0,-0.969,-0.987,-0.029,0.0,,0.0,,,,,,,,,,0,,,,,,,,,,,,,,693.56,693.58,,,,,,,,,,,,,,722.12,,735.8,735.8,735.9,735.9,735.9,,,,,,,,,,,,,,,,,,,,,T1,,,,,,,,,,,,,,,,,T1,,,,,,,
41062,,,,,,,,,,-0.014,0.066,,,,,0.104,,,,,,,,,,,,,,,,,,,,,,,,,,,,,,,,,,,,,,,,,,,,,,,,,,,,,,,,,,,,-0.106,-0.091,0.082,-0.106,-0.067,-0.046,0.205,0.0,-0.003,0.0,0.012,0.013,-0.074,0.0,,0.0,,,,,,,,,,0,,,,,,,,,,,,,,,,,,,,,,,,,,,,,,,1316.07,1316.07,1316.55,1316.55,1316.55,,,,,,,,,,,,,,,,,,,,,,,,,,,,,,,,,,,,,,,,,,,,,
19888,0.069,0.056,0.0,,-0.164,,,,-0.006,,,,,,,,,,,,,,,,,,,,,,,,,,,,,,,,,,,,,,,,,,,,,,,,,,,,,,,,,,,,,,,,,,,0.033,0.042,0.057,0.033,-0.024,-0.151,-0.065,0.0,-0.013,0.0,0.016,0.013,-0.074,0.0,0.0,0.0,,,,,,,,,,0,826.01,,,826.03,,,,,,,,,,,,,,,,,,,,,,,,,,,829.44,829.44,829.45,829.45,829.45,829.46,,,,,,,,,,,,,,,,,,,,,,,,,,,,,,,,,,,,,T1,,,,,,,
27147,-0.049,-0.126,,0.019,,-0.024,,,,,,,,,,,,,,,,,,,,,,,,,,,,,,,,,,,,,,,,,,,,,,,,,,,,,,,,,,,,,,,,,,,,,,-0.21,0.132,0.015,-0.21,0.161,0.059,,,,,0.007,0.013,,,,0.0,,,,,,,,,,0,230.21,230.21,230.35,,,,,,,,,,,,,,,,,,,,,,,,,,,,231.57,231.57,231.57,,231.57,,,,,,,,,,,,,,,,,,,,,,,,,,,,,,,,,,,,,,,,,,,,,
23541,0.088,0.024,,-0.081,-0.164,,-0.239,0.0,,,,,,,,,,,,,,,,,,,,,,,,,,,,,,,,,,,,,,,,,,,,,,,,,,,,,,,,,,,,,,,,,,,,-0.005,-0.021,0.104,-0.005,-0.043,-0.046,0.016,0.0,0.012,0.0,0.013,0.013,0.199,0.0,0.0,0.0,,,,,,,,,,0,1647.4,1647.41,,,,,,,,,,,,,,,,,,,,,,,,,,,,,1649.88,1649.88,1649.88,1649.88,1649.88,1649.89,,,,,,,,,,,,,,,,,,,,,,,,,,,,,,,,,,,,,T1,,,,,,,
48444,-0.036,0.211,0.0,,0.336,0.05,,,,,,,,,,,,,,,,,,,,,,,,,,,,,,,,,,,,,,,,,,,,,,,,,,,,,,,,,,,,,,,,,,,,,,-0.056,-0.04,0.063,-0.056,-0.043,0.217,0.043,0.0,0.022,0.0,0.01,0.013,-0.119,0.0,,0.0,,,,,,,,,,0,1238.72,,1238.79,,,,,,,,,,,,,,,,,,,,,,,,,,,,1241.69,1241.69,1241.7,1241.7,1241.7,,,,,,,,,,,,,,,,,,,,,,,,,,,,,,,,,,,,,,,,,,,,,
30128,,,,,,,,,,,,,,,,,,,,,,,,,,,-0.013,0.155,,0.034,-0.017,-0.042,,-0.248,,,,,,,,,,,,,,,,,,,,,,,,,,,,,,,,,,,,,,,-0.035,,,0.134,0.049,0.057,0.134,-0.039,0.112,-0.092,0.0,0.004,0.0,0.014,0.013,-0.029,0.0,,0.0,,,,,,,,,,0,,,,,,,,,,,788.18,,788.19,,,,,,,,,,,,,,,,,,794.1,794.1,794.11,794.11,794.11,,,,,,,,,,,,,,,,,,,,,,,,,,,,,,,,,,,,,,,,,,,,,
47405,-0.212,-0.179,,-0.081,-0.164,,0.015,-0.003,,,,,,,,,,,,,,,,,,,,,,,,,,,,,,,,,,,,,,,,,,,,,,,,,,,,,,,,,,,,,,,,,,,,-0.132,-0.04,0.082,-0.132,-0.031,0.033,-0.038,0.0,0.022,0.0,0.01,0.013,-0.119,0.0,,0.0,,,,,,,,,,0,1376.19,1376.19,,,,,,,,,,,,,,,,,,,,,,,,,,,,,1377.7,1377.7,1377.7,1377.7,1377.7,,,,,,,,,,,,,,,,,,,,,,,,,,,,,,,,,,,,,,T1,,,,,,,
34798,,,,,,,,,,,,,,,,,,,,,,,,,,,,,,,,,,,0.031,,,-0.34,0.216,,-0.058,,,,,,,,,,,,,,,,,,,,,,,,,,,,,,0.038,0.024,,,,0.084,0.042,0.057,0.084,-0.02,0.033,0.016,0.0,0.004,0.0,0.016,0.013,0.108,0.0,0.0,0.0,,,,,,,,,,0,,,,,,,,,,,,,,769.73,,769.76,,,,,,,,,,,,,787.4,,788.72,788.72,788.73,788.73,788.73,788.74,,,,,,,,,,,,,,,,,,,,T1,,T1,,,,,,,,,,,,,,,T1,,,,,,,
51292,,,,,,,,,,,,,,,,,,,,,,,,,,,,,,,,,,,-0.147,,,-0.163,,0.0,-0.04,,,,,,,,,,,,,,,,,,,,,,,,,,,,,,0.0,0.024,,,,0.008,0.049,0.057,0.008,-0.027,0.059,-0.092,0.0,-0.004,0.0,0.018,0.013,-0.029,0.0,0.0,0.0,,,,,,,,,,0,,,,,,,,,,,,,,762.97,,,,,,,,,,,,,,,776.8,,780.22,780.22,780.22,780.22,780.22,780.25,,,,,,,,,,,,,,,,,,,,T1,,T1,,,,,,,,,,,,,,,T1,,,,,,,
24838,0.101,-0.099,0.0,,0.336,,-0.073,0.002,,,,,,,,,,,,,,,,,,,,,,,,,,,,,,,,,,,,,,,,,,,,,,,,,,,,,,,,,,,,,,,,,,,,-0.031,0.036,0.063,-0.031,-0.043,0.086,-0.038,0.0,-0.014,0.0,0.011,0.013,-0.074,0.0,,0.0,,,,,,,,,,0,1107.83,,,,,,,,,,,,,,,,,,,,,,,,,,,,,,1108.5,1108.5,1108.5,1108.5,1108.5,,,,,,,,,,,,,,,,,,,,,,,,,,,,,,,,,,,,,,T1,,,,,,,
9129,0.01,0.002,,0.019,,,-0.028,-0.009,,,,,,,,,,,,,,,,,,,,,,,,,,,,,,,,,,,,,,,,,,,,,,,,,,,,,,,,,,,,,,,,,,,,-0.081,-0.009,0.082,-0.081,-0.067,-0.02,-0.119,0.0,0.022,0.0,0.013,0.013,-0.029,0.0,,0.0,,,,,,,,,,0,1271.83,1271.83,,,,,,,,,,,,,,,,,,,,,,,,,,,,,1276.76,1276.76,1276.76,1276.76,1276.76,,,,,,,,,,,,,,,,,,,,,,,,,,,,,,,,,,,,,,T1,,,,,,,
43315,-0.068,0.056,0.0,,,,,,0.033,,,,,,,,,,,,,,,,,,,,,,,,,,,,,,,,,,,,,,,,,,,,,,,,,,,,,,,,,,,,,,,,,,,-0.132,-0.002,0.082,-0.132,-0.035,0.007,0.178,0.0,0.013,0.0,0.016,0.013,-0.119,0.0,0.0,0.0,,,,,,,,,,0,1342.96,,,1343.0,,,,,,,,,,,,,,,,,,,,,,,,,,,1350.8,1350.8,1350.81,1350.81,1350.81,1350.87,,,,,,,,,,,,,,,,,,,,,,,,,,,,,,,,,,,,,,,,,,,,
45427,0.108,-0.014,,0.019,,,,,-0.017,,,,,,,,,,,,,,,,,,,,,,,,,,,,,,,,,,,,,,,,,,,,,,,,,,,,,,,,,,,,,,,,,,,-0.081,-0.091,0.063,-0.081,-0.047,-0.046,0.016,0.0,0.007,0.0,0.016,0.013,0.062,0.0,0.0,0.0,,,,,,,,,,0,1108.46,1108.46,,1108.48,,,,,,,,,,,,,,,,,,,,,,,,,,,1110.01,1110.01,1110.02,1110.02,1110.02,1110.04,,,,,,,,,,,,,,,,,,,,,,,,,,,,,,,,,,,,,T1,,,,,,,
29632,0.043,-0.003,0.0,,,,,,0.071,,,,,,,,,,,,,,,,,,,,,,,,,,,,,,,,,,,,,,,,,,,,,,,,,,,,,,,,,,,,,,,,,,,0.029,-0.009,0.037,0.029,0.039,-0.072,,,,,0.011,0.013,0.108,0.0,0.0,0.0,,,,,,,,,,0,353.45,,,353.48,,,,,,,,,,,,,,,,,,,,,,,,,,,354.38,354.38,354.39,,354.39,354.4,,,,,,,,,,,,,,,,,,,,,,,,,,,,,,,,,,,,,T1,,,,,,,
41839,,,,,,,,,,,,,,,,,,,,,,,,,,,,,,,,,,,,,,,,,,-0.022,0.0,0.0,,-0.021,,0.053,,,,,,,,,,,,,,,,,,,,,,,,,,,,0.07,-0.002,0.082,0.07,0.039,-0.099,,,,,0.006,0.013,-0.165,0.0,0.0,0.0,,,,,,,,,,0,,,,,,,,,,,,,,,,,473.15,,,,,,,,,,,,,,507.92,507.92,507.92,,507.92,507.94,,,,,,,,,,,,,,,,,,,,,,,,,,,,,,,,,,,,,,,,,,,,
38178,,,,,,,,,,-0.006,0.066,,,0.062,0.007,,,,,,,,,,,,,,,,,,,,,,,,,,,,,,,,,,,,,,,,,,,,,,,,,,,,,,,,,,,,,-0.207,-0.04,0.082,-0.207,-0.075,0.059,0.124,0.0,-0.003,0.0,0.009,0.013,-0.256,0.0,0.0,0.0,,,,,,,,,,0,,,,,,1295.8,,,,,,,,,,,,,,,,,,,,,,,,,1300.19,1300.19,1300.2,1300.2,1300.2,1300.21,,,,,,,,,,,,,,,,,,,,,,,,,,,,,,,,,,,,,T1,,,,,,,
34244,-0.082,0.125,,0.019,,,,,0.059,,,,,,,,,,,,,,,,,,,,,,,,,,,,,,,,,,,,,,,,,,,,,,,,,,,,,,,,,,,,,,,,,,,-0.305,0.272,-0.029,-0.305,0.176,-0.099,,,,,0.013,0.013,-0.165,0.0,,0.0,,,,,,,,,,0,202.38,202.38,,202.41,,,,,,,,,,,,,,,,,,,,,,,,,,,202.81,202.81,202.81,,202.81,,,,,,,,,,,,,,,,,,,,,,,,,,,,,,,,,,,,,,T1,,,,,,,
11725,0.128,0.008,,0.019,-0.164,0.021,,,,,,,,,,,,,,,,,,,,,,,,,,,,,,,,,,,,,,,,,,,,,,,,,,,,,,,,,,,,,,,,,-0.203,-0.101,,,,0.134,0.017,0.101,0.134,-0.004,0.007,0.016,0.0,0.013,0.0,0.012,0.013,-0.029,0.0,,0.0,,,,,,,,,,0,669.04,669.06,669.09,,,,,,,,,,,,,,,,,,,,,,,,,,669.61,,674.82,674.82,674.82,674.82,674.82,,,,,,,,,,,,,,,,,,,,,,,,,,,,,,,,,,,,,,T1,,,,,,,
46012,-0.036,-0.04,0.0,,,,,,-0.103,,,,,,,,,,,,,,,,,,,,,,,,,,,,,,,,,,,,,,,,,,,,,,,,,,,,,,,,,,,,,,,,,,,0.058,0.03,0.063,0.058,-0.02,-0.204,-0.065,0.0,-0.013,0.0,0.018,0.013,0.062,0.0,0.0,0.0,,,,,,,,,,0,923.37,,,923.4,,,,,,,,,,,,,,,,,,,,,,,,,,,927.55,927.55,927.55,927.55,927.55,927.57,,,,,,,,,,,,,,,,,,,,,,,,,,,,,,,,,,,,,,,,,,,,
7574,-0.075,-0.174,0.0,,,,,,-0.059,,,,,,,,,,,,,,,,,,,,,,,,,,,,,,,,,,,,,,,,,,,,,,,,,,,,,,,,,,,,,,,,-0.035,,,0.033,0.055,0.057,0.033,-0.008,-0.02,0.016,0.0,0.003,0.0,0.016,0.013,-0.074,0.0,0.0,0.0,,,,,,,,,,0,892.13,,,892.2,,,,,,,,,,,,,,,,,,,,,,,,,,,897.79,897.79,897.8,897.8,897.8,897.82,,,,,,,,,,,,,,,,,,,,,,,,,,,,,,,,,,,,,T1,,,,,,,
26588,,,,,,,,,,,,,,,,,,,,,,,,,,,,,,,,,,,,,,,,,,-0.091,,,0.117,,0.021,-0.126,,,,,,,,,,,,,,,,,,,,,,,-0.044,0.077,,,,-0.057,-0.002,0.082,-0.057,0.02,-0.046,,,,,0.009,0.013,0.017,0.0,,0.0,,,,,,,,,,0,,,,,,,,,,,,,,,,,415.98,416.09,416.1,,,,,,,,,,456.85,,469.65,469.65,469.65,,469.65,,,,,,,,,,,,,,,,,,,,,,,,,,,,,,,,,,,,,,T1,,,,,,,
59300,-0.016,-0.163,,0.019,-0.164,0.057,,,,,,,,,,,,,,,,,,,,,,,,,,,,,,,,,,,,,,,,,,,,,,,,,,,,,,,,,,,,,,,,,,,,,,0.207,0.061,0.037,0.207,0.098,-0.151,,,,,0.01,0.013,0.244,0.0,,0.0,,,,,,,,,,0,322.63,322.63,322.66,,,,,,,,,,,,,,,,,,,,,,,,,,,,323.22,323.22,323.22,,323.22,,,,,,,,,,,,,,,,,,,,,,,,,,,,,,,,,,,,,,T1,,,,,,,
13828,0.219,-0.121,0.0,,,0.064,,,,,,,,,,,,,,,,,,,,,,,,,,,,,,,,,,,,,,,,,,,,,,,,,,,,,,,,,,,,,,,,,,,,,,-0.106,-0.009,0.104,-0.106,-0.039,-0.072,0.097,0.0,0.012,0.0,0.012,0.013,-0.119,0.0,,0.0,,,,,,,,,,0,1636.0,,1636.02,,,,,,,,,,,,,,,,,,,,,,,,,,,,1641.09,1641.09,1641.09,1641.09,1641.09,,,,,,,,,,,,,,,,,,,,,,,,,,,,,,,,,,,,,,,,,,,,,
7415,,,,,,,,,,,,,,,,,,,,,,,,,,,,,,,,,,,,,,,,,,,,,,,,,,,,,,,,,,,,,,,,,,-0.008,,,,-0.065,0.254,-0.125,,,,-0.057,-0.009,0.082,-0.057,0.024,-0.178,,,,,0.014,0.013,-0.029,0.0,0.0,0.0,,,,,,,,,,0,,,,,,,,,,,,,,,,,,,,,,,,,,,,408.64,455.7,,468.71,468.71,468.71,,468.71,468.73,,,,,,,,,,,,,,,,,,,,,,,,,,,,,,,,,,,,,T1,,,,,,,
57914,0.101,-0.014,,-0.081,,,-0.04,0.002,,,,,,,,,,,,,,,,,,,,,,,,,,,,,,,,,,,,,,,,,,,,,,,,,,,,,,,,,,,,,,,,,,,,0.016,-0.091,-0.702,0.016,0.09,-0.02,,,,,0.013,0.013,0.017,0.0,,0.0,,,,,,,,,,0,139.63,139.63,,,,,,,,,,,,,,,,,,,,,,,,,,,,,140.13,140.13,140.13,,140.13,,,,,,,,,,,,,,,,,,,,,,,,,,,,,,,,,,,,,,T1,,,,,,,
52798,0.134,0.109,0.0,,,-0.057,,,,,,,,,,,,,,,,,,,,,,,,,,,,,,,,,,,,,,,,,,,,,,,,,,,,,,,,,,,,,,,,,,,,,,-0.056,0.036,0.063,-0.056,-0.035,0.059,-0.092,0.0,0.028,0.0,0.014,0.013,-0.074,0.0,0.0,0.0,,,,,,,,,,0,1095.59,,1095.62,,,,,,,,,,,,,,,,,,,,,,,,,,,,1096.29,1096.29,1096.29,1096.29,1096.29,1096.33,,,,,,,,,,,,,,,,,,,,,,,,,,,,,,,,,,,,,,,,,,,,
59327,-0.01,-0.051,0.0,,,,0.128,-0.002,,,,,,,,,,,,,,,,,,,,,,,,,,,,,,,,,,,,,,,,,,,,,,,,,,,,,,,,,,,,,,,,,,,,-0.056,-0.028,0.082,-0.056,-0.067,0.112,0.07,0.0,-0.012,0.0,0.014,0.013,0.017,0.0,0.0,0.0,,,,,,,,,,0,1333.68,,,,,,,,,,,,,,,,,,,,,,,,,,,,,,1340.65,1340.65,1340.65,1340.65,1340.65,1340.67,,,,,,,,,,,,,,,,,,,,,,,,,,,,,,,,,,,,,,,,,,,,
33821,0.056,-0.014,,0.019,-0.164,,-0.016,0.001,,,,,,,,,,,,,,,,,,,,,,,,,,,,,,,,,,,,,,,,,,,,,,,,,,,,,,,,,,,,,,,,,,,,0.084,-0.04,0.063,0.084,0.02,0.191,0.043,0.0,0.012,0.0,0.013,0.013,0.017,0.0,,0.0,,,,,,,,,,1,923.02,923.02,,,,,,,,,,,,,,,,,,,,,,,,,,,,,927.1,927.1,927.1,927.1,927.1,,,,,,,,,,,,,,,,,,,,,,,,,,,,,,,,,,,,,,T1,,,,,,,
4969,,,,,,,,,,,,,,,,,,,0.053,-0.067,-0.021,0.234,,-0.049,,-0.094,,,,,,,,,,,,,,,,,,,,,,,,,,,,,,,,,,,,,,,,,,,,,0.052,-0.083,,,,-0.081,-0.187,0.063,-0.081,0.071,0.27,-0.065,0.0,-0.013,0.0,0.011,0.013,-0.074,0.0,,0.0,,,,,,,,,,0,,,,,,,,1023.82,1023.83,,,,,,,,,,,,,,,,,,,,1041.27,,1053.72,1053.72,1053.72,1053.72,1053.72,,,,,,,,,,,,,T1,,,T3,,,,,,,,,,,,,,,,,,,,,,T1,,,,,,,
42406,-0.14,0.051,,-0.081,-0.164,,,,0.09,,,,,,,,,,,,,,,,,,,,,,,,,,,,,,,,,,,,,,,,,,,,,,,,,,,,,,,,,,,,,,,,,,,-0.031,-0.123,0.082,-0.031,0.0,0.086,-0.065,0.0,-0.012,0.0,0.014,0.013,0.199,0.0,,0.0,,,,,,,,,,0,1410.01,1410.03,,1410.04,,,,,,,,,,,,,,,,,,,,,,,,,,,1410.91,1410.91,1410.91,1410.91,1410.91,,,,,,,,,,,,,,,,,,,,,,,,,,,,,,,,,,,,,,T1,,,,,,,
10455,0.036,0.04,,0.019,,-0.062,,,,,,,,,,,,,,,,,,,,,,,,,,,,,,,,,,,,,,,,,,,,,,,,,,,,,,,,,,,,,,,,,,,,,,0.02,-0.028,0.082,0.02,-0.067,0.007,0.097,0.0,-0.012,0.0,0.009,0.013,0.153,0.0,,0.0,,,,,,,,,,0,1399.62,1399.64,1399.65,,,,,,,,,,,,,,,,,,,,,,,,,,,,1407.21,1407.21,1407.21,1407.21,1407.21,,,,,,,,,,,,,,,,,,,,,,,,,,,,,,,,,,,,,,T1,,,,,,,
30390,-0.068,0.008,0.0,,0.336,,,,-0.158,,,,,,,,,,,,,,,,,,,,,,,,,,,,,,,,,,,,,,,,,,,,,,,,,,,,,,,,,,,,,,,,,,,-0.071,0.138,0.037,-0.071,0.216,-0.072,,,,,-0.969,-0.987,0.153,0.0,,0.0,,,,,,,,,,0,292.08,,,292.12,,,,,,,,,,,,,,,,,,,,,,,,,,,298.7,298.7,298.79,,298.79,,,,,,,,,,,,,,,,,,,,,,,,,,,,,,,,,,,,,,T1,,,,,,,
20328,,,,,,,,,,,,,,,,,,,,,,,,,,,,,,,,,,,0.196,-0.064,0.018,,,-0.034,0.045,,,,,,,,,,,,,,,,,,,,,,,,,,,,,,-0.01,-0.101,,,,0.096,-0.04,0.063,0.096,0.067,0.191,-0.038,0.0,-0.003,0.0,0.01,0.013,0.153,0.0,,0.0,,,,,,,,,,0,,,,,,,,,,,,,,1174.86,1174.89,,,,,,,,,,,,,,1179.61,,1188.08,1188.08,1188.08,1188.08,1188.08,,,,,,,,,,,,,,,,,,,,,T1,,,,,,,,,,,,,,,,,T1,,,,,,,
31282,-0.055,0.179,0.0,,,,,,-0.078,,,,,,,,,,,,,,,,,,,,,,,,,,,,,,,,,,,,,,,,,,,,,,,,,,,,,,,,,,,,,,,,,,,0.109,0.011,0.057,0.109,0.016,-0.125,-0.065,0.0,-0.004,0.0,0.012,0.013,-0.029,0.0,,0.0,,,,,,,,,,0,701.25,,,701.27,,,,,,,,,,,,,,,,,,,,,,,,,,,702.94,702.94,702.95,702.95,702.95,,,,,,,,,,,,,,,,,,,,,,,,,,,,,,,,,,,,,,T1,,,,,,,
29695,0.075,0.109,,0.019,,0.029,,,,,,,,,,,,,,,,,,,,,,,,,,,,,,,,,,,,,,,,,,,,,,,,,,,,,,,,,,,,,,,,,,,,,,0.041,-0.015,-0.752,0.041,,-0.072,,,,,0.012,0.013,-0.029,0.0,,0.0,,,,,,,,,,0,167.34,167.34,167.36,,,,,,,,,,,,,,,,,,,,,,,,,,,,167.77,167.77,167.78,,167.78,,,,,,,,,,,,,,,,,,,,,,,,,,,,,,,,,,,,,,,,,,,,,
19887,0.016,0.088,,0.019,-0.164,-0.078,,,,,,,,,,,,,,,,,,,,,,,,,,,,,,,,,,,,,,,,,,,,,,,,,,,,,,,,,,,,,,,,,,,-0.035,,,0.134,-0.002,0.057,0.134,0.0,0.138,-0.065,0.0,0.003,0.0,0.013,0.013,-0.074,0.0,,0.0,,,,,,,,,,0,894.74,894.74,894.77,,,,,,,,,,,,,,,,,,,,,,,,,,,,897.82,897.82,897.83,897.83,897.83,,,,,,,,,,,,,,,,,,,,,,,,,,,,,,,,,,,,,,T1,,,,,,,
664,-0.082,-0.206,0.0,,,-0.037,,,,,,,,,,,,,,,,,,,,,,,,,,,,,,,,,,,,,,,,,,,,,,,,,,,,,,,,,,,,,,,,,,,,,,0.058,-0.053,0.101,0.058,0.082,-0.125,-0.092,0.0,0.013,0.0,0.01,0.013,-0.074,0.0,0.0,0.0,,,,,,,,,,0,592.12,,592.2,,,,,,,,,,,,,,,,,,,,,,,,,,,,603.19,603.19,603.2,603.2,603.2,603.22,,,,,,,,,,,,,,,,,,,,,,,,,,,,,,,,,,,,,,,,,,,,
14498,0.043,0.131,0.0,,,-0.012,,,,,,,,,,,,,,,,,,,,,,,,,,,,,,,,,,,,,,,,,,,,,,,,,,,,,,,,,,,,,,,,,,,,,,-0.031,0.055,0.063,-0.031,,0.296,-0.038,0.0,0.038,0.0,0.014,0.013,-0.029,0.0,0.0,0.0,,,,,,,,,,0,1213.82,,1213.85,,,,,,,,,,,,,,,,,,,,,,,,,,,,1215.44,1215.44,1215.44,1215.44,1215.44,1215.46,,,,,,,,,,,,,,,,,,,,,,,,,,,,,,,,,,,,,T1,,,,,,,
44717,0.108,-0.056,0.0,,,-0.099,,,,,,,,,,,,,,,,,,,,,,,,,,,,,,,,,,,,,,,,,,,,,,,,,,,,,,,,,,,,,,,,,,,,,,-0.031,-0.111,0.063,-0.031,-0.047,0.217,-0.119,0.0,-0.014,0.0,0.014,0.013,0.153,0.0,,0.0,,,,,,,,,,0,1107.57,,1107.6,,,,,,,,,,,,,,,,,,,,,,,,,,,,1108.21,1108.21,1108.22,1108.22,1108.22,,,,,,,,,,,,,,,,,,,,,,,,,,,,,,,,,,,,,,T1,,,,,,,
7070,-0.01,-0.062,0.0,,-0.164,0.028,,,,,,,,,,,,,,,,,,,,,,,,,,,,,,,,,,,,,,,,,,,,,,,,,,,,,,,,,,,,,,,,,,,-0.035,,,0.134,0.03,0.057,0.134,-0.027,0.059,-0.065,0.0,-0.013,0.0,0.016,0.013,-0.074,0.0,0.0,0.0,,,,,,,,,,0,826.11,,826.13,,,,,,,,,,,,,,,,,,,,,,,,,,,,829.51,829.51,829.51,829.51,829.51,829.53,,,,,,,,,,,,,,,,,,,,,,,,,,,,,,,,,,,,,,,,,,,,
31472,0.036,-0.121,,0.119,,,-0.008,0.001,,,,,,,,,,,,,,,,,,,,,,,,,,,,,,,,,,,,,,,,,,,,,,,,,,,,,,,,,,,,,,,-0.064,-0.093,,,,0.109,0.023,0.057,0.109,-0.027,0.086,0.016,0.0,-0.012,0.0,0.014,0.013,-0.029,0.0,0.0,0.0,,,,,,,,,,0,902.51,902.51,,,,,,,,,,,,,,,,,,,,,,,,,,,903.32,,905.79,905.79,905.79,905.79,905.79,905.81,,,,,,,,,,,,,,,,,,,,,,,,,,,,,,,,,,,,,T1,,,,,,,
53640,-0.068,0.008,,0.019,-0.164,,,,0.054,,,,,,,,,,,,,,,,,,,,,,,,,,,,,,,,,,,,,,,,,,,,,,,,,,,,,,,,,,,,,,,,,,,,,,,,,,,,,,,,,,,0.0,0.0,0.088,,-0.048,-0.19,0.0,0.069,0.0,0,1412.57,1412.58,,1412.6,,,,,,,,,,,,,,,,,,,,,,,,,,,,,,,,,1413.16,,1413.18,1413.19,,,,,,,,,,,,,,,,,,,,,,,,,,,,,,,,,,,,,,,,
2020,,,,,,,,,,,,,,,,,,,,,,,,,,,,,,,,,,,0.117,,,-0.037,,-0.034,0.069,,,,,,,,,,,,,,,,,,,,,,,,,,,,,,,,-0.035,,,-0.157,0.087,0.063,-0.157,0.102,-0.23,0.097,0.0,-0.014,0.0,0.019,0.013,-0.119,0.0,0.0,0.0,,,,,,,,,,0,,,,,,,,,,,,,,1041.81,,,,,,,,,,,,,,,,,1076.38,1076.38,1076.38,1076.38,1076.38,1076.4,,,,,,,,,,,,,,,,,,,,T1,,T1,,,,,,,,,,,,,,,T1,,,,,,,
41420,,,,,,,,,,-0.018,,-0.197,,-0.023,-0.219,,,,,,,,,,,,,,,,,,,,,,,,,,,,,,,,,,,,,,,,,,,,,,,,,,,,,,,,,,,,,-0.106,-0.053,0.104,-0.106,-0.082,0.059,0.124,0.0,0.021,0.0,0.011,0.013,-0.029,0.0,,0.0,,,,,,,,,,0,,,,,1552.25,1552.27,,,,,,,,,,,,,,,,,,,,,,,,,1559.18,1559.18,1559.19,1559.19,1559.19,,,,,,,,,,,,,,,,,,,,,,,,,,,,,,,,,,,,,,T1,,,,,,,
37880,0.016,0.291,0.0,,,,,,0.039,,,,,,,,,,,,,,,,,,,,,,,,,,,,,,,,,,,,,,,,,,,,,,,,,,,,,,,,,,,,,,,,,,,-0.005,-0.06,0.082,-0.005,0.031,-0.099,0.07,0.0,-0.003,0.0,0.01,0.013,0.108,0.0,0.0,0.0,,,,,,,,,,0,1364.44,,,1364.47,,,,,,,,,,,,,,,,,,,,,,,,,,,1366.73,1366.73,1366.73,1366.73,1366.73,1366.75,,,,,,,,,,,,,,,,,,,,,,,,,,,,,,,,,,,,,T1,,,,,,,
53366,-0.049,-0.142,,0.019,-0.164,0.098,,,,,,,,,,,,,,,,,,,,,,,,,,,,,,,,,,,,,,,,,,,,,,,,,,,,,,,,,,,,,,,,,,,,,,,,,,,,,,,,,,,,,,0.0,0.0,-0.047,0.059,,0.124,0.0,,0.0,0,522.27,522.29,522.3,,,,,,,,,,,,,,,,,,,,,,,,,,,,,,,,,,523.11,,523.13,523.14,,,,,,,,,,,,,,,,,,,,,,,,,,,,,,,,,,,,,,,,
17012,,,,,,,,,,,,,,,,,,,,,,,,,,,,,,,,,,,-0.162,-0.008,-0.075,,0.098,,-0.087,,,,,,,,,,,,,,,,,,,,,,,,,,,,,,0.21,0.113,,,,0.058,-0.034,0.057,0.058,-0.035,0.059,0.016,0.0,-0.013,0.0,0.013,0.013,-0.074,0.0,0.0,0.0,,,,,,,,,,0,,,,,,,,,,,,,,804.24,804.26,804.27,,,,,,,,,,,,,806.1,,808.47,808.47,808.48,808.48,808.48,808.5,,,,,,,,,,,,,,,,,,,,T1,,,,,,,,,,,,,,,,,,,,,,,,
38171,0.036,0.083,0.0,,0.336,0.031,,,,,,,,,,,,,,,,,,,,,,,,,,,,,,,,,,,,,,,,,,,,,,,,,,,,,,,,,,,,,,,,,,,,,,-0.056,-0.015,0.063,-0.056,-0.063,0.059,0.016,0.0,0.013,0.0,0.012,0.013,0.153,0.0,0.0,0.0,,,,,,,,,,0,1244.58,,1244.6,,,,,,,,,,,,,,,,,,,,,,,,,,,,1247.26,1247.26,1247.27,1247.27,1247.27,1247.28,,,,,,,,,,,,,,,,,,,,,,,,,,,,,,,,,,,,,,,,,,,,
8118,0.108,0.04,0.0,,-0.164,,,,0.122,,,,,,,,,,,,,,,,,,,,,,,,,,,,,,,,,,,,,,,,,,,,,,,,,,,,,,,,,,,,,,,,,,,-0.106,-0.053,0.051,-0.106,-0.047,0.138,0.178,0.0,0.011,0.0,0.011,0.013,0.017,0.0,0.0,0.0,,,,,,,,,,0,1693.97,,,1693.99,,,,,,,,,,,,,,,,,,,,,,,,,,,1710.0,1710.0,1710.0,1710.0,1710.0,1710.02,,,,,,,,,,,,,,,,,,,,,,,,,,,,,,,,,,,,,T1,,,,,,,
18531,0.003,0.131,,0.019,-0.164,,0.016,0.0,,,,,,,,,,,,,,,,,,,,,,,,,,,,,,,,,,,,,,,,,,,,,,,,,,,,,,,,,,,,,,,,,,,,0.207,0.151,0.037,0.207,-0.02,-0.125,,,,,0.009,0.013,0.062,0.0,0.0,0.0,,,,,,,,,,0,334.78,334.78,,,,,,,,,,,,,,,,,,,,,,,,,,,,,335.97,335.97,335.97,,335.97,336.0,,,,,,,,,,,,,,,,,,,,,,,,,,,,,,,,,,,,,,,,,,,,
10618,0.082,0.12,0.0,,,0.014,,,,,,,,,,,,,,,,,,,,,,,,,,,,,,,,,,,,,,,,,,,,,,,,,,,,,,,,,,,,,,,,,,,,,,0.02,0.036,0.063,0.02,0.012,0.086,-0.119,0.0,0.021,0.0,0.011,0.013,0.062,0.0,,0.0,,,,,,,,,,0,1144.56,,1144.58,,,,,,,,,,,,,,,,,,,,,,,,,,,,1145.91,1145.91,1145.91,1145.91,1145.91,,,,,,,,,,,,,,,,,,,,,,,,,,,,,,,,,,,,,,T1,,,,,,,
56794,,,,,,,,,,,,,,,,,,,,,,,,,,,,,,,,,,,-0.074,,,0.067,,-0.041,-0.039,,,,,,,,,,,,,,,,,,,,,,,,,,,,,,,,-0.035,,,0.134,-0.072,0.057,0.134,-0.024,0.059,-0.146,0.0,-0.013,0.0,0.013,0.013,-0.074,0.0,,0.0,,,,,,,,,,0,,,,,,,,,,,,,,804.37,,,,,,,,,,,,,,,,,808.61,808.61,808.61,808.61,808.61,,,,,,,,,,,,,,,,,,,,,T1,,T1,,,,,,,,,,,,,,,,,,,,,,
14773,,,,,,,,,,,,,,,,,,,0.011,-0.067,-0.013,0.148,,0.087,,-0.166,,,,,,,,,,,,,,,,,,,,,,,,,,,,,,,,,,,,,,,,,,,,,-0.013,0.082,,,,0.084,-0.098,0.057,0.084,0.067,-0.178,0.097,0.0,-0.013,0.0,0.017,0.013,-0.074,0.0,,0.0,,,,,,,,,,0,,,,,,,,809.1,809.1,,,,,,,,,,,,,,,,,,,,811.44,,821.26,821.26,821.26,821.26,821.26,,,,,,,,,,,,,T1,,,T3,,,,,,,,,,,,,,,,,,,,,,,,,,,,,
45401,,,,,,,,,,,,,,,,,,,,,,,,,,,,,,,,,,,0.078,-0.008,-0.039,,0.098,,0.053,,,,,,,,,,,,,,,,,,,,,,,,,,,,,,-0.01,0.077,,,,0.058,0.081,0.057,0.058,-0.035,-0.125,0.016,0.0,0.004,0.0,0.012,0.013,-0.074,0.0,,0.0,,,,,,,,,,0,,,,,,,,,,,,,,713.29,713.3,713.3,,,,,,,,,,,,,738.33,,755.35,755.35,755.36,755.36,755.36,,,,,,,,,,,,,,,,,,,,,T1,,,,,,,,,,,,,,,,,T1,,,,,,,
14430,0.036,0.222,,0.019,0.336,,-0.033,0.002,,,,,,,,,,,,,,,,,,,,,,,,,,,,,,,,,,,,,,,,,,,,,,,,,,,,,,,,,,,,,,,,,,,,-0.005,-0.028,0.063,-0.005,-0.051,0.164,-0.038,0.0,-0.003,0.0,0.009,0.013,0.017,0.0,0.0,0.0,,,,,,,,,,0,1239.37,1239.37,,,,,,,,,,,,,,,,,,,,,,,,,,,,,1242.34,1242.34,1242.34,1242.34,1242.34,1242.36,,,,,,,,,,,,,,,,,,,,,,,,,,,,,,,,,,,,,T1,,,,,,,
34655,-0.029,-0.072,,-0.081,,,,,0.055,,,,,,,,,,,,,,,,,,,,,,,,,,,,,,,,,,,,,,,,,,,,,,,,,,,,,,,,,,,,,,,,,,,-0.105,-0.034,0.037,-0.105,0.035,-0.204,,,,,0.011,0.013,0.062,0.0,,0.0,,,,,,,,,,0,257.5,257.51,,257.53,,,,,,,,,,,,,,,,,,,,,,,,,,,258.04,258.04,258.04,,258.04,,,,,,,,,,,,,,,,,,,,,,,,,,,,,,,,,,,,,,T1,,,,,,,
33918,-0.042,-0.019,0.0,,,-0.022,,,,,,,,,,,,,,,,,,,,,,,,,,,,,,,,,,,,,,,,,,,,,,,,,,,,,,,,,,,,,,,,,-0.207,-0.073,,,,0.109,-0.009,0.063,0.109,0.086,0.138,0.016,0.0,-0.009,0.0,0.013,0.013,-0.029,0.0,,0.0,,,,,,,,,,0,943.45,,943.48,,,,,,,,,,,,,,,,,,,,,,,,,,945.06,,946.8,946.8,946.8,946.8,946.8,,,,,,,,,,,,,,,,,,,,,,,,,,,,,,,,,,,,,,,,,,,,,
12897,-0.01,0.222,,0.019,0.336,,,,-0.034,,,,,,,,,,,,,,,,,,,,,,,,,,,,,,,,,,,,,,,,,,,,,,,,,,,,,,,,,,,,,,,,,,,-0.056,0.03,0.063,-0.056,-0.035,-0.046,-0.011,0.0,-0.014,0.0,-0.969,-0.987,0.017,0.0,,0.0,,,,,,,,,,0,1112.25,1112.25,,1112.28,,,,,,,,,,,,,,,,,,,,,,,,,,,1114.65,1114.65,1114.71,1114.71,1114.71,,,,,,,,,,,,,,,,,,,,,,,,,,,,,,,,,,,,,,T1,,,,,,,
42656,,,,,,,,,,0.018,,-0.353,,,,-0.085,,,,,,,,,,,,,,,,,,,,,,,,,,,,,,,,,,,,,,,,,,,,,,,,,,,,,,,,,,,,0.251,0.265,-0.029,0.251,0.094,0.217,,,,,0.01,0.013,-0.029,0.0,,0.0,,,,,,,,,,0,,,,,197.6,,,,,,,,,,,,,,,,,,,,,,,,,,198.28,198.28,198.28,,198.28,,,,,,,,,,,,,,,,,,,,,,,,,,,,,,,,,,,,,,T1,,,,,,,
26325,,,,,,,,,,,,,,,,,,,,,,,,,,,,,,,,,,,0.065,-0.008,0.021,,-0.084,,-0.04,,,,,,,,,,,,,,,,,,,,,,,,,,,,,,0.225,-0.067,,,,0.096,0.055,0.063,0.096,-0.063,0.033,0.124,0.0,0.022,0.0,0.014,0.013,0.017,0.0,,0.0,,,,,,,,,,0,,,,,,,,,,,,,,1176.11,1176.12,1176.12,,,,,,,,,,,,,1183.11,,1193.99,1193.99,1193.99,1193.99,1193.99,,,,,,,,,,,,,,,,,,,,,T1,,,,,,,,,,,,,,,,,T1,,,,,,,
57458,-0.075,-0.067,0.0,,0.336,,,,0.033,,,,,,,,,,,,,,,,,,,,,,,,,,,,,,,,,,,,,,,,,,,,,,,,,,,,,,,,,,,,,,,,,,,0.155,0.106,-0.68,0.155,0.075,-0.02,,,,,0.011,0.013,0.017,0.0,,0.0,,,,,,,,,,0,18.0,,,18.04,,,,,,,,,,,,,,,,,,,,,,,,,,,23.57,23.57,23.57,,23.57,,,,,,,,,,,,,,,,,,,,,,,,,,,,,,,,,,,,,,,,,,,,,
17450,,,,,,,,,,,,,,,,,,,,,,,,,,,,,,,,,,,,,,,,,,0.089,0.003,-0.001,,-0.016,,0.018,,,,,,,,,,,,,,,,,,,,,,,,,-0.035,,,-0.106,-0.168,0.063,-0.106,0.051,0.138,-0.038,0.0,0.012,0.0,0.019,0.013,-0.029,0.0,,0.0,,,,,,,,,,0,,,,,,,,,,,,,,,,,959.86,,,,,,,,,,,,,,992.13,992.13,992.13,992.13,992.13,,,,,,,,,,,,,,,,,,,,,,,,,,,,,,,,,,,,,,,,,,,,,
22728,0.154,0.04,0.0,,,,-0.016,0.0,,,,,,,,,,,,,,,,,,,,,,,,,,,,,,,,,,,,,,,,,,,,,,,,,,,,,,,,,,,,,,,0.143,-0.012,,,,0.109,0.132,0.063,0.109,-0.055,0.086,0.124,0.0,-0.013,0.0,0.011,0.013,-0.074,0.0,,0.0,,,,,,,,,,1,925.18,,,,,,,,,,,,,,,,,,,,,,,,,,,,928.05,,929.98,929.98,929.98,929.98,929.98,,,,,,,,,,,,,,,,,,,,,,,,,,,,,,,,,,,,,,T1,,,,,,,
16752,-0.01,-0.147,,0.019,-0.164,,0.137,0.0,,,,,,,,,,,,,,,,,,,,,,,,,,,,,,,,,,,,,,,,,,,,,,,,,,,,,,,,,,,,,,,,,,,,0.16,-0.002,0.057,0.16,-0.02,0.059,-0.119,0.0,-0.005,0.0,0.013,0.013,0.199,0.0,,0.0,,,,,,,,,,0,829.4,829.4,,,,,,,,,,,,,,,,,,,,,,,,,,,,,836.48,836.48,836.48,836.48,836.48,,,,,,,,,,,,,,,,,,,,,,,,,,,,,,,,,,,,,,T1,,,,,,,
29588,0.069,0.024,,-0.081,,,,,-0.079,,,,,,,,,,,,,,,,,,,,,,,,,,,,,,,,,,,,,,,,,,,,,,,,,,,,,,,,,,,,,,,,,,,0.029,0.004,0.037,0.029,0.086,-0.178,,,,,0.013,0.013,0.153,0.0,,0.0,,,,,,,,,,0,352.48,352.48,,352.54,,,,,,,,,,,,,,,,,,,,,,,,,,,353.88,353.88,353.88,,353.88,,,,,,,,,,,,,,,,,,,,,,,,,,,,,,,,,,,,,,T1,,,,,,,
20426,0.01,-0.088,0.0,,0.336,,-0.208,0.0,,,,,,,,,,,,,,,,,,,,,,,,,,,,,,,,,,,,,,,,,,,,,,,,,,,,,,,,,,,,,,,,,,,,-0.157,-0.13,0.082,-0.157,-0.059,0.033,0.07,0.0,0.022,0.0,0.014,0.013,-0.165,0.0,0.0,0.0,,,,,,,,,,0,1299.26,,,,,,,,,,,,,,,,,,,,,,,,,,,,,,1306.7,1306.7,1306.71,1306.71,1306.71,1306.73,,,,,,,,,,,,,,,,,,,,,,,,,,,,,,,,,,,,,,,,,,,,
21666,,,,0.019,,,,,0.051,,,,,,,,,,,,,,,,,,,,,,,,,,,,,,,,,,,,,,,,,,,,,,,,,,,,,,,,,,,,,,,,,,,-0.132,-0.04,0.063,-0.132,0.004,-0.072,-0.011,0.0,-0.012,0.0,0.012,0.013,-0.119,0.0,0.0,0.0,,,,,,,,,,0,,1225.76,,1225.78,,,,,,,,,,,,,,,,,,,,,,,,,,,1237.61,1237.61,1237.61,1237.61,1237.61,1237.65,,,,,,,,,,,,,,,,,,,,,,,,,,,,,,,,,,,,,T1,,,,,,,
21665,-0.134,-0.121,0.0,,,-0.119,,,,,,,,,,,,,,,,,,,,,,,,,,,,,,,,,,,,,,,,,,,,,,,,,,,,,,,,,,,,,,,,,,,,,,-0.031,-0.009,0.082,-0.031,-0.027,0.112,-0.011,0.0,-0.012,0.0,0.016,0.013,-0.119,0.0,,0.0,,,,,,,,,,0,1409.4,,1409.42,,,,,,,,,,,,,,,,,,,,,,,,,,,,1410.57,1410.57,1410.58,1410.58,1410.58,,,,,,,,,,,,,,,,,,,,,,,,,,,,,,,,,,,,,,,,,,,,,
44320,,,,,,,,,,,,,,,,,,,,,,,,,,,0.065,-0.2,,0.034,0.182,0.0,,0.017,,,,,,,,,,,,,,,,,,,,,,,,,,,,,,,,,,,,,,,-0.035,,,-0.005,-0.123,0.063,-0.005,-0.031,-0.02,0.07,0.0,-0.013,0.0,0.016,0.013,0.153,0.0,0.0,0.0,,,,,,,,,,0,,,,,,,,,,,987.63,,987.66,,,,,,,,,,,,,,,,,,1002.84,1002.84,1002.85,1002.85,1002.85,1002.86,,,,,,,,,,,,,,,,,,,,,,,,,,,,,,,,,,,,,T1,,,,,,,
12334,,,,,,,,,,-0.006,0.066,,-0.01,,,0.052,,,,,,,,,,,,,,,,,,,,,,,,,,,,,,,,,,,,,,,,,,,,,,,,,,,,,,,0.064,0.065,,,,0.134,0.068,0.057,0.134,-0.035,-0.046,-0.011,0.0,-0.013,0.0,0.016,0.013,0.153,0.0,,0.0,,,,,,,,,,0,,,,,,,,,,,,,,,,,,,,,,,,,,,,,886.66,,889.02,889.02,889.03,889.03,889.03,,,,,,,,,,,,,,,,,,,,,,,,,,,,,,,,,,,,,,T1,,,,,,,
31877,,,,,,,,,,0.006,-0.034,,,,,-0.073,,,,,,,,,,,,,,,,,,,,,,,,,,,,,,,,,,,,,,,,,,,,,,,,,,,,,,,,,,,,,,,,,,,,,,,,,,,,0.0,0.0,0.065,,-0.065,0.307,0.0,0.069,0.0,0,,,,,,,,,,,,,,,,,,,,,,,,,,,,,,,,,,,,,510.08,,510.09,510.1,,,,,,,,,,,,,,,,,,,,,,,,,,,,,,,,,,,,,,,,
16191,,,,,,,,,,0.026,,-0.36,,,,0.029,,,,,,,,,,,,,,,,,,,,,,,,,,,,,,,,,,,,,,,,,,,,,,,,,,,,,,,,,,,,0.096,0.03,0.082,0.096,0.063,-0.02,,,,,0.013,0.013,0.017,0.0,0.0,0.0,,,,,,,,,,0,,,,,483.81,,,,,,,,,,,,,,,,,,,,,,,,,,486.78,486.78,486.79,,486.79,486.8,,,,,,,,,,,,,,,,,,,,,,,,,,,,,,,,,,,,,T1,,,,,,,
49475,0.043,-0.014,,0.019,-0.164,,-0.021,0.002,,,,,,,,,,,,,,,,,,,,,,,,,,,,,,,,,,,,,,,,,,,,,,,,,,,,,,,,,,,,,,,,,0.891,,,0.084,-0.028,0.057,0.084,0.02,0.191,-0.011,0.0,0.003,0.0,0.017,0.013,,0.0,0.0,0.0,,,,,,,,,,0,889.57,889.57,,,,,,,,,,,,,,,,,,,,,,,,,,,,,895.51,895.51,895.51,895.51,895.51,895.6,,,,,,,,,,,,,,,,,,,,,,,,,,,,,,,,,,,,,T1,,,,,,,
5399,-0.01,-0.11,,0.019,-0.164,,,,-0.02,,,,,,,,,,,,,,,,,,,,,,,,,,,,,,,,,,,,,,,,,,,,,,,,,,,,,,,,,,,,,,,,,,,-0.031,0.042,0.104,-0.031,-0.075,-0.046,-0.011,0.0,-0.004,0.0,0.013,0.013,0.108,0.0,0.0,0.0,,,,,,,,,,0,1497.53,1497.54,,1497.56,,,,,,,,,,,,,,,,,,,,,,,,,,,1501.08,1501.08,1501.09,1501.09,1501.09,1501.1,,,,,,,,,,,,,,,,,,,,,,,,,,,,,,,,,,,,,T1,,,,,,,
18230,,,,,,,,,,-0.006,0.166,,,0.023,-0.182,,,,,,,,,,,,,,,,,,,,,,,,,,,,,,,,,,,,,,,,,,,,,,,,,,,,,,,,,,,,,-0.031,-0.149,0.063,-0.031,-0.039,-0.02,0.043,0.0,-0.012,0.0,0.014,0.013,0.199,0.0,0.0,0.0,,,,,,,,,,0,,,,,,1221.5,,,,,,,,,,,,,,,,,,,,,,,,,1222.39,1222.39,1222.39,1222.39,1222.39,1222.4,,,,,,,,,,,,,,,,,,,,,,,,,,,,,,,,,,,,,T1,,,,,,,
31762,-0.088,0.115,,0.019,,,0.001,-0.001,,,,,,,,,,,,,,,,,,,,,,,,,,,,,,,,,,,,,,,,,,,,,,,,,,,,,,,,,,,,,,,,,,,,0.016,0.125,-0.702,0.016,,0.007,,,,,0.009,0.013,0.062,0.0,,0.0,,,,,,,,,,0,124.57,124.58,,,,,,,,,,,,,,,,,,,,,,,,,,,,,133.14,133.14,133.15,,133.15,,,,,,,,,,,,,,,,,,,,,,,,,,,,,,,,,,,,,,,,,,,,,
47657,-0.114,0.083,,-0.081,,-0.054,,,,,,,,,,,,,,,,,,,,,,,,,,,,,,,,,,,,,,,,,,,,,,,,,,,,,,,,,,,,,,,,,,,,,,-0.146,0.195,0.082,-0.146,0.086,-0.046,-0.038,0.0,-0.012,0.0,0.011,0.013,-0.21,0.0,0.0,0.0,,,,,,,,,,0,572.46,572.47,572.49,,,,,,,,,,,,,,,,,,,,,,,,,,,,573.78,573.78,573.79,573.79,573.79,573.8,,,,,,,,,,,,,,,,,,,,,,,,,,,,,,,,,,,,,T1,,,,,,,
42690,,,,,,,,,,,,,,,,,,,,,,,,,,,,,,,,,,,0.246,,,0.261,,-0.068,-0.007,,,,,,,,,,,,,,,,,,,,,,,,,,,,,,0.043,0.042,,,,0.109,0.017,0.057,0.109,-0.012,0.033,-0.092,0.0,-0.004,0.0,0.017,0.013,0.108,0.0,,0.0,,,,,,,,,,0,,,,,,,,,,,,,,744.86,,,,,,,,,,,,,,,768.97,,772.15,772.15,772.15,772.15,772.15,,,,,,,,,,,,,,,,,,,,,T1,,T1,,,,,,,,,,,,,,,T1,,,,,,,
30264,,,,,,,,,,-0.002,-0.034,,-0.01,,,0.017,,,,,,,,,,,,,,,,,,,,,,,,,,,,,,,,,,,,,,,,,,,,,,,,,,,,,,,,,,,,0.029,0.259,0.037,0.029,0.02,0.007,,,,,0.014,0.013,0.017,0.0,0.0,0.0,,,,,,,,,,0,,,,,,,,,,,,,,,,,,,,,,,,,,,,,,,288.3,288.3,288.3,,288.3,288.32,,,,,,,,,,,,,,,,,,,,,,,,,,,,,,,,,,,,,T1,,,,,,,
57910,-0.036,-0.281,,-0.081,,,,,-0.022,,,,,,,,,,,,,,,,,,,,,,,,,,,,,,,,,,,,,,,,,,,,,,,,,,,,,,,,,,,,,,,,,,,0.02,-0.015,0.082,0.02,-0.082,-0.072,0.07,0.0,0.013,0.0,0.014,0.013,,,,0.0,,,,,,,,,,1,1356.13,1356.13,,1356.16,,,,,,,,,,,,,,,,,,,,,,,,,,,1359.75,1359.75,1359.76,1359.76,1359.76,,,,,,,,,,,,,,,,,,,,,,,,,,,,,,,,,,,,,,,,,,,,,
19976,,,,,,,,,,,,,,,,,,,,,,,,,,,,,,,,,,,-0.106,-0.008,0.051,,0.198,,0.129,,,,,,,,,,,,,,,,,,,,,,,,,,,,,,0.293,-0.005,,,,0.084,0.049,0.057,0.084,-0.008,-0.151,0.07,0.0,0.004,0.0,0.016,0.013,-0.074,0.0,0.0,0.0,,,,,,,,,,0,,,,,,,,,,,,,,708.86,708.86,708.87,,,,,,,,,,,,,742.6,,744.61,744.61,744.61,744.61,744.61,744.63,,,,,,,,,,,,,,,,,,,,T1,,,,,,,,,,,,,,,,,T1,,,,,,,
51511,-0.108,-0.201,,0.019,-0.164,,,,0.35,,,,,,,,,,,,,,,,,,,,,,,,,,,,,,,,,,,,,,,,,,,,,,,,,,,,,,,,,,,,,,,,,,,0.033,-0.117,0.101,0.033,0.075,-0.125,0.016,0.0,-0.012,0.0,0.012,0.013,-0.074,0.0,,0.0,,,,,,,,,,0,592.04,592.04,,592.06,,,,,,,,,,,,,,,,,,,,,,,,,,,603.15,603.15,603.16,603.16,603.16,,,,,,,,,,,,,,,,,,,,,,,,,,,,,,,,,,,,,,T1,,,,,,,
12894,0.049,0.12,0.0,,0.336,-0.046,,,,,,,,,,,,,,,,,,,,,,,,,,,,,,,,,,,,,,,,,,,,,,,,,,,,,,,,,,,,,,,,,,,,,,-0.132,-0.028,0.082,-0.132,-0.063,0.086,-0.011,0.0,0.013,0.0,0.012,0.013,-0.029,0.0,0.0,0.0,,,,,,,,,,0,1324.46,,1324.5,,,,,,,,,,,,,,,,,,,,,,,,,,,,1328.46,1328.46,1328.46,1328.46,1328.46,1328.49,,,,,,,,,,,,,,,,,,,,,,,,,,,,,,,,,,,,,,,,,,,,
35807,,,,,,,,,,,,,,,,,,,,,,,,,,,,,,,,,,,,,,,,,,,,,,,,,,,,,-0.089,-0.004,,-0.141,,,,,,,,,,,,,,,,,-0.035,,,0.02,-0.053,0.063,0.02,-0.008,-0.151,-0.038,0.0,-0.013,0.0,0.014,0.013,0.199,0.0,0.0,0.0,,,,,,,,,,0,,,,,,,,,,,,,,,,,,,,,,,,,,,,,,,1028.5,1028.5,1028.5,1028.5,1028.5,1028.52,,,,,,,,,,,,,,,,,,,,,,,,,,,,,,,,,,,,,,,,,,,,
42589,-0.068,-0.072,0.0,,,0.006,,,,,,,,,,,,,,,,,,,,,,,,,,,,,,,,,,,,,,,,,,,,,,,,,,,,,,,,,,,,,,,,,,,,,,-0.081,0.023,0.104,-0.081,-0.082,0.112,0.016,0.0,0.021,0.0,0.008,0.013,0.017,0.0,0.0,0.0,,,,,,,,,,0,1566.79,,1566.81,,,,,,,,,,,,,,,,,,,,,,,,,,,,1569.06,1569.06,1569.06,1569.06,1569.06,1569.08,,,,,,,,,,,,,,,,,,,,,,,,,,,,,,,,,,,,,,,,,,,,
51073,0.082,-0.003,,-0.081,,,,,-0.024,,,,,,,,,,,,,,,,,,,,,,,,,,,,,,,,,,,,,,,,,,,,,,,,,,,,,,,,,,,,,,,,,,,0.109,-0.021,0.101,0.109,0.012,-0.151,-0.038,0.0,0.013,0.0,0.011,0.013,0.108,0.0,0.0,0.0,,,,,,,,,,0,677.7,677.7,,677.79,,,,,,,,,,,,,,,,,,,,,,,,,,,686.46,686.46,686.47,686.47,686.47,686.48,,,,,,,,,,,,,,,,,,,,,,,,,,,,,,,,,,,,,T1,,,,,,,
25585,,,,,,,,,,0.022,0.066,,-0.01,,,,0.02,-0.11,,,,,,,,,,,,,,,,,,,,,,,,,,,,,,,,,,,,,,,,,,,,,,,,,,,,,,,,,,-0.132,0.036,0.104,-0.132,-0.031,0.138,0.07,0.0,-0.013,0.0,0.012,0.013,-0.074,0.0,,0.0,,,,,,,,,,0,,,,,,,1628.43,,,,,,,,,,,,,,,,,,,,,,,,1630.18,1630.18,1630.19,1630.19,1630.19,,,,,,,,,,,,,,,,,,,,,,,,,,,,,,,,,,,,,,T1,,,,,,,
11382,0.088,0.051,0.0,,,,-0.018,0.0,,,,,,,,,,,,,,,,,,,,,,,,,,,,,,,,,,,,,,,,,,,,,,,,,,,,,,,,,,,,,,,,,,,,0.185,0.036,0.063,0.185,-0.035,-0.02,0.097,0.0,0.003,0.0,0.013,0.013,0.017,0.0,0.0,0.0,,,,,,,,,,1,919.74,,,,,,,,,,,,,,,,,,,,,,,,,,,,,,922.95,922.95,922.95,922.95,922.95,922.97,,,,,,,,,,,,,,,,,,,,,,,,,,,,,,,,,,,,,T1,,,,,,,
15663,0.108,0.093,0.0,,,,-0.019,0.0,,,,,,,,,,,,,,,,,,,,,,,,,,,,,,,,,,,,,,,,,,,,,,,,,,,,,,,,,,,,,,,,,,,,-0.034,-0.212,-0.702,-0.034,,0.086,,,,,0.007,0.013,0.062,0.0,0.0,0.0,,,,,,,,,,0,140.1,,,,,,,,,,,,,,,,,,,,,,,,,,,,,,145.93,145.93,145.93,,145.93,145.95,,,,,,,,,,,,,,,,,,,,,,,,,,,,,,,,,,,,,T1,,,,,,,
49647,0.043,-0.067,0.0,,-0.164,0.03,,,,,,,,,,,,,,,,,,,,,,,,,,,,,,,,,,,,,,,,,,,,,,,,,,,,,,,,,,,,,,,,,,,,,,0.058,0.023,0.101,0.058,-0.008,0.059,-0.092,0.0,-0.012,0.0,0.008,0.013,-0.074,0.0,0.0,0.0,,,,,,,,,,0,674.06,,674.14,,,,,,,,,,,,,,,,,,,,,,,,,,,,676.98,676.98,676.99,676.99,676.99,677.0,,,,,,,,,,,,,,,,,,,,,,,,,,,,,,,,,,,,,T1,,,,,,,
21931,-0.212,-0.067,0.0,,-0.164,,-0.008,-0.002,,,,,,,,,,,,,,,,,,,,,,,,,,,,,,,,,,,,,,,,,,,,,,,,,,,,,,,,,,,,,,,,,,,,0.045,-0.117,0.082,0.045,-0.075,-0.125,0.124,0.0,-0.012,0.0,0.013,0.013,0.199,0.0,,0.0,,,,,,,,,,0,1382.97,,,,,,,,,,,,,,,,,,,,,,,,,,,,,,1384.05,1384.05,1384.05,1384.05,1384.05,,,,,,,,,,,,,,,,,,,,,,,,,,,,,,,,,,,,,,,,,,,,,
55277,-0.095,0.195,0.0,,,,0.085,0.001,,,,,,,,,,,,,,,,,,,,,,,,,,,,,,,,,,,,,,,,,,,,,,,,,,,,,,,,,,,,,,,,,,,,0.168,0.246,-0.029,0.168,0.125,-0.046,,,,,0.01,0.013,0.017,0.0,0.0,0.0,,,,,,,,,,0,185.89,,,,,,,,,,,,,,,,,,,,,,,,,,,,,,186.31,186.31,186.32,,186.32,186.34,,,,,,,,,,,,,,,,,,,,,,,,,,,,,,,,,,,,,,,,,,,,
38408,,,,,,,,,,0.006,-0.034,,-0.01,-0.03,-0.076,,,,,,,,,,,,,,,,,,,,,,,,,,,,,,,,,,,,,,,,,,,,,,,,,,,,,,,,,,,,,-0.021,-0.149,0.037,-0.021,0.145,-0.151,,,,,0.014,0.013,0.199,0.0,,0.0,,,,,,,,,,0,,,,,,291.61,,,,,,,,,,,,,,,,,,,,,,,,,298.02,298.02,298.02,,298.02,,,,,,,,,,,,,,,,,,,,,,,,,,,,,,,,,,,,,,T1,,,,,,,
34044,,,,,,,,,,0.006,,0.174,,,,,-0.016,0.175,,,,,,,,,,,,,,,,,,,,,,,,,,,,,,,,,,,,,,,,,,,,,,,,,,,,,,,,,,,,,,,,,,,,,,,,,,0.0,0.0,-0.102,,-0.053,0.047,0.0,0.069,0.0,0,,,,,1444.29,,1444.31,,,,,,,,,,,,,,,,,,,,,,,,,,,,,,1445.15,,1445.17,1445.17,,,,,,,,,,,,,,,,,,,,,,,,,,,,,,,,,,,,,,,,
29425,,,,,,,,,,-0.018,0.066,,-0.01,0.14,0.236,,,,,,,,,,,,,,,,,,,,,,,,,,,,,,,,,,,,,,,,,,,,,,,,,,,,,,,,,,,,,0.109,0.132,0.101,0.109,0.043,-0.046,0.016,0.0,-0.012,0.0,0.014,0.013,0.062,0.0,,0.0,,,,,,,,,,0,,,,,,656.45,,,,,,,,,,,,,,,,,,,,,,,,,668.29,668.29,668.3,668.3,668.3,,,,,,,,,,,,,,,,,,,,,,,,,,,,,,,,,,,,,,,,,,,,,
38386,-0.108,-0.185,,0.019,,-0.068,,,,,,,,,,,,,,,,,,,,,,,,,,,,,,,,,,,,,,,,,,,,,,,,,,,,,,,,,,,,,,,,,,,,,,-0.21,-0.04,0.015,-0.21,,0.112,,,,,0.014,0.013,-0.029,0.0,,0.0,,,,,,,,,,0,235.32,235.33,235.36,,,,,,,,,,,,,,,,,,,,,,,,,,,,236.29,236.29,236.3,,236.3,,,,,,,,,,,,,,,,,,,,,,,,,,,,,,,,,,,,,,,,,,,,,
39878,,,,,,,,,,,,,,,,,,,,,,,,,,,,,,,,,,,0.158,-0.008,0.002,,-0.02,,0.033,,,,,,,,,,,,,,,,,,,,,,,,,,,,,,-0.249,-0.012,,,,-0.017,0.042,0.057,-0.017,-0.043,0.007,-0.038,0.0,-0.004,0.0,0.016,0.013,-0.119,0.0,,0.0,,,,,,,,,,0,,,,,,,,,,,,,,740.76,740.77,740.77,,,,,,,,,,,,,751.53,,762.97,762.97,762.98,762.98,762.98,,,,,,,,,,,,,,,,,,,,,T1,,,,,,,,,,,,,,,,,T1,,,,,,,
2282,-0.251,-0.003,0.0,,0.336,,,,0.064,,,,,,,,,,,,,,,,,,,,,,,,,,,,,,,,,,,,,,,,,,,,,,,,,,,,,,,,,,,,,,,,,,,-0.091,-0.13,-0.029,-0.091,0.027,0.033,,,,,0.011,0.013,-0.029,0.0,0.0,0.0,,,,,,,,,,0,203.0,,,203.03,,,,,,,,,,,,,,,,,,,,,,,,,,,203.79,203.79,203.8,,203.8,203.81,,,,,,,,,,,,,,,,,,,,,,,,,,,,,,,,,,,,,,,,,,,,
12450,,,,,,,,,,0.018,-0.034,,,,,0.017,,,,,,,,,,,,,,,,,,,,,,,,,,,,,,,,,,,,,,,,,,,,,,,,,,,,,,,,,,,,-0.132,0.03,0.104,-0.132,-0.047,0.086,0.124,0.0,0.012,0.0,0.008,0.013,-0.074,0.0,0.0,0.0,,,,,,,,,,0,,,,,,,,,,,,,,,,,,,,,,,,,,,,,,,1609.79,1609.79,1609.8,1609.8,1609.8,1609.81,,,,,,,,,,,,,,,,,,,,,,,,,,,,,,,,,,,,,T1,,,,,,,
5975,,,,,,,,,,,,,,,,,,,,,,,,,,,,,,,,,,,-0.065,-0.008,0.06,,-0.047,,-0.133,,,,,,,,,,,,,,,,,,,,,,,,,,,,,,-0.031,-0.048,,,,0.058,-0.034,0.057,0.058,0.008,0.322,-0.065,0.0,0.004,0.0,0.011,0.013,-0.165,0.0,,0.0,,,,,,,,,,0,,,,,,,,,,,,,,773.18,773.2,773.2,,,,,,,,,,,,,784.91,,787.71,787.71,787.71,787.71,787.71,,,,,,,,,,,,,,,,,,,,,T1,,,,,,,,,,,,,,,,,,,,,,,,
603,,,,,,,,,,,,,,,,,,,,,,,,,,,,,,,,,,,,,,,,,,,,,,,,,,,0.002,0.006,,0.0,,-0.095,,,,,,,,,,,,,,,-0.062,-0.048,,,,-0.081,0.132,0.063,-0.081,-0.063,-0.125,0.097,0.0,-0.014,0.0,0.011,0.013,-0.074,0.0,0.0,0.0,,,,,,,,,,0,,,,,,,,,,,,,,,,,,,,,1000.51,,,,,,,,1013.71,,1024.95,1024.95,1024.95,1024.95,1024.95,1024.97,,,,,,,,,,,,,,,,,,,,,,,,,,,,,,,,,,,,,T1,,,,,,,
53091,0.043,-0.051,,0.019,-0.164,,-0.005,0.001,,,,,,,,,,,,,,,,,,,,,,,,,,,,,,,,,,,,,,,,,,,,,,,,,,,,,,,,,,,,,,,,,-0.035,,,0.185,-0.021,0.063,0.185,-0.051,0.059,-0.065,0.0,-0.013,0.0,0.016,0.013,0.062,0.0,0.0,0.0,,,,,,,,,,0,926.62,926.63,,,,,,,,,,,,,,,,,,,,,,,,,,,,,936.34,936.34,936.34,936.34,936.34,936.37,,,,,,,,,,,,,,,,,,,,,,,,,,,,,,,,,,,,,,,,,,,,
5321,0.128,-0.046,,0.019,-0.164,,-0.037,-0.003,,,,,,,,,,,,,,,,,,,,,,,,,,,,,,,,,,,,,,,,,,,,,,,,,,,,,,,,,,,,,,,,,,,,-0.157,-0.002,0.104,-0.157,0.043,0.112,0.124,0.0,-0.013,0.0,0.014,0.013,-0.074,0.0,,0.0,,,,,,,,,,0,1630.98,1630.98,,,,,,,,,,,,,,,,,,,,,,,,,,,,,1632.87,1632.87,1632.88,1632.88,1632.88,,,,,,,,,,,,,,,,,,,,,,,,,,,,,,,,,,,,,,,,,,,,,
46319,-0.023,-0.233,,0.019,,,,,0.077,,,,,,,,,,,,,,,,,,,,,,,,,,,,,,,,,,,,,,,,,,,,,,,,,,,,,,,,,,,,,,,,,,,0.068,0.214,-0.029,0.068,0.024,-0.099,,,,,0.011,0.013,0.199,0.0,0.0,0.0,,,,,,,,,,0,204.62,204.63,,204.65,,,,,,,,,,,,,,,,,,,,,,,,,,,216.43,216.43,216.44,,216.44,216.46,,,,,,,,,,,,,,,,,,,,,,,,,,,,,,,,,,,,,T1,,,,,,,
32725,0.036,0.04,,0.019,0.336,,,,0.086,,,,,,,,,,,,,,,,,,,,,,,,,,,,,,,,,,,,,,,,,,,,,,,,,,,,,,,,,,,,,,,,,,,,,,,,,,,,,,,,,,,0.0,0.0,0.08,,0.253,-0.074,0.0,0.069,0.0,0,188.29,188.31,,188.33,,,,,,,,,,,,,,,,,,,,,,,,,,,,,,,,,188.8,,188.84,188.84,,,,,,,,,,,,,,,,,,,,,,,,,,,,,,,,,,,,,,,,
2823,,,,,,,,,,-0.006,,-0.358,,,,,-0.04,-0.233,,,,,,,,,,,,,,,,,,,,,,,,,,,,,,,,,,,,,,,,,,,,,,,,,,,,,,,,,,0.23,0.023,-0.702,0.23,0.082,-0.125,,,,,0.014,0.013,0.108,0.0,,0.0,,,,,,,,,,0,,,,,66.33,,66.34,,,,,,,,,,,,,,,,,,,,,,,,68.62,68.62,68.63,,68.63,,,,,,,,,,,,,,,,,,,,,,,,,,,,,,,,,,,,,,T1,,,,,,,
40801,0.049,0.029,0.0,,,,,,-0.035,,,,,,,,,,,,,,,,,,,,,,,,,,,,,,,,,,,,,,,,,,,,,,,,,,,,,,,,,,,,,,,,,,,0.185,0.068,0.057,0.185,-0.027,-0.099,0.07,0.0,-0.013,0.0,0.013,0.013,0.153,0.0,,0.0,,,,,,,,,,0,888.1,,,888.12,,,,,,,,,,,,,,,,,,,,,,,,,,,892.15,892.15,892.15,892.15,892.15,,,,,,,,,,,,,,,,,,,,,,,,,,,,,,,,,,,,,,,,,,,,,
39361,-0.173,0.045,,0.019,,,0.022,0.002,,,,,,,,,,,,,,,,,,,,,,,,,,,,,,,,,,,,,,,,,,,,,,,,,,,,,,,,,,,,,,,,,,,,-0.132,-0.015,0.104,-0.132,-0.082,0.059,0.016,0.0,-0.005,0.0,0.011,0.013,-0.074,0.0,0.0,0.0,,,,,,,,,,0,1565.85,1565.85,,,,,,,,,,,,,,,,,,,,,,,,,,,,,1567.95,1567.95,1567.95,1567.95,1567.95,1567.97,,,,,,,,,,,,,,,,,,,,,,,,,,,,,,,,,,,,,,,,,,,,
54106,,,,,,,,,,,,,,,,,,,,,,,,,,,,,,,,,,,-0.042,,,-0.06,0.007,,0.027,,,,,,,,,,,,,,,,,,,,,,,,,,,,,,,,-0.035,,,0.16,0.081,0.057,0.16,-0.02,-0.072,0.016,0.0,-0.013,0.0,0.016,0.013,0.108,0.0,0.0,0.0,,,,,,,,,,0,,,,,,,,,,,,,,691.23,,691.27,,,,,,,,,,,,,,,736.68,736.68,736.68,736.68,736.68,736.7,,,,,,,,,,,,,,,,,,,,T1,,T1,,,,,,,,,,,,,,,T1,,,,,,,
35079,,,,,,,,,,-0.014,,-0.352,-0.01,,,,-0.006,-0.008,,,,,,,,,,,,,,,,,,,,,,,,,,,,,,,,,,,,,,,,,,,,,,,,,,,,,,,,,,0.18,-0.123,-0.702,0.18,,0.033,,,,,0.013,0.013,0.017,0.0,0.0,0.0,,,,,,,,,,0,,,,,67.18,,67.21,,,,,,,,,,,,,,,,,,,,,,,,69.36,69.36,69.36,,69.36,69.38,,,,,,,,,,,,,,,,,,,,,,,,,,,,,,,,,,,,,,,,,,,,
14969,-0.016,-0.067,0.0,,-0.164,0.11,,,,,,,,,,,,,,,,,,,,,,,,,,,,,,,,,,,,,,,,,,,,,,,,,,,,,,,,,,,,,,,,,,,,,,-0.198,0.119,0.037,-0.198,0.071,-0.23,,,,,0.012,0.013,-0.074,0.0,,0.0,,,,,,,,,,0,400.46,,400.49,,,,,,,,,,,,,,,,,,,,,,,,,,,,402.37,402.37,402.37,,402.37,,,,,,,,,,,,,,,,,,,,,,,,,,,,,,,,,,,,,,,,,,,,,
7556,-0.003,0.072,,-0.081,,-0.026,,,,,,,,,,,,,,,,,,,,,,,,,,,,,,,,,,,,,,,,,,,,,,,,,,,,,,,,,,,,,,,,,,,,,,0.033,-0.002,0.057,0.033,0.024,-0.151,0.016,0.0,-0.012,0.0,0.013,0.013,-0.029,0.0,0.0,0.0,,,,,,,,,,1,634.52,634.58,634.6,,,,,,,,,,,,,,,,,,,,,,,,,,,,637.18,637.18,637.18,637.18,637.18,637.2,,,,,,,,,,,,,,,,,,,,,,,,,,,,,,,,,,,,,,,,,,,,
55872,,,,,,,,,,,,,,,,,,,,,,,,,,,,,,,,,,,-0.018,0.047,0.014,,,0.006,0.048,,,,,,,,,,,,,,,,,,,,,,,,,,,,,,,,-0.035,,,0.134,-0.085,0.057,0.134,0.063,0.007,0.016,0.0,0.021,0.0,0.012,0.013,0.017,0.0,0.0,0.0,,,,,,,,,,0,,,,,,,,,,,,,,677.22,677.23,,,,,,,,,,,,,,,,723.64,723.64,723.64,723.64,723.64,723.66,,,,,,,,,,,,,,,,,,,,T1,,,,,,,,,,,,,,,,,T1,,,,,,,
766,,,,,,,,,,,,,,,,,,,,,,,,,,,,,,,,,,,-0.098,-0.008,0.013,,,0.047,-0.03,,,,,,,,,,,,,,,,,,,,,,,,,,,,,,,,-0.035,,,0.058,-0.047,0.057,0.058,-0.004,0.007,-0.092,0.0,-0.013,0.0,0.012,0.013,-0.074,0.0,,0.0,,,,,,,,,,0,,,,,,,,,,,,,,804.15,804.17,,,,,,,,,,,,,,,,808.54,808.54,808.54,808.54,808.54,,,,,,,,,,,,,,,,,,,,,T1,,,,,,,,,,,,,,,,,T1,,,,,,,
4583,-0.003,-0.137,,0.019,,,,,0.032,,,,,,,,,,,,,,,,,,,,,,,,,,,,,,,,,,,,,,,,,,,,,,,,,,,,,,,,,,,,,,,,,,,0.131,-0.091,0.037,0.131,0.102,-0.099,,,,,0.012,0.013,0.199,0.0,,0.0,,,,,,,,,,0,320.45,320.46,,320.49,,,,,,,,,,,,,,,,,,,,,,,,,,,322.11,322.11,322.12,,322.12,,,,,,,,,,,,,,,,,,,,,,,,,,,,,,,,,,,,,,T1,,,,,,,
59237,0.01,-0.211,,0.019,,,,,0.049,,,,,,,,,,,,,,,,,,,,,,,,,,,,,,,,,,,,,,,,,,,,,,,,,,,,,,,,,,,,,,,,,,,-0.056,-0.098,0.082,-0.056,-0.086,0.059,0.043,0.0,-0.003,0.0,0.009,0.013,0.017,0.0,,0.0,,,,,,,,,,0,1299.27,1299.27,,1299.31,,,,,,,,,,,,,,,,,,,,,,,,,,,1306.66,1306.66,1306.66,1306.66,1306.66,,,,,,,,,,,,,,,,,,,,,,,,,,,,,,,,,,,,,,T1,,,,,,,
17522,,,,,,,,,,0.026,0.066,,,,,,0.019,0.002,,,,,,,,,,,,,,,,,,,,,,,,,,,,,,,,,,,,,,,,,,,,,,,,,,,,,,,-0.035,,,-0.056,-0.053,0.063,-0.056,0.016,-0.204,0.097,0.0,0.013,0.0,0.008,0.013,0.062,0.0,,0.0,,,,,,,,,,0,,,,,,,1262.2,,,,,,,,,,,,,,,,,,,,,,,,1266.91,1266.91,1266.92,1266.92,1266.92,,,,,,,,,,,,,,,,,,,,,,,,,,,,,,,,,,,,,,T1,,,,,,,
53032,0.043,-0.131,,0.019,,,-0.009,0.001,,,,,,,,,,,,,,,,,,,,,,,,,,,,,,,,,,,,,,,,,,,,,,,,,,,,,,,,,,,,,,,,,,,,-0.005,-0.015,0.104,-0.005,-0.086,0.033,0.097,0.0,-0.005,0.0,0.009,0.013,0.153,0.0,0.0,0.0,,,,,,,,,,0,1511.54,1511.55,,,,,,,,,,,,,,,,,,,,,,,,,,,,,1513.45,1513.45,1513.46,1513.46,1513.46,1513.47,,,,,,,,,,,,,,,,,,,,,,,,,,,,,,,,,,,,,T1,,,,,,,
11262,-0.049,0.067,0.0,,-0.164,-0.046,,,,,,,,,,,,,,,,,,,,,,,,,,,,,,,,,,,,,,,,,,,,,,,,,,,,,,,,,,,,,,,,,,,-0.035,,,0.21,-0.098,0.063,0.21,0.075,-0.046,-0.011,0.0,0.008,0.0,0.014,0.013,0.153,0.0,,0.0,,,,,,,,,,0,937.38,,937.42,,,,,,,,,,,,,,,,,,,,,,,,,,,,942.1,942.1,942.11,942.11,942.11,,,,,,,,,,,,,,,,,,,,,,,,,,,,,,,,,,,,,,T1,,,,,,,
44685,,,,,,,,,,,,,,,,,,,,,,,,,,,,,,,,,,,0.014,-0.008,-0.023,,0.016,,-0.053,,,,,,,,,,,,,,,,,,,,,,,,,,,,,,-0.256,0.077,,,,-0.017,0.081,0.057,-0.017,-0.039,-0.046,-0.038,0.0,-0.004,0.0,0.016,0.013,-0.21,0.0,0.0,0.0,,,,,,,,,,1,,,,,,,,,,,,,,762.97,762.99,763.0,,,,,,,,,,,,,776.79,,780.22,780.22,780.22,780.22,780.22,780.25,,,,,,,,,,,,,,,,,,,,T1,,,,,,,,,,,,,,,,,T1,,,,,,,
19923,-0.003,-0.046,,-0.081,,,,,-0.019,,,,,,,,,,,,,,,,,,,,,,,,,,,,,,,,,,,,,,,,,,,,,,,,,,,,,,,,,,,,,,,,,,,,,,,,,,,,,,,,,,,0.0,0.0,-0.039,,-0.052,0.027,0.0,,0.0,0,1379.75,1379.75,,1379.78,,,,,,,,,,,,,,,,,,,,,,,,,,,,,,,,,1380.49,,1380.59,1380.59,,,,,,,,,,,,,,,,,,,,,,,,,,,,,,,,,,,,,,,,
51404,-0.042,0.115,,0.019,,,-0.036,0.0,,,,,,,,,,,,,,,,,,,,,,,,,,,,,,,,,,,,,,,,,,,,,,,,,,,,,,,,,,,,,,,,,,,,0.207,0.284,0.037,0.207,-0.039,-0.099,,,,,0.008,0.013,0.244,0.0,,0.0,,,,,,,,,,0,338.47,338.47,,,,,,,,,,,,,,,,,,,,,,,,,,,,,339.52,339.52,339.57,,339.57,,,,,,,,,,,,,,,,,,,,,,,,,,,,,,,,,,,,,,T1,,,,,,,
7990,-0.049,0.024,0.0,,0.336,,,,-0.01,,,,,,,,,,,,,,,,,,,,,,,,,,,,,,,,,,,,,,,,,,,,,,,,,,,,,,,,,,,,,,,,,,,-0.181,-0.072,0.037,-0.181,-0.012,-0.283,,,,,0.01,0.013,0.062,0.0,0.0,0.0,,,,,,,,,,0,253.22,,,253.27,,,,,,,,,,,,,,,,,,,,,,,,,,,254.22,254.22,254.23,,254.23,254.24,,,,,,,,,,,,,,,,,,,,,,,,,,,,,,,,,,,,,T1,,,,,,,
682,-0.14,-0.024,0.0,,-0.164,-0.14,,,,,,,,,,,,,,,,,,,,,,,,,,,,,,,,,,,,,,,,,,,,,,,,,,,,,,,,,,,,,,,,,,,,,,-0.157,0.017,0.104,-0.157,-0.067,-0.02,0.097,0.0,-0.003,0.0,0.013,0.013,0.108,0.0,0.0,0.0,,,,,,,,,,0,1457.22,,1457.26,,,,,,,,,,,,,,,,,,,,,,,,,,,,1457.75,1457.75,1457.75,1457.75,1457.75,1457.77,,,,,,,,,,,,,,,,,,,,,,,,,,,,,,,,,,,,,,,,,,,,
2968,,,,,,,,,,-0.006,0.066,,,,,,-0.045,-0.151,,,,,,,,,,,,,,,,,,,,,,,,,,,,,,,,,,,,,,,,,,,,,,,,,,,,,,,-0.035,,,0.155,0.017,-0.657,0.155,,0.191,,,,,0.012,0.013,0.017,0.0,,0.0,,,,,,,,,,0,,,,,,,31.77,,,,,,,,,,,,,,,,,,,,,,,,37.73,37.73,37.73,,37.73,,,,,,,,,,,,,,,,,,,,,,,,,,,,,,,,,,,,,,T1,,,,,,,
44293,,,,,,,,,,,,,,,,,,,,,,,,,,,,,,,,,,,,,,,,,,-0.091,-0.001,0.0,,,0.169,-0.049,,,,,,,,,,,,,,,,,,,,,,,,,-0.035,,,-0.006,0.055,0.082,-0.006,0.035,-0.125,,,,,0.012,0.013,0.108,0.0,0.0,0.0,,,,,,,,,,0,,,,,,,,,,,,,,,,,415.65,,415.79,,,,,,,,,,,,469.82,469.82,469.83,,469.83,469.85,,,,,,,,,,,,,,,,,,,,,,,,,,,,,,,,,,,,,,,,,,,,
12260,0.016,0.029,0.0,,,,,,0.062,,,,,,,,,,,,,,,,,,,,,,,,,,,,,,,,,,,,,,,,,,,,,,,,,,,,,,,,,,,,,,,,,,,0.247,-0.072,0.082,0.247,0.012,-0.125,,,,,0.01,0.013,-0.029,0.0,,0.0,,,,,,,,,,0,517.61,,,517.63,,,,,,,,,,,,,,,,,,,,,,,,,,,518.07,518.07,518.08,,518.08,,,,,,,,,,,,,,,,,,,,,,,,,,,,,,,,,,,,,,T1,,,,,,,
13071,,,,,,,,,,,,,,,,,,,,,,,,,,,,,,,,,,,-0.057,,,-0.123,,0.081,0.12,,,,,,,,,,,,,,,,,,,,,,,,,,,,,,0.096,0.161,,,,0.185,0.049,0.057,0.185,-0.024,-0.02,0.07,0.0,0.029,0.0,0.016,0.013,0.153,0.0,0.0,0.0,,,,,,,,,,0,,,,,,,,,,,,,,775.09,,,,,,,,,,,,,,,785.99,,789.04,789.04,789.05,789.05,789.05,789.06,,,,,,,,,,,,,,,,,,,,T1,,T1,,,,,,,,,,,,,,,T1,,,,,,,
24722,0.036,-0.115,,0.019,,,-0.028,0.003,,,,,,,,,,,,,,,,,,,,,,,,,,,,,,,,,,,,,,,,,,,,,,,,,,,,,,,,,,,,,,,,,,,,-0.081,0.011,0.063,-0.081,0.059,-0.178,-0.065,0.0,0.007,0.0,0.016,0.013,0.017,0.0,0.0,0.0,,,,,,,,,,0,1110.16,1110.16,,,,,,,,,,,,,,,,,,,,,,,,,,,,,1110.8,1110.8,1110.81,1110.81,1110.81,1110.82,,,,,,,,,,,,,,,,,,,,,,,,,,,,,,,,,,,,,T1,,,,,,,
51780,,,,,,,,,,-0.002,,0.269,0.24,,,0.029,,,,,,,,,,,,,,,,,,,,,,,,,,,,,,,,,,,,,,,,,,,,,,,,,,,,,,,,,,,,-0.081,0.081,0.104,-0.081,-0.118,0.059,0.097,0.0,-0.014,0.0,0.01,0.013,0.153,0.0,,0.0,,,,,,,,,,0,,,,,1665.1,,,,,,,,,,,,,,,,,,,,,,,,,,1666.91,1666.91,1666.91,1666.91,1666.91,,,,,,,,,,,,,,,,,,,,,,,,,,,,,,,,,,,,,,T1,,,,,,,
46883,,,,,,,,,,,,,,,,,,,,,,,,,,,,,,,,,,,,,,,,,,-0.071,,,-0.053,,-0.107,-0.195,,,,,,,,,,,,,,,,,,,,,,,,,,,,-0.081,0.004,0.082,-0.081,0.086,0.007,,,,,0.009,0.013,-0.119,0.0,,0.0,,,,,,,,,,0,,,,,,,,,,,,,,,,,457.64,457.78,457.78,,,,,,,,,,,,503.39,503.39,503.39,,503.39,,,,,,,,,,,,,,,,,,,,,,,,,,,,,,,,,,,,,,T1,,,,,,,
