Id,risk_score,risk_band,Response,missing_feature_count
29688,0.8259510827508338,Critical risk: escalate,1,161
27806,0.8240570641416456,Critical risk: escalate,1,148
34150,0.7950798049887109,Critical risk: escalate,1,153
24387,0.7851126878155404,Critical risk: escalate,1,155
38932,0.7681539244360038,Critical risk: escalate,1,153
21153,0.7639703738255983,Critical risk: escalate,1,163
41186,0.7611952551951666,Critical risk: escalate,1,147
5178,0.7584375777235264,Critical risk: escalate,1,146
4978,0.7473857723664357,Critical risk: escalate,1,150
58946,0.74555337245959,Critical risk: escalate,1,159
1053,0.7399461461081617,Critical risk: escalate,1,160
32063,0.7369329648578511,Critical risk: escalate,1,159
12428,0.7341506205600832,Critical risk: escalate,1,148
7556,0.73310593004101,Critical risk: escalate,1,151
28333,0.7308419529691677,Critical risk: escalate,1,149
34207,0.727973291983493,Critical risk: escalate,1,153
27286,0.7207005352115657,Critical risk: escalate,1,162
20925,0.7195281020874653,Critical risk: escalate,1,153
57736,0.7113746726845447,Critical risk: escalate,1,154
34968,0.7109500053558806,Critical risk: escalate,1,155
1793,0.7065196577547458,Critical risk: escalate,1,152
29503,0.7014481059688744,Critical risk: escalate,1,157
13834,0.6958440783963011,Critical risk: escalate,1,152
53158,0.6952784968423424,Critical risk: escalate,1,150
52257,0.6949897232607886,Critical risk: escalate,1,152
40572,0.6902109454549545,Critical risk: escalate,1,152
21755,0.683915979014567,Critical risk: escalate,1,149
22728,0.6816205991403288,Critical risk: escalate,1,150
47765,0.6813198162361108,Critical risk: escalate,1,150
23897,0.6811707962309211,Critical risk: escalate,1,158
5974,0.6783684807277283,Critical risk: escalate,1,148
42847,0.6780835004525794,Critical risk: escalate,1,151
41862,0.6779267405481961,Critical risk: escalate,1,149
8051,0.677920216491243,Critical risk: escalate,1,148
5177,0.669150728339362,Critical risk: escalate,1,146
56907,0.6658925697065363,Critical risk: escalate,1,162
54327,0.6648698854520368,Critical risk: escalate,1,147
11382,0.6644189564134202,Critical risk: escalate,1,151
44371,0.6606012842695579,Critical risk: escalate,1,152
13227,0.6604787619354345,Critical risk: escalate,1,148
9568,0.6569074167132571,Critical risk: escalate,1,149
57910,0.6557950020248964,Critical risk: escalate,1,155
21341,0.6516903045912023,Critical risk: escalate,1,154
23909,0.6504599561076427,Critical risk: escalate,1,154
48440,0.6483660428842545,Critical risk: escalate,1,159
7944,0.6425905688779913,Critical risk: escalate,1,154
26379,0.6377960487243833,Critical risk: escalate,1,155
52248,0.6374236087982108,Critical risk: escalate,1,148
39653,0.6359425471326279,Critical risk: escalate,1,157
29981,0.6345927708060946,Critical risk: escalate,1,157
27071,0.6327326995220417,Critical risk: escalate,1,159
27146,0.6274013722910667,Critical risk: escalate,1,160
43760,0.6269847679036153,Critical risk: escalate,1,150
31344,0.6264498998114107,Critical risk: escalate,1,152
30370,0.6251229725487263,Critical risk: escalate,1,153
10850,0.6221578928931436,Critical risk: escalate,1,150
47695,0.6204089119846479,Critical risk: escalate,1,151
58383,0.6188013583060429,Critical risk: escalate,1,156
23559,0.6165006462917693,Critical risk: escalate,1,147
41223,0.6161435266118472,Critical risk: escalate,1,152
18100,0.6075088341997692,Critical risk: escalate,1,150
24386,0.6056792227946419,Critical risk: escalate,1,155
56318,0.6033231218738533,Critical risk: escalate,1,150
45026,0.5998261717682603,High risk: inspect,1,149
59366,0.597341430446763,High risk: inspect,1,162
41016,0.5970913954670307,High risk: inspect,1,146
25373,0.5955859672877775,High risk: inspect,1,160
44375,0.5945026860392919,High risk: inspect,1,149
2347,0.5918618710383572,High risk: inspect,1,171
12280,0.5900615099072883,High risk: inspect,1,160
9185,0.5896236767467449,High risk: inspect,1,152
9401,0.5886915522578035,High risk: inspect,1,151
38011,0.5876825916133851,High risk: inspect,1,154
40662,0.5868446699728626,High risk: inspect,1,155
4104,0.5863567409439476,High risk: inspect,1,157
9391,0.5835393344578532,High risk: inspect,1,156
12558,0.5833168860577167,High risk: inspect,1,163
21169,0.5792141041030079,High risk: inspect,1,151
33821,0.5790644923901714,High risk: inspect,1,151
58232,0.5789707928912613,High risk: inspect,1,152
7529,0.5774982214454465,High risk: inspect,1,152
52159,0.5739482888881928,High risk: inspect,1,165
5179,0.5729958971578177,High risk: inspect,1,146
8389,0.571205541780486,High risk: inspect,1,154
46351,0.5711984466724793,High risk: inspect,1,159
50500,0.5690255479185793,High risk: inspect,1,148
42646,0.5664346686006716,High risk: inspect,1,155
7018,0.5638469401639462,High risk: inspect,1,155
31338,0.563371989939448,High risk: inspect,1,142
32357,0.5604625698065824,High risk: inspect,1,156
35249,0.5602513662497325,High risk: inspect,1,153
10212,0.5600552197150176,High risk: inspect,1,150
45017,0.5598867684643201,High risk: inspect,1,159
43214,0.5598208986787293,High risk: inspect,1,157
29501,0.558864383476168,High risk: inspect,1,157
21532,0.5583230352189972,High risk: inspect,1,149
5919,0.5556263354353781,High risk: inspect,1,150
58625,0.5532594191235788,High risk: inspect,1,148
57076,0.5526518082679767,High risk: inspect,1,146
9310,0.55217526889465,High risk: inspect,1,150
53432,0.5505951099575397,High risk: inspect,1,173
17786,0.5458602975547857,High risk: inspect,1,150
56596,0.5418272025974054,High risk: inspect,1,152
49417,0.5414826122036098,High risk: inspect,1,156
44685,0.540428123236296,High risk: inspect,1,145
51248,0.5327750067236983,High risk: inspect,1,154
16676,0.5320277234478972,High risk: inspect,1,148
31609,0.5286419385715824,High risk: inspect,1,156
45206,0.5261957282778716,High risk: inspect,1,151
41347,0.5213227064862641,High risk: inspect,1,156
9368,0.5202152706820756,High risk: inspect,1,141
45355,0.5193705531638777,High risk: inspect,1,154
37427,0.5179495200829467,High risk: inspect,1,152
21124,0.5175309554245906,High risk: inspect,1,148
1250,0.5131144680651581,High risk: inspect,1,154
59376,0.5130455382339171,High risk: inspect,1,156
28188,0.5117364571748092,High risk: inspect,1,151
12812,0.5075840489856123,High risk: inspect,1,154
33925,0.5072573220712207,High risk: inspect,1,152
42645,0.5063603447260339,High risk: inspect,0,153
46808,0.5056457959175031,High risk: inspect,1,153
18730,0.505611749057151,High risk: inspect,1,150
41402,0.5042848779269952,High risk: inspect,1,150
45597,0.5015560080374624,High risk: inspect,1,148
22186,0.5012640130066601,High risk: inspect,1,153
39313,0.49945414560018425,High risk: inspect,1,153
9406,0.49840586433846784,High risk: inspect,1,149
41146,0.49409367966516987,High risk: inspect,1,152
39786,0.4927851634449051,High risk: inspect,1,150
20938,0.4906649291762577,High risk: inspect,1,149
4998,0.48572597106327275,High risk: inspect,1,152
51666,0.48290699443616547,High risk: inspect,0,157
11575,0.4827381091269349,High risk: inspect,1,145
11698,0.4790543835809773,High risk: inspect,1,159
27721,0.4771126822875187,High risk: inspect,0,156
40280,0.47583415968129816,High risk: inspect,1,150
21342,0.4649699226028751,High risk: inspect,1,154
23821,0.4585249051643919,High risk: inspect,1,155
6310,0.4555948536931811,High risk: inspect,1,167
49859,0.45407637260114275,High risk: inspect,1,149
37276,0.4516209501902937,High risk: inspect,1,154
49570,0.44840038553886213,High risk: inspect,1,162
39787,0.4482021356321998,High risk: inspect,1,150
11978,0.44565112547430896,High risk: inspect,1,147
37314,0.4414393866417756,High risk: inspect,1,150
20639,0.44135073929615604,High risk: inspect,0,152
29275,0.43555551558169486,High risk: inspect,1,158
5017,0.4322796294154081,High risk: inspect,1,150
5018,0.4310463794899138,High risk: inspect,1,150
5138,0.4293300536089428,High risk: inspect,0,153
16113,0.4289571798878001,High risk: inspect,1,150
29538,0.4267837832155701,High risk: inspect,1,158
37148,0.42587431528443304,High risk: inspect,1,154
35072,0.42476092635228735,High risk: inspect,1,148
59304,0.421354899887466,High risk: inspect,1,149
21212,0.4212035203015364,High risk: inspect,1,149
12366,0.420146091020728,High risk: inspect,1,149
38243,0.41803467482723883,High risk: inspect,0,151
3585,0.4149553248246327,High risk: inspect,1,157
22427,0.4123361976152147,High risk: inspect,0,152
31095,0.41143214380473137,High risk: inspect,0,148
40151,0.4113040312031507,High risk: inspect,1,148
28101,0.40571566258910663,High risk: inspect,1,150
16409,0.3995176134520967,High risk: inspect,1,146
41865,0.3981228178559385,High risk: inspect,1,149
36970,0.397337376107049,High risk: inspect,0,152
45354,0.3971691224498928,High risk: inspect,1,154
52103,0.3955388614266369,High risk: inspect,1,158
27145,0.39455123800747316,High risk: inspect,1,160
49474,0.39275363075434877,High risk: inspect,1,149
13848,0.388871847020198,High risk: inspect,1,157
23001,0.38737327220452805,High risk: inspect,0,152
1350,0.38672269564951,High risk: inspect,1,149
16069,0.3839622235977515,High risk: inspect,0,155
47456,0.38084431600240787,High risk: inspect,1,159
3527,0.38067784414579603,High risk: inspect,1,158
12270,0.3773872512791837,High risk: inspect,0,156
25355,0.3736320146337049,High risk: inspect,1,156
7414,0.3723028798067626,High risk: inspect,1,156
48620,0.3683320023061233,High risk: inspect,0,150
18512,0.36680568861408464,High risk: inspect,0,151
22226,0.3654119450243955,High risk: inspect,0,158
32987,0.3641990172029055,High risk: inspect,1,156
26749,0.36316029500013947,High risk: inspect,0,149
26407,0.35975077857451065,High risk: inspect,0,159
11864,0.3582310594806969,High risk: inspect,1,154
36434,0.3569788680552796,High risk: inspect,0,145
58087,0.3517574152064442,High risk: inspect,0,148
8845,0.34923527050374786,High risk: inspect,0,158
55706,0.3479134181703981,High risk: inspect,0,151
54037,0.3470446149374808,High risk: inspect,0,151
15863,0.3462663452481744,High risk: inspect,0,149
44915,0.3446144830430549,High risk: inspect,0,154
55978,0.34329453834291446,High risk: inspect,0,151
49952,0.34323005786787436,High risk: inspect,0,146
20843,0.3431912554093307,High risk: inspect,0,163
15318,0.3405519483716281,High risk: inspect,0,152
56656,0.33895137284733856,High risk: inspect,0,158
16433,0.33038688189905024,High risk: inspect,0,159
49025,0.3294759017181287,High risk: inspect,0,151
5958,0.3293627750634842,High risk: inspect,0,149
59770,0.32815396367133093,High risk: inspect,0,149
11206,0.3268816684870001,High risk: inspect,0,145
56681,0.32661595450692266,High risk: inspect,0,157
6164,0.32618118955641917,High risk: inspect,0,157
17012,0.32599189340968526,High risk: inspect,0,146
673,0.3230850419662521,High risk: inspect,0,161
23903,0.32173534037397966,High risk: inspect,0,151
13182,0.32111730349312295,High risk: inspect,0,153
50633,0.32075446467231444,High risk: inspect,0,150
34655,0.3199775271940269,High risk: inspect,0,157
17068,0.3199302571995253,High risk: inspect,0,157
44660,0.31953618144877766,High risk: inspect,0,146
44440,0.3187059280566056,High risk: inspect,0,153
16248,0.31649925021422665,High risk: inspect,0,166
4728,0.3155388846406651,High risk: inspect,0,150
21304,0.31460785899276916,High risk: inspect,0,148
55944,0.3101095690381163,High risk: inspect,0,163
57664,0.3097835071251599,High risk: inspect,0,151
3001,0.30966388347432877,High risk: inspect,0,159
2328,0.3084187035240519,High risk: inspect,0,150
41282,0.30814025439345133,High risk: inspect,0,150
46326,0.3070136663149532,High risk: inspect,0,150
56806,0.3069909137655331,High risk: inspect,0,150
14171,0.3067956608198514,High risk: inspect,0,152
32590,0.30634347717729105,High risk: inspect,0,153
24803,0.3057236205537559,High risk: inspect,0,158
28911,0.3052216111791043,High risk: inspect,0,148
35931,0.30462402420027135,High risk: inspect,0,147
20438,0.3043435712761667,High risk: inspect,0,151
52844,0.30431167625991945,High risk: inspect,0,146
35798,0.30379874565945625,High risk: inspect,0,152
57534,0.30291762851513904,High risk: inspect,0,147
20402,0.3026288996851121,High risk: inspect,0,156
23541,0.30243111586719307,High risk: inspect,0,149
29441,0.30201356151152153,High risk: inspect,0,156
33228,0.3006131770657838,High risk: inspect,0,162
10165,0.30002851589671553,High risk: inspect,0,149
7636,0.2989467777073112,Medium risk: monitor,0,150
13988,0.2976310876432576,Medium risk: monitor,0,155
1288,0.29760356216376205,Medium risk: monitor,0,164
6175,0.2970244726644611,Medium risk: monitor,0,154
31762,0.2969296521280342,Medium risk: monitor,0,159
49277,0.29672415761829046,Medium risk: monitor,0,159
45453,0.29435490339335213,Medium risk: monitor,0,153
53902,0.2943295450177941,Medium risk: monitor,0,151
55969,0.2933161430327711,Medium risk: monitor,0,154
10445,0.2930405580682477,Medium risk: monitor,0,149
30698,0.29248746322301566,Medium risk: monitor,0,154
5482,0.2915601849258525,Medium risk: monitor,0,153
26200,0.2909666563122649,Medium risk: monitor,0,147
31282,0.290745010029432,Medium risk: monitor,0,153
55259,0.2907088947997948,Medium risk: monitor,0,158
7034,0.2895174544535638,Medium risk: monitor,0,150
52313,0.28947892075368126,Medium risk: monitor,0,160
538,0.2890761038053774,Medium risk: monitor,0,151
49085,0.28791315681936036,Medium risk: monitor,0,152
48399,0.2876573533242479,Medium risk: monitor,0,148
11729,0.28753665844021375,Medium risk: monitor,0,152
5940,0.28752436843690643,Medium risk: monitor,0,149
41199,0.2874039509879609,Medium risk: monitor,0,156
41741,0.2866597152578513,Medium risk: monitor,0,157
22611,0.28594598532176735,Medium risk: monitor,0,155
58711,0.2854339058361872,Medium risk: monitor,0,151
15644,0.28523536964099067,Medium risk: monitor,0,149
6884,0.2850694188850672,Medium risk: monitor,0,157
14516,0.28452411198339955,Medium risk: monitor,0,156
57539,0.28452289763281635,Medium risk: monitor,0,152
20282,0.28450615353312253,Medium risk: monitor,0,153
22802,0.28447895038664195,Medium risk: monitor,0,154
10021,0.2836025832391187,Medium risk: monitor,0,152
15409,0.2828398126298481,Medium risk: monitor,0,166
13114,0.28221529019794056,Medium risk: monitor,0,149
4605,0.2820300310783138,Medium risk: monitor,0,158
40226,0.28131051794299355,Medium risk: monitor,0,151
29695,0.28088361612473983,Medium risk: monitor,0,159
31339,0.28030793413667443,Medium risk: monitor,0,142
15107,0.27924182862285285,Medium risk: monitor,0,151
35079,0.27874656215905735,Medium risk: monitor,0,157
33696,0.27807796941026236,Medium risk: monitor,0,153
41210,0.2765063678817946,Medium risk: monitor,0,154
24290,0.2762420558317795,Medium risk: monitor,0,162
19647,0.2759769916412883,Medium risk: monitor,0,150
44800,0.27573423265309926,Medium risk: monitor,0,148
39229,0.27558081077370555,Medium risk: monitor,0,149
4442,0.27534561892227594,Medium risk: monitor,0,154
41624,0.27489520603978795,Medium risk: monitor,0,149
29425,0.27410417190529945,Medium risk: monitor,0,154
50679,0.2733380355053767,Medium risk: monitor,0,152
5118,0.273169793228595,Medium risk: monitor,0,152
28937,0.2730883354003508,Medium risk: monitor,0,149
12260,0.2729663338789703,Medium risk: monitor,0,158
34370,0.27267676189761625,Medium risk: monitor,0,158
53102,0.27070493812537494,Medium risk: monitor,0,153
32516,0.27060360543798156,Medium risk: monitor,0,151
15448,0.27040053784145973,Medium risk: monitor,0,151
54216,0.27037983168267987,Medium risk: monitor,0,151
42177,0.27035939999384606,Medium risk: monitor,0,150
54399,0.26887566793769124,Medium risk: monitor,0,156
35089,0.2688036897596853,Medium risk: monitor,0,150
44258,0.26879728965514543,Medium risk: monitor,0,147
50470,0.2686552243325859,Medium risk: monitor,0,154
51489,0.26836536869137445,Medium risk: monitor,0,159
53032,0.26782151655187536,Medium risk: monitor,0,150
47145,0.2677424731102831,Medium risk: monitor,0,153
25718,0.2672644164772549,Medium risk: monitor,0,147
47587,0.26719966017893954,Medium risk: monitor,0,151
56525,0.26624078805917073,Medium risk: monitor,0,159
6700,0.26615091153131565,Medium risk: monitor,0,153
17367,0.26605696033363174,Medium risk: monitor,0,153
55802,0.26452661194451293,Medium risk: monitor,0,153
55379,0.2643638462780368,Medium risk: monitor,0,162
14943,0.2638010142940463,Medium risk: monitor,0,152
36003,0.26351826471307294,Medium risk: monitor,0,152
18370,0.26308684952273437,Medium risk: monitor,0,151
20641,0.26229661861214393,Medium risk: monitor,0,158
59341,0.2621713298799466,Medium risk: monitor,0,147
45290,0.2615184831546348,Medium risk: monitor,0,156
9283,0.26077615467482707,Medium risk: monitor,0,166
28499,0.2607435749973685,Medium risk: monitor,0,152
48780,0.26053072131278066,Medium risk: monitor,0,149
31168,0.26048995749656456,Medium risk: monitor,0,158
6941,0.2604234926535395,Medium risk: monitor,0,148
12678,0.26030765399345784,Medium risk: monitor,0,157
25652,0.260195031086917,Medium risk: monitor,0,152
18569,0.2597418281808347,Medium risk: monitor,0,158
27525,0.259671881238312,Medium risk: monitor,0,149
20152,0.2596431213613234,Medium risk: monitor,0,157
57311,0.25946462246469393,Medium risk: monitor,0,151
21780,0.2594173897844436,Medium risk: monitor,0,157
10104,0.2591186832594148,Medium risk: monitor,0,159
4494,0.25837597762325104,Medium risk: monitor,0,151
48233,0.25819199248688524,Medium risk: monitor,0,152
30946,0.25817790935888263,Medium risk: monitor,0,151
24628,0.2580223314399114,Medium risk: monitor,0,151
48907,0.2578335501703016,Medium risk: monitor,0,151
27370,0.25676202818792987,Medium risk: monitor,0,152
29070,0.2567261576977674,Medium risk: monitor,0,154
37985,0.2565761819149658,Medium risk: monitor,0,147
1615,0.25644293737948626,Medium risk: monitor,0,149
55995,0.25607948209684683,Medium risk: monitor,0,155
25765,0.2557085838665035,Medium risk: monitor,0,166
56295,0.25562838638827323,Medium risk: monitor,0,158
916,0.2555597930536261,Medium risk: monitor,0,149
26720,0.2555317926848168,Medium risk: monitor,0,147
15616,0.25502122240103187,Medium risk: monitor,0,147
50430,0.255008292428754,Medium risk: monitor,0,156
37757,0.25484728715303795,Medium risk: monitor,0,147
27852,0.25445900347078143,Medium risk: monitor,0,157
2227,0.2544527229443513,Medium risk: monitor,0,156
22615,0.25425942867140544,Medium risk: monitor,0,162
11686,0.2541469997553327,Medium risk: monitor,0,161
11899,0.253918356286404,Medium risk: monitor,0,149
27228,0.25355920159009293,Medium risk: monitor,0,162
1234,0.2534817860531659,Medium risk: monitor,0,149
25435,0.25339067364179924,Medium risk: monitor,0,155
57551,0.25303867001700336,Medium risk: monitor,0,153
32413,0.25293135458278526,Medium risk: monitor,0,156
49650,0.2527255860407823,Medium risk: monitor,0,156
13236,0.2527091079293397,Medium risk: monitor,0,151
23974,0.25216605693458993,Medium risk: monitor,0,152
20523,0.25197652353552585,Medium risk: monitor,0,159
35533,0.2518994442675733,Medium risk: monitor,0,153
15665,0.25078629869407415,Medium risk: monitor,0,150
59801,0.25056900601242693,Medium risk: monitor,0,154
19887,0.2500774589992212,Medium risk: monitor,0,150
13562,0.24983326183484422,Medium risk: monitor,0,152
48777,0.24964221378538282,Medium risk: monitor,0,164
9852,0.24860558289511486,Medium risk: monitor,0,150
15752,0.24825020673854092,Medium risk: monitor,0,152
36851,0.24802816551661083,Medium risk: monitor,0,146
56927,0.24790571470939177,Medium risk: monitor,0,158
52945,0.24769419765300982,Medium risk: monitor,0,146
20722,0.24763001059047116,Medium risk: monitor,0,150
98,0.24762692540214487,Medium risk: monitor,0,151
46457,0.24724104073105946,Medium risk: monitor,0,147
30264,0.2471770734110433,Medium risk: monitor,0,158
54988,0.2471721407282358,Medium risk: monitor,0,152
26369,0.246434040911316,Medium risk: monitor,0,151
40801,0.24628439843999714,Medium risk: monitor,0,154
25552,0.24587581994405133,Medium risk: monitor,0,153
51055,0.2456492879281218,Medium risk: monitor,0,150
59738,0.2455846256262571,Medium risk: monitor,0,153
20549,0.24541073570726904,Medium risk: monitor,0,154
24530,0.24532604046579204,Medium risk: monitor,0,145
54205,0.2452284619667739,Medium risk: monitor,0,162
52902,0.2444798845674787,Medium risk: monitor,0,153
48057,0.24432043685552332,Medium risk: monitor,0,154
14587,0.24430220124902047,Medium risk: monitor,0,153
7566,0.24419496503546906,Medium risk: monitor,0,149
19902,0.24383216873358518,Medium risk: monitor,0,150
38098,0.24380926863905913,Medium risk: monitor,0,149
21666,0.24364697299281435,Medium risk: monitor,0,153
43822,0.24358240840069856,Medium risk: monitor,0,153
2706,0.24337523415547285,Medium risk: monitor,0,152
52376,0.24332837425882564,Medium risk: monitor,0,149
2604,0.2427547489843337,Medium risk: monitor,0,159
33701,0.24271893460585647,Medium risk: monitor,0,153
50491,0.24229436340493346,Medium risk: monitor,0,149
8487,0.24160623662714698,Medium risk: monitor,0,145
3277,0.2411960235116542,Medium risk: monitor,0,152
21641,0.2406727023102175,Medium risk: monitor,0,150
26255,0.24056500932593372,Medium risk: monitor,0,152
55267,0.2405419233739193,Medium risk: monitor,0,150
3420,0.24006239434814802,Medium risk: monitor,0,153
40970,0.24001243623063845,Medium risk: monitor,0,153
9721,0.2398989889597927,Medium risk: monitor,0,149
8262,0.2395260858015516,Medium risk: monitor,0,154
54571,0.23917492018530875,Medium risk: monitor,0,150
37087,0.23889534234305726,Medium risk: monitor,0,162
56832,0.2386528293271366,Medium risk: monitor,0,160
6279,0.23848493552724953,Medium risk: monitor,0,156
40872,0.23819594711298872,Medium risk: monitor,0,150
54393,0.23815992634624109,Medium risk: monitor,0,151
31361,0.23794585947383412,Medium risk: monitor,0,153
38987,0.2373565197309103,Medium risk: monitor,0,150
27514,0.236842002316185,Medium risk: monitor,0,149
25031,0.23684133714324532,Medium risk: monitor,0,157
6835,0.23608016255382802,Medium risk: monitor,0,155
21732,0.23585046969607118,Medium risk: monitor,0,147
59375,0.2356636365920977,Medium risk: monitor,0,153
35613,0.23480333218686716,Medium risk: monitor,0,151
11875,0.23478046066410319,Medium risk: monitor,0,151
38087,0.23442617309772829,Medium risk: monitor,0,145
27548,0.234403864150534,Medium risk: monitor,0,153
16041,0.23423315067672693,Medium risk: monitor,0,147
46316,0.2337933296682146,Medium risk: monitor,0,151
44821,0.2336607555885605,Medium risk: monitor,0,147
24713,0.23347090284640862,Medium risk: monitor,0,154
13265,0.2334606338209199,Medium risk: monitor,0,154
53924,0.23331021575514335,Medium risk: monitor,0,156
39122,0.2329991796839394,Medium risk: monitor,0,161
17736,0.23269036044869712,Medium risk: monitor,0,147
36254,0.23230226482872063,Medium risk: monitor,0,153
20811,0.23191967411346381,Medium risk: monitor,0,153
51988,0.23180506997383313,Medium risk: monitor,0,147
27307,0.23171629390940746,Medium risk: monitor,0,152
58130,0.23161425008370456,Medium risk: monitor,0,158
17719,0.23153545415588836,Medium risk: monitor,0,149
13828,0.2315134884959801,Medium risk: monitor,0,154
30574,0.23062795075761458,Medium risk: monitor,0,157
5012,0.23060657205222784,Medium risk: monitor,0,160
28847,0.230545660405986,Medium risk: monitor,0,146
29902,0.2301109052562767,Medium risk: monitor,0,150
766,0.22997112703018693,Medium risk: monitor,0,150
18908,0.22944594934617543,Medium risk: monitor,0,157
2724,0.22873330284137308,Medium risk: monitor,0,154
40131,0.2284376133705913,Medium risk: monitor,0,156
37656,0.227841995542474,Medium risk: monitor,0,147
10217,0.22768014320904895,Medium risk: monitor,0,145
12087,0.22754765173101338,Medium risk: monitor,0,163
7377,0.22700292269681613,Medium risk: monitor,0,149
59110,0.22698306393791537,Medium risk: monitor,0,147
21655,0.22681792243714127,Medium risk: monitor,0,154
47632,0.22658897005200807,Medium risk: monitor,0,152
52573,0.22650993654491725,Medium risk: monitor,0,156
20328,0.22622577671273753,Medium risk: monitor,0,148
4123,0.22603125522888204,Medium risk: monitor,0,151
5524,0.22602117651226206,Medium risk: monitor,0,156
45573,0.22596800705321465,Medium risk: monitor,0,157
49442,0.22588138508370686,Medium risk: monitor,0,162
13796,0.22585505926282698,Medium risk: monitor,0,150
25542,0.22567549042681506,Medium risk: monitor,0,152
53349,0.22552553942362213,Medium risk: monitor,0,158
8685,0.22544091340568173,Medium risk: monitor,0,146
42786,0.22481664870236373,Medium risk: monitor,0,156
40613,0.22428083936338172,Medium risk: monitor,0,156
24122,0.22424429175159777,Medium risk: monitor,0,146
21696,0.22405009176626367,Medium risk: monitor,0,153
48709,0.22352969252179977,Medium risk: monitor,0,155
56329,0.22324024780321444,Medium risk: monitor,0,152
18536,0.22310380530688828,Medium risk: monitor,0,149
6271,0.22290873036768688,Medium risk: monitor,0,156
28453,0.22271327545771652,Medium risk: monitor,0,151
1768,0.22258864814120555,Medium risk: monitor,0,150
18577,0.22242803710405046,Medium risk: monitor,0,146
36127,0.22231568476686817,Medium risk: monitor,0,150
22625,0.2222112489350984,Medium risk: monitor,0,150
38375,0.22160631777957976,Medium risk: monitor,0,147
2869,0.22149419390384828,Medium risk: monitor,0,152
57465,0.22098193608828215,Medium risk: monitor,0,152
35694,0.22096453565572466,Medium risk: monitor,0,153
7114,0.22091435888067326,Medium risk: monitor,0,150
46085,0.22085112664363454,Medium risk: monitor,0,152
26816,0.22072820329051682,Medium risk: monitor,0,147
25931,0.22042200747651164,Medium risk: monitor,0,159
32663,0.22015635614845874,Medium risk: monitor,0,152
56588,0.22014826600277845,Medium risk: monitor,0,151
48485,0.21973116959909367,Medium risk: monitor,0,151
53475,0.21953565778170295,Medium risk: monitor,0,148
38642,0.21939581367911443,Medium risk: monitor,0,158
33478,0.21929894823725232,Medium risk: monitor,0,156
27791,0.21902492849294042,Medium risk: monitor,0,167
25662,0.21871387310753754,Medium risk: monitor,0,155
51697,0.21839365456232504,Medium risk: monitor,0,156
32370,0.2176673646459375,Medium risk: monitor,0,152
2932,0.21745669847674204,Medium risk: monitor,0,150
45546,0.21745591269509557,Medium risk: monitor,0,155
18230,0.21738800756534915,Medium risk: monitor,0,152
18509,0.21736125235418938,Medium risk: monitor,0,158
25951,0.21708150231559864,Medium risk: monitor,0,148
25942,0.21706704559692483,Medium risk: monitor,0,149
7990,0.21688620248488077,Medium risk: monitor,0,155
44320,0.2168378683001774,Medium risk: monitor,0,148
26411,0.21680142806846076,Medium risk: monitor,0,145
54341,0.21644393692822617,Medium risk: monitor,0,153
2596,0.21611273138872023,Medium risk: monitor,0,150
36475,0.21605902442076888,Medium risk: monitor,0,149
19155,0.21581053889938773,Medium risk: monitor,0,152
12715,0.21559492450510634,Medium risk: monitor,0,151
1550,0.2150840159057228,Medium risk: monitor,0,152
50006,0.21478326481077992,Medium risk: monitor,0,149
34176,0.2145392115564656,Medium risk: monitor,0,153
56591,0.2145006258593616,Medium risk: monitor,0,151
42406,0.21444915881312285,Medium risk: monitor,0,151
7032,0.21432544501270684,Medium risk: monitor,0,151
28657,0.21380746506154033,Medium risk: monitor,0,151
44733,0.21378293029409368,Medium risk: monitor,0,146
39729,0.21351477540300043,Medium risk: monitor,0,144
31548,0.21346996770995685,Medium risk: monitor,0,152
46029,0.2129777365982574,Medium risk: monitor,0,151
10099,0.21293434996406543,Medium risk: monitor,0,161
32498,0.2128030110182364,Medium risk: monitor,0,154
49070,0.21262856334646285,Medium risk: monitor,0,148
43910,0.21237204662324677,Medium risk: monitor,0,160
22879,0.21215600713388233,Medium risk: monitor,0,152
37270,0.21215225395518333,Medium risk: monitor,0,154
11419,0.2120704628906776,Medium risk: monitor,0,147
1076,0.21202315482669512,Medium risk: monitor,0,154
14773,0.21170879190733125,Medium risk: monitor,0,147
43028,0.21159603311176575,Medium risk: monitor,0,151
44074,0.2114989431974742,Medium risk: monitor,0,150
35225,0.21139120083567248,Medium risk: monitor,0,157
44319,0.21138195998647658,Medium risk: monitor,0,163
51780,0.2108854419083612,Medium risk: monitor,0,154
5187,0.21082618020527685,Medium risk: monitor,0,158
16148,0.21081767278363517,Medium risk: monitor,0,141
52417,0.2106293022392246,Medium risk: monitor,0,151
36512,0.2104819480801471,Medium risk: monitor,0,147
16888,0.21036480220873527,Medium risk: monitor,0,151
8353,0.21033438473593763,Medium risk: monitor,0,153
49626,0.2101933876278305,Medium risk: monitor,0,156
47381,0.21005709923506843,Medium risk: monitor,0,152
37887,0.20993813596679173,Medium risk: monitor,0,158
42675,0.20990497325737192,Medium risk: monitor,0,156
46246,0.2098649047588114,Medium risk: monitor,0,156
7003,0.20974708772800982,Medium risk: monitor,0,156
22820,0.20956817655986365,Medium risk: monitor,0,155
13043,0.20903300539623793,Medium risk: monitor,0,163
22783,0.20897851246393137,Medium risk: monitor,0,157
48180,0.20840395578321277,Medium risk: monitor,0,150
14430,0.20802964081290792,Medium risk: monitor,0,149
7009,0.20800917777254935,Medium risk: monitor,0,146
56524,0.2077741497803431,Medium risk: monitor,0,152
14187,0.20767340603979567,Medium risk: monitor,0,151
50798,0.20752664016099837,Medium risk: monitor,0,147
7391,0.20749542036684188,Medium risk: monitor,0,149
19375,0.20747308130110617,Medium risk: monitor,0,148
45160,0.2074314026606741,Medium risk: monitor,0,149
46623,0.20729711276064167,Medium risk: monitor,0,162
30563,0.20720814783493816,Medium risk: monitor,0,152
46450,0.2066533099396205,Medium risk: monitor,0,149
42478,0.20612546104507323,Medium risk: monitor,0,148
47237,0.2057358407946469,Medium risk: monitor,0,156
9213,0.20558761189697117,Medium risk: monitor,0,151
15198,0.2053556928060013,Medium risk: monitor,0,162
8314,0.20511947699386457,Medium risk: monitor,0,151
53572,0.20509316998506777,Medium risk: monitor,0,151
56875,0.2050385774267956,Medium risk: monitor,0,151
7813,0.20500682277460866,Medium risk: monitor,0,148
28307,0.20476987809296948,Medium risk: monitor,0,159
47226,0.20472178212910352,Medium risk: monitor,0,149
15229,0.2046830683427753,Medium risk: monitor,0,150
13411,0.20462182597849338,Medium risk: monitor,0,149
28134,0.204564978896305,Medium risk: monitor,0,148
42052,0.20422666621416327,Medium risk: monitor,0,155
42589,0.20420658201742592,Medium risk: monitor,0,152
22670,0.20410214581065655,Medium risk: monitor,0,153
25665,0.20407680127812428,Medium risk: monitor,0,150
5065,0.20384670836170576,Medium risk: monitor,0,151
14669,0.20380023543358466,Medium risk: monitor,0,148
11714,0.2035420408304594,Medium risk: monitor,0,150
23542,0.20328246465899646,Medium risk: monitor,0,149
41277,0.2031217528205873,Medium risk: monitor,0,162
4015,0.2030021347442374,Medium risk: monitor,0,154
38386,0.20294405725686715,Medium risk: monitor,0,159
48290,0.20292900576668155,Medium risk: monitor,0,152
13035,0.20244066433874905,Medium risk: monitor,0,151
20545,0.20243908946107927,Medium risk: monitor,0,152
12651,0.20243562653227287,Medium risk: monitor,0,150
27167,0.20235484847379076,Medium risk: monitor,0,161
58574,0.20215365642470595,Medium risk: monitor,0,163
42656,0.20195463108253375,Medium risk: monitor,0,160
58448,0.20189820570177708,Medium risk: monitor,0,157
40473,0.20183724659754976,Medium risk: monitor,0,151
41866,0.20180124472196254,Medium risk: monitor,0,150
20001,0.20164061743409772,Medium risk: monitor,0,152
46645,0.20152053193450287,Medium risk: monitor,0,159
54424,0.20140892560893425,Medium risk: monitor,0,149
24722,0.2013787183152052,Medium risk: monitor,0,150
42699,0.20090612570348684,Medium risk: monitor,0,145
54100,0.2008425216858472,Medium risk: monitor,0,150
37601,0.20066397292061217,Medium risk: monitor,0,145
25864,0.2004689198193454,Medium risk: monitor,0,153
58730,0.20031775556273898,Medium risk: monitor,0,151
35513,0.20022142230984527,Medium risk: monitor,0,153
53640,0.20014203116753698,Medium risk: monitor,0,161
30524,0.20001822173870268,Medium risk: monitor,0,158
40364,0.19985521035831108,Medium risk: monitor,0,153
41513,0.19984498115266175,Medium risk: monitor,0,149
26103,0.199840408396949,Medium risk: monitor,0,152
40411,0.1996544990539491,Medium risk: monitor,0,153
30355,0.19958474061548043,Medium risk: monitor,0,151
32645,0.1993851505761983,Medium risk: monitor,0,156
25737,0.19937664893712848,Medium risk: monitor,0,180
22402,0.1993392631545431,Medium risk: monitor,0,156
46168,0.1992748697483525,Medium risk: monitor,0,150
59589,0.19925929367926537,Medium risk: monitor,0,153
12157,0.19915920272894216,Medium risk: monitor,0,158
29715,0.19889947299501898,Medium risk: monitor,0,164
4480,0.19884838828289264,Medium risk: monitor,0,149
51919,0.19836951470163433,Medium risk: monitor,0,151
24153,0.19831584368299926,Medium risk: monitor,0,155
12897,0.19806825502770167,Medium risk: monitor,0,151
28788,0.19801233692180226,Medium risk: monitor,0,151
28848,0.1979812637696939,Medium risk: monitor,0,153
21471,0.19778688488770568,Medium risk: monitor,0,150
16162,0.19768170729262685,Medium risk: monitor,0,151
10482,0.19721283849048377,Medium risk: monitor,0,149
54106,0.19707030857193647,Medium risk: monitor,0,148
45504,0.1968687911868525,Medium risk: monitor,0,150
49376,0.19664142186554573,Medium risk: monitor,0,156
13902,0.19653894447566522,Medium risk: monitor,0,158
26105,0.19619899756256887,Medium risk: monitor,0,157
29735,0.1961639242245165,Medium risk: monitor,0,151
23302,0.195896720162463,Medium risk: monitor,0,149
54702,0.1958898886566583,Medium risk: monitor,0,152
36416,0.195865070266163,Medium risk: monitor,0,152
1976,0.19559586667801404,Medium risk: monitor,0,156
16875,0.1955806639034141,Medium risk: monitor,0,150
47478,0.19519879898141324,Medium risk: monitor,0,148
55669,0.19501380503048887,Medium risk: monitor,0,155
59087,0.19490863781149725,Medium risk: monitor,0,150
46199,0.19487341871501995,Medium risk: monitor,0,152
54432,0.1948418182176533,Medium risk: monitor,0,159
20881,0.19447596259368521,Medium risk: monitor,0,152
17769,0.19437312914623972,Medium risk: monitor,0,159
12343,0.19429943522617782,Medium risk: monitor,0,153
43399,0.19408345028981444,Medium risk: monitor,0,161
3388,0.19406983529569682,Medium risk: monitor,0,151
29338,0.1939549849144222,Medium risk: monitor,0,159
30617,0.19373906228100635,Medium risk: monitor,0,151
19888,0.1937366733416908,Medium risk: monitor,0,150
40556,0.1936845003237984,Medium risk: monitor,0,150
28583,0.19356467981020575,Medium risk: monitor,0,152
10330,0.19334232563511536,Medium risk: monitor,0,149
16999,0.1930427844432956,Medium risk: monitor,0,159
13492,0.1929822793457322,Medium risk: monitor,0,150
35519,0.19295251201925262,Medium risk: monitor,0,157
56474,0.19290868632312488,Medium risk: monitor,0,159
18880,0.19270856868215525,Medium risk: monitor,0,158
10765,0.1926791603186786,Medium risk: monitor,0,145
27673,0.1925887083677834,Medium risk: monitor,0,162
14232,0.19256987669557435,Medium risk: monitor,0,147
8657,0.1918080669039252,Medium risk: monitor,0,153
23873,0.19167955941106374,Medium risk: monitor,0,155
45442,0.19160595963828064,Medium risk: monitor,0,155
6540,0.19148846722850327,Medium risk: monitor,0,155
27147,0.1913771611475828,Medium risk: monitor,0,160
32113,0.1913516302656276,Medium risk: monitor,0,159
23340,0.1913301132923918,Medium risk: monitor,0,149
6169,0.1911213953825858,Medium risk: monitor,0,157
25797,0.1910146191328007,Medium risk: monitor,0,157
37857,0.1909911025253957,Medium risk: monitor,0,152
35588,0.19096902002789978,Medium risk: monitor,0,154
47984,0.1909051122721211,Medium risk: monitor,0,150
47774,0.1907849097118655,Medium risk: monitor,0,153
54606,0.19066992345449085,Medium risk: monitor,0,158
37939,0.1903777327990951,Medium risk: monitor,0,162
14209,0.19030963497982706,Medium risk: monitor,0,149
37845,0.1901997713979846,Medium risk: monitor,0,146
8348,0.19009919940581277,Medium risk: monitor,0,156
30769,0.19009598069000327,Medium risk: monitor,0,151
47558,0.1900803349126392,Medium risk: monitor,0,149
43131,0.1897878218798013,Medium risk: monitor,0,147
33247,0.1897315384927003,Medium risk: monitor,0,152
32122,0.18955560866114476,Medium risk: monitor,0,151
16619,0.18948328153365776,Medium risk: monitor,0,150
47116,0.18900697854041942,Medium risk: monitor,0,153
25392,0.18889968983708255,Medium risk: monitor,0,160
8153,0.18875275629278299,Medium risk: monitor,0,150
53439,0.18857562411635892,Medium risk: monitor,0,146
46465,0.18813102075476099,Medium risk: monitor,0,153
12814,0.18805657106404777,Medium risk: monitor,0,154
540,0.18796445559893404,Medium risk: monitor,0,152
23661,0.1879357774814286,Medium risk: monitor,0,152
17639,0.18792575900697348,Medium risk: monitor,0,150
14552,0.18787779527216963,Medium risk: monitor,0,157
6825,0.1878044597564397,Medium risk: monitor,0,164
32767,0.1877771231796007,Medium risk: monitor,0,152
50880,0.18772769407271217,Medium risk: monitor,0,151
25499,0.18767568553462421,Medium risk: monitor,0,154
6017,0.18734390527682637,Medium risk: monitor,0,152
21873,0.18732420380805911,Medium risk: monitor,0,152
45227,0.18697160396195278,Medium risk: monitor,0,147
11595,0.18693708287864327,Medium risk: monitor,0,155
28662,0.18683934334469454,Medium risk: monitor,0,157
52283,0.1867760376479448,Medium risk: monitor,0,153
35128,0.18653091855283427,Medium risk: monitor,0,152
23918,0.1863934408525703,Medium risk: monitor,0,155
3899,0.1863215041704411,Medium risk: monitor,0,150
45790,0.18609415682528818,Medium risk: monitor,0,153
1867,0.1859746860939181,Medium risk: monitor,0,153
31777,0.18582939162125872,Medium risk: monitor,0,152
54144,0.18582599079972478,Medium risk: monitor,0,153
35811,0.18580900841287812,Medium risk: monitor,0,149
3488,0.18558045323434874,Medium risk: monitor,0,150
12696,0.185572145403964,Medium risk: monitor,0,157
31130,0.18541037019124434,Medium risk: monitor,0,152
16450,0.18538973842958795,Medium risk: monitor,0,153
13474,0.18535654583648375,Medium risk: monitor,0,162
15119,0.1850964336871488,Medium risk: monitor,0,156
55535,0.18501838698337889,Medium risk: monitor,0,154
9731,0.18492098445872573,Medium risk: monitor,0,158
44780,0.18468621607743563,Medium risk: monitor,0,150
51596,0.18448892576265946,Medium risk: monitor,0,147
25570,0.18427379035172414,Medium risk: monitor,0,156
31310,0.18414801177138151,Medium risk: monitor,0,150
16170,0.18398830889608006,Medium risk: monitor,0,147
29148,0.18391680592406073,Medium risk: monitor,0,152
2551,0.18382852830446159,Medium risk: monitor,0,150
18161,0.18380633185041842,Medium risk: monitor,0,155
12161,0.18372111373370148,Medium risk: monitor,0,151
22824,0.18326943867293138,Medium risk: monitor,0,159
22341,0.18326740075987968,Medium risk: monitor,0,147
53163,0.18315071636679703,Medium risk: monitor,0,153
37188,0.18309772561511398,Medium risk: monitor,0,147
52734,0.18303895026388783,Medium risk: monitor,0,152
55768,0.182830425058291,Medium risk: monitor,0,153
28465,0.18282451544959336,Medium risk: monitor,0,162
10930,0.18275239291710493,Medium risk: monitor,0,153
28130,0.1827448721163169,Medium risk: monitor,0,151
38251,0.18266539336723153,Medium risk: monitor,0,157
26325,0.1826035073154072,Medium risk: monitor,0,147
2805,0.18249009539972533,Medium risk: monitor,0,157
7689,0.18226761227217955,Medium risk: monitor,0,153
33812,0.18222464867925467,Medium risk: monitor,0,153
12870,0.1820974593569734,Medium risk: monitor,0,151
31347,0.18199296427586475,Medium risk: monitor,0,148
28885,0.1817797465440921,Medium risk: monitor,0,160
9052,0.18153644463442842,Medium risk: monitor,0,145
48258,0.18123828457803273,Medium risk: monitor,0,154
49180,0.18109508995881202,Medium risk: monitor,0,156
43315,0.1810125324925015,Medium risk: monitor,0,152
41747,0.18090216317504426,Medium risk: monitor,0,151
40344,0.18083718102074164,Medium risk: monitor,0,153
975,0.1806806611373501,Medium risk: monitor,0,152
59519,0.18046470605218196,Medium risk: monitor,0,151
28007,0.18043940419586407,Medium risk: monitor,0,151
53438,0.18043861337279063,Medium risk: monitor,0,147
20908,0.18025384795088806,Medium risk: monitor,0,149
32138,0.18024298058501492,Medium risk: monitor,0,149
8122,0.1801958101964557,Medium risk: monitor,0,148
45145,0.1798317741571758,Medium risk: monitor,0,153
58600,0.17978834876602928,Medium risk: monitor,0,148
44189,0.17976346105999325,Medium risk: monitor,0,158
10110,0.1797310004977941,Medium risk: monitor,0,151
24694,0.17970751260521073,Medium risk: monitor,0,153
1141,0.17957777603994263,Medium risk: monitor,0,150
57385,0.17948056612995678,Medium risk: monitor,0,149
14178,0.17944352041130113,Medium risk: monitor,0,146
15039,0.17933140765435676,Medium risk: monitor,0,146
11881,0.17930348600079632,Medium risk: monitor,0,151
3139,0.1790420219980082,Medium risk: monitor,0,151
50524,0.17894370031218662,Medium risk: monitor,0,149
17375,0.1788686884465034,Medium risk: monitor,0,148
17387,0.17882281930207797,Medium risk: monitor,0,149
21874,0.17872421479033737,Medium risk: monitor,0,151
49672,0.17872330979601064,Medium risk: monitor,0,154
2900,0.1786523958366322,Medium risk: monitor,0,149
20849,0.17858128943007456,Medium risk: monitor,0,159
34465,0.17837215920083718,Medium risk: monitor,0,154
9345,0.1783249475225493,Medium risk: monitor,0,162
36458,0.17822458832462434,Medium risk: monitor,0,155
50715,0.17806914858240572,Medium risk: monitor,0,150
41651,0.17786350680835458,Medium risk: monitor,0,151
39464,0.1776147429668415,Medium risk: monitor,0,164
54501,0.17749170820286436,Medium risk: monitor,0,150
188,0.1774764710546802,Medium risk: monitor,0,158
30411,0.1774203006355636,Medium risk: monitor,0,146
59572,0.17729292769614396,Medium risk: monitor,0,148
33957,0.17692436027903594,Medium risk: monitor,0,162
7183,0.1767246363305341,Medium risk: monitor,0,151
35560,0.17660453682908342,Medium risk: monitor,0,159
26285,0.17655317259729583,Medium risk: monitor,0,153
12299,0.17654388633164936,Medium risk: monitor,0,162
50047,0.17650166043676008,Medium risk: monitor,0,156
50265,0.17630701588698866,Medium risk: monitor,0,153
31977,0.17625102315730423,Medium risk: monitor,0,158
58821,0.17624235283091297,Medium risk: monitor,0,163
7572,0.17622748816506406,Medium risk: monitor,0,157
14755,0.17621318311557743,Medium risk: monitor,0,163
18834,0.17619137250231726,Medium risk: monitor,0,151
25113,0.17605113424222524,Medium risk: monitor,0,151
17956,0.1760208455318098,Medium risk: monitor,0,155
7213,0.1758293286408979,Medium risk: monitor,0,149
7903,0.1758122990089676,Medium risk: monitor,0,155
7851,0.17573434687891068,Medium risk: monitor,0,150
46566,0.17563797066169418,Medium risk: monitor,0,152
56148,0.1754806041399129,Medium risk: monitor,0,163
30390,0.1753745329559837,Medium risk: monitor,0,157
35946,0.1753705221825506,Medium risk: monitor,0,149
2260,0.17532307342024175,Medium risk: monitor,0,150
18798,0.1750987135470739,Medium risk: monitor,0,157
31135,0.1750867018605578,Medium risk: monitor,0,152
18008,0.17502754507564283,Medium risk: monitor,0,153
47177,0.17494600502816088,Medium risk: monitor,0,151
6465,0.17483788744357281,Medium risk: monitor,0,149
4308,0.17480525372257438,Medium risk: monitor,0,152
39985,0.1746957061298252,Medium risk: monitor,0,152
11929,0.17463360513763598,Medium risk: monitor,0,153
26707,0.17449598917255854,Medium risk: monitor,0,152
54093,0.1744877633642747,Medium risk: monitor,0,152
58336,0.17436168236775085,Medium risk: monitor,0,152
25984,0.17416273897593837,Medium risk: monitor,0,148
37451,0.17394514828598096,Medium risk: monitor,0,155
38710,0.17391792435259829,Medium risk: monitor,0,153
27945,0.17379904547022001,Medium risk: monitor,0,151
36896,0.17373928362068314,Medium risk: monitor,0,163
35663,0.17357633153893962,Medium risk: monitor,0,157
31356,0.17356018528147665,Medium risk: monitor,0,147
32982,0.17351704418566766,Medium risk: monitor,0,153
5764,0.1735046443427556,Medium risk: monitor,0,151
38909,0.1734566305955778,Medium risk: monitor,0,155
20108,0.17331528128016918,Medium risk: monitor,0,151
38828,0.17320786064636265,Medium risk: monitor,0,151
42558,0.1729718512065633,Medium risk: monitor,0,152
26459,0.17282438790326882,Medium risk: monitor,0,154
24150,0.17282170943414915,Medium risk: monitor,0,151
15762,0.17251898341401264,Medium risk: monitor,0,157
12334,0.17246203005127894,Medium risk: monitor,0,152
6081,0.1723744932353803,Medium risk: monitor,0,154
52851,0.17218189156754266,Medium risk: monitor,0,150
15646,0.17209926282627597,Medium risk: monitor,0,149
24783,0.17203757509085763,Medium risk: monitor,0,157
33918,0.17190947357469927,Medium risk: monitor,0,151
59332,0.17190108594501086,Medium risk: monitor,0,153
11577,0.17185451789523737,Medium risk: monitor,0,147
53453,0.17168736809293567,Medium risk: monitor,0,150
58739,0.1715676886624472,Medium risk: monitor,0,147
23186,0.1715432264168276,Medium risk: monitor,0,157
32398,0.17142154639287374,Medium risk: monitor,0,156
56324,0.17139534306959164,Medium risk: monitor,0,158
28024,0.17138150013850623,Medium risk: monitor,0,160
18103,0.17136050690481097,Medium risk: monitor,0,152
14665,0.17117868616988244,Medium risk: monitor,0,150
56108,0.17104151410591667,Medium risk: monitor,0,159
7070,0.1709445450083323,Medium risk: monitor,0,150
28304,0.17086567950502501,Medium risk: monitor,0,160
32725,0.1708483181513981,Medium risk: monitor,0,161
49344,0.17079199637290798,Medium risk: monitor,0,147
27624,0.1706665640859516,Medium risk: monitor,0,151
16223,0.17064812140074803,Medium risk: monitor,0,160
53476,0.17063313532048885,Medium risk: monitor,0,151
17071,0.17053735431855,Medium risk: monitor,0,151
36045,0.17042161875184836,Medium risk: monitor,0,156
30627,0.1702941909689753,Medium risk: monitor,0,151
59539,0.17025912448296177,Medium risk: monitor,0,152
41576,0.17025560485436028,Medium risk: monitor,0,159
34663,0.17024281631062696,Medium risk: monitor,0,152
35484,0.17011223661937835,Medium risk: monitor,0,155
5570,0.16994230687913703,Medium risk: monitor,0,158
59932,0.16989224895613744,Medium risk: monitor,0,157
47323,0.16988174061224293,Medium risk: monitor,0,153
27855,0.16970033254732392,Medium risk: monitor,0,154
49834,0.16962109265884417,Medium risk: monitor,0,152
6117,0.16940761416750932,Medium risk: monitor,0,149
56135,0.1693736295035616,Medium risk: monitor,0,152
47961,0.16924746900337487,Medium risk: monitor,0,153
1336,0.16909048382385405,Medium risk: monitor,0,153
55855,0.1690034579232646,Medium risk: monitor,0,150
34634,0.1685612207390304,Medium risk: monitor,0,149
59901,0.168229710802554,Medium risk: monitor,0,150
17132,0.16812712872411162,Medium risk: monitor,0,151
24889,0.16805317562830635,Medium risk: monitor,0,151
27216,0.16778359143007984,Medium risk: monitor,0,145
59839,0.16761108455944967,Medium risk: monitor,0,159
23627,0.16742555291006492,Medium risk: monitor,0,148
27380,0.1672896948384699,Medium risk: monitor,0,150
5415,0.16728958472209374,Medium risk: monitor,0,155
6830,0.16727833496993527,Medium risk: monitor,0,150
30081,0.16717532065043572,Medium risk: monitor,0,153
53662,0.16717276915736623,Medium risk: monitor,0,155
15506,0.1671726010244563,Medium risk: monitor,0,151
22451,0.1670544964870223,Medium risk: monitor,0,159
13525,0.16702853135331397,Medium risk: monitor,0,163
33223,0.16696025114167354,Medium risk: monitor,0,147
49267,0.16694845122657043,Medium risk: monitor,0,154
16153,0.16688281941931785,Medium risk: monitor,0,157
2423,0.1668455862416386,Medium risk: monitor,0,158
55135,0.16680970541468643,Medium risk: monitor,0,152
53892,0.1667445186512458,Medium risk: monitor,0,161
43065,0.16670709175731258,Medium risk: monitor,0,162
27348,0.16668704580062316,Medium risk: monitor,0,153
18262,0.1664096678563718,Medium risk: monitor,0,153
3926,0.16637388875060546,Medium risk: monitor,0,153
54838,0.16636744087638544,Medium risk: monitor,0,154
58718,0.1663282610141617,Medium risk: monitor,0,180
38321,0.16631281329602338,Medium risk: monitor,0,151
51314,0.16621796153054177,Medium risk: monitor,0,147
32806,0.16620811925901846,Medium risk: monitor,0,148
48494,0.16607803765716928,Medium risk: monitor,0,157
20999,0.16601566503551884,Medium risk: monitor,0,155
27546,0.16601121397026564,Medium risk: monitor,0,147
32654,0.16594112865739252,Medium risk: monitor,0,152
20426,0.1657991385930636,Medium risk: monitor,0,151
34044,0.16578303926901866,Medium risk: monitor,0,163
41420,0.16577838344861798,Medium risk: monitor,0,153
55975,0.1656184069830133,Medium risk: monitor,0,157
54035,0.1654338139796213,Medium risk: monitor,0,148
42211,0.1654180438999901,Medium risk: monitor,0,147
51243,0.16537859898669832,Medium risk: monitor,0,152
20297,0.16526968225003144,Medium risk: monitor,0,150
11227,0.16491580799965652,Medium risk: monitor,0,150
37870,0.16471233103029156,Medium risk: monitor,0,150
37396,0.16463047793106383,Medium risk: monitor,0,152
44360,0.16436562943894378,Medium risk: monitor,0,164
37737,0.16429616487385124,Medium risk: monitor,0,148
14588,0.16428222746934248,Medium risk: monitor,0,166
52443,0.16411353149856833,Medium risk: monitor,0,149
45662,0.16406666910992057,Medium risk: monitor,0,157
8866,0.16403260507902087,Medium risk: monitor,0,152
55035,0.16397253992185773,Medium risk: monitor,0,149
5745,0.1639093342014749,Medium risk: monitor,0,151
37235,0.16388132174860992,Medium risk: monitor,0,153
28321,0.16386520371319394,Medium risk: monitor,0,153
19554,0.16372409153738765,Medium risk: monitor,0,150
45381,0.1636413415505285,Medium risk: monitor,0,156
44531,0.1635619918150293,Medium risk: monitor,0,151
3297,0.16339329247577805,Medium risk: monitor,0,156
21904,0.1633604731585587,Medium risk: monitor,0,149
53731,0.16333025335092793,Medium risk: monitor,0,155
34097,0.16322161474508412,Medium risk: monitor,0,153
18273,0.16319685587850946,Medium risk: monitor,0,155
18594,0.1631514652790827,Medium risk: monitor,0,151
13896,0.1630205971791331,Medium risk: monitor,0,153
2165,0.16284452653019224,Medium risk: monitor,0,158
4453,0.16284151224216814,Medium risk: monitor,0,163
58797,0.16276702643968916,Medium risk: monitor,0,150
27610,0.16266730465049242,Medium risk: monitor,0,150
7453,0.1626052318642459,Medium risk: monitor,0,162
13095,0.1625059815536549,Medium risk: monitor,0,149
55245,0.16250526711648344,Medium risk: monitor,0,150
949,0.16245165294831448,Medium risk: monitor,0,151
39696,0.16243865697905505,Medium risk: monitor,0,155
56695,0.1623420642588525,Medium risk: monitor,0,160
3667,0.16233308945097338,Medium risk: monitor,0,149
27189,0.16228572854868317,Medium risk: monitor,0,154
50753,0.16210666167326804,Medium risk: monitor,0,151
11841,0.16210387046598823,Medium risk: monitor,0,152
37839,0.16208707679757123,Medium risk: monitor,0,151
5507,0.1620365310250177,Medium risk: monitor,0,155
33287,0.16200384667253526,Medium risk: monitor,0,157
12075,0.161833054742454,Medium risk: monitor,0,148
3025,0.1618271772678989,Medium risk: monitor,0,150
28815,0.16179778104624187,Medium risk: monitor,0,153
23573,0.16175008903658336,Medium risk: monitor,0,150
36791,0.16165421276510744,Medium risk: monitor,0,147
3013,0.16161938043363872,Medium risk: monitor,0,147
20846,0.16158515062563106,Medium risk: monitor,0,164
31060,0.16146742336973524,Medium risk: monitor,0,158
57950,0.16121918528656554,Medium risk: monitor,0,151
46256,0.16109619919300588,Medium risk: monitor,0,152
38687,0.16106216097247875,Medium risk: monitor,0,152
17039,0.16106042794699804,Medium risk: monitor,0,151
44458,0.16095708789585522,Medium risk: monitor,0,164
57607,0.16093074960151182,Medium risk: monitor,0,149
57248,0.16088314604034742,Medium risk: monitor,0,150
7661,0.16055885409838172,Medium risk: monitor,0,152
7574,0.1604560257233632,Medium risk: monitor,0,150
44332,0.16044904085396572,Medium risk: monitor,0,150
53839,0.160291104177151,Medium risk: monitor,0,152
44323,0.16024801276309503,Medium risk: monitor,0,157
25654,0.16013655881482217,Medium risk: monitor,0,158
2233,0.16010512457530965,Medium risk: monitor,0,150
17891,0.16003625566131538,Medium risk: monitor,0,163
41839,0.15980527842025938,Medium risk: monitor,0,157
42280,0.15978903235086175,Medium risk: monitor,0,155
25011,0.15975412557881927,Medium risk: monitor,0,150
55277,0.15972989771868146,Medium risk: monitor,0,157
4362,0.15967116533832398,Medium risk: monitor,0,153
39073,0.159333705633243,Medium risk: monitor,0,151
4627,0.1590377878742932,Medium risk: monitor,0,153
14089,0.15896494470605796,Medium risk: monitor,0,153
38800,0.15895457862239365,Medium risk: monitor,0,148
47847,0.15887766857897495,Medium risk: monitor,0,153
39170,0.1587993470102177,Medium risk: monitor,0,151
15511,0.15869192469090304,Medium risk: monitor,0,150
31201,0.1585879661612041,Medium risk: monitor,0,147
30993,0.15853613288840285,Medium risk: monitor,0,144
30154,0.15824915264743764,Medium risk: monitor,0,163
6754,0.1580371305073465,Medium risk: monitor,0,151
51040,0.15802577561102654,Medium risk: monitor,0,149
31311,0.15800169166548567,Medium risk: monitor,0,152
53028,0.15798908981296866,Medium risk: monitor,0,152
55358,0.1579140530903813,Medium risk: monitor,0,149
22715,0.1577457344487891,Medium risk: monitor,0,150
44293,0.15761548572652073,Medium risk: monitor,0,155
40963,0.15732536117871115,Medium risk: monitor,0,150
6660,0.15717789847144056,Medium risk: monitor,0,151
59902,0.1571356745830908,Medium risk: monitor,0,148
37828,0.15710723196622045,Medium risk: monitor,0,162
41482,0.15706775162657283,Medium risk: monitor,0,150
51834,0.1569699532529198,Medium risk: monitor,0,153
22773,0.15695779205818622,Medium risk: monitor,0,152
1781,0.15690700432016988,Medium risk: monitor,0,149
57703,0.15684654835053374,Medium risk: monitor,0,147
16461,0.15684073987201275,Medium risk: monitor,0,150
33227,0.1568082221177648,Medium risk: monitor,0,162
33245,0.15672151920668048,Medium risk: monitor,0,152
30836,0.156714872876181,Medium risk: monitor,0,155
24113,0.15664181276415406,Medium risk: monitor,0,157
2248,0.1565420432249816,Medium risk: monitor,0,155
21270,0.1563921123854239,Medium risk: monitor,0,148
13012,0.15627043461879508,Medium risk: monitor,0,151
29793,0.15622326463567013,Medium risk: monitor,0,152
59643,0.15619373401273656,Medium risk: monitor,0,150
57280,0.15609730129345936,Medium risk: monitor,0,147
9427,0.15558651000006057,Medium risk: monitor,0,159
59334,0.15557682165899056,Medium risk: monitor,0,149
54086,0.1555416361585899,Medium risk: monitor,0,152
24838,0.1553885437547463,Medium risk: monitor,0,152
39706,0.15523955524101835,Medium risk: monitor,0,153
56727,0.15519924013996608,Medium risk: monitor,0,154
51113,0.15515302890105698,Medium risk: monitor,0,149
8220,0.15507714011882334,Medium risk: monitor,0,148
41030,0.15502075968183335,Medium risk: monitor,0,154
37607,0.15497421137533446,Medium risk: monitor,0,148
8779,0.15483806905554431,Medium risk: monitor,0,153
39698,0.15482966647896534,Medium risk: monitor,0,147
21799,0.15480297780889485,Medium risk: monitor,0,149
39878,0.1547189406648456,Medium risk: monitor,0,147
59392,0.15468824635596384,Medium risk: monitor,0,148
58899,0.15466792964954873,Medium risk: monitor,0,158
48448,0.1544857164913989,Medium risk: monitor,0,147
55483,0.1544617775176072,Medium risk: monitor,0,155
25478,0.15443685873550783,Medium risk: monitor,0,159
14435,0.1542837184333396,Medium risk: monitor,0,164
27619,0.15427191598466458,Medium risk: monitor,0,149
13015,0.1542301277936956,Medium risk: monitor,0,153
51591,0.15412003717781123,Medium risk: monitor,0,150
430,0.15411103819608296,Medium risk: monitor,0,149
16191,0.15374990398006938,Medium risk: monitor,0,158
48183,0.15360561868151357,Medium risk: monitor,0,146
23658,0.15360353017814538,Medium risk: monitor,0,154
51039,0.15360079397836074,Medium risk: monitor,0,161
38307,0.15348999378680253,Medium risk: monitor,0,147
13391,0.15346125097736016,Medium risk: monitor,0,146
25972,0.15345861660988552,Medium risk: monitor,0,151
51426,0.15345362608569166,Medium risk: monitor,0,156
41436,0.15344911141941006,Medium risk: monitor,0,155
33172,0.15344600506771988,Medium risk: monitor,0,151
56510,0.15334334527502594,Medium risk: monitor,0,151
24809,0.1533394137854598,Medium risk: monitor,0,152
29610,0.1532543097312407,Medium risk: monitor,0,161
29259,0.15324727978896463,Medium risk: monitor,0,156
55117,0.15320792270737868,Medium risk: monitor,0,148
48427,0.15314437657660016,Medium risk: monitor,0,151
28137,0.1529287323918201,Medium risk: monitor,0,150
41657,0.1527691075279622,Medium risk: monitor,0,150
8281,0.1526606524483925,Medium risk: monitor,0,156
9017,0.152598609026177,Medium risk: monitor,0,152
31855,0.1525206750280385,Medium risk: monitor,0,155
57049,0.15228494754482205,Medium risk: monitor,0,154
33288,0.15214695497628494,Medium risk: monitor,0,150
19905,0.15205982080402236,Medium risk: monitor,0,166
53959,0.15204429799616334,Medium risk: monitor,0,151
5397,0.15197885933989452,Medium risk: monitor,0,149
35575,0.15191103990308458,Medium risk: monitor,0,151
54939,0.15177205818598216,Medium risk: monitor,0,158
21242,0.15176297453752835,Medium risk: monitor,0,150
15087,0.15154893843226713,Medium risk: monitor,0,155
38478,0.15153948935256406,Medium risk: monitor,0,154
39247,0.15148599567987378,Medium risk: monitor,0,152
6497,0.15130508959556205,Medium risk: monitor,0,154
53946,0.15123133896720845,Medium risk: monitor,0,163
18857,0.15109604012051137,Medium risk: monitor,0,154
50839,0.15088233540559962,Medium risk: monitor,0,153
22765,0.15076699163590296,Medium risk: monitor,0,155
59814,0.15076438127636083,Medium risk: monitor,0,158
7385,0.15074958444288178,Medium risk: monitor,0,152
10923,0.1507169767099436,Medium risk: monitor,0,156
43243,0.15051569383583285,Medium risk: monitor,0,157
4358,0.15049439928429253,Medium risk: monitor,0,152
13354,0.15042797704998148,Medium risk: monitor,0,158
30847,0.1503970780315989,Medium risk: monitor,0,161
59228,0.15015540973951796,Medium risk: monitor,0,153
12550,0.1501386358750712,Medium risk: monitor,0,152
53119,0.1501083345652841,Medium risk: monitor,0,161
36210,0.14998479607897064,Medium risk: monitor,0,151
9794,0.14986899562034073,Medium risk: monitor,0,149
59300,0.14983515319313004,Medium risk: monitor,0,156
17560,0.14972729315255523,Medium risk: monitor,0,157
31472,0.14970047393962665,Medium risk: monitor,0,147
10281,0.14951277109720906,Medium risk: monitor,0,155
52387,0.1494452086244988,Medium risk: monitor,0,152
6850,0.14937105098474998,Medium risk: monitor,0,151
10618,0.14932536248274664,Medium risk: monitor,0,153
48550,0.1491933333741325,Medium risk: monitor,0,156
10837,0.14915143136563114,Medium risk: monitor,0,150
44545,0.14905075081215796,Medium risk: monitor,0,151
5282,0.14890741317430986,Medium risk: monitor,0,155
492,0.148895510289362,Medium risk: monitor,0,149
58438,0.1488183093610502,Medium risk: monitor,0,158
54530,0.14871906564436374,Medium risk: monitor,0,157
56653,0.14869861435972442,Medium risk: monitor,0,150
4583,0.1486678298761018,Medium risk: monitor,0,157
38105,0.14864494638545023,Medium risk: monitor,0,148
51266,0.14860362638931432,Medium risk: monitor,0,152
32602,0.14857246839403865,Medium risk: monitor,0,152
41370,0.14856215312339194,Medium risk: monitor,0,159
32006,0.14856143292740645,Medium risk: monitor,0,153
8593,0.14847350164152445,Medium risk: monitor,0,153
38147,0.1484439727449589,Medium risk: monitor,0,148
431,0.14838650015948557,Medium risk: monitor,0,154
13768,0.1483427719762819,Medium risk: monitor,0,163
56089,0.14828925043160918,Medium risk: monitor,0,153
16873,0.14816956320597796,Medium risk: monitor,0,150
20795,0.14816096369603204,Medium risk: monitor,0,151
4463,0.14814011234786778,Medium risk: monitor,0,150
14865,0.14811775942830335,Medium risk: monitor,0,151
4969,0.1479532594189919,Medium risk: monitor,0,146
35555,0.14786604016086238,Medium risk: monitor,0,146
14100,0.1476277732444664,Medium risk: monitor,0,149
27159,0.1475812756298504,Medium risk: monitor,0,150
31702,0.14748220214524288,Medium risk: monitor,0,163
4496,0.14736048628365933,Medium risk: monitor,0,150
38408,0.14690056868970547,Medium risk: monitor,0,158
53871,0.1468968600604856,Medium risk: monitor,0,159
36714,0.14678624981242186,Medium risk: monitor,0,148
53091,0.14671859932024237,Medium risk: monitor,0,149
51122,0.14662428998261942,Medium risk: monitor,0,154
56061,0.1466018574273642,Medium risk: monitor,0,145
6104,0.14652694606618116,Medium risk: monitor,0,149
11262,0.14649175284622587,Medium risk: monitor,0,151
2611,0.1464647783252557,Medium risk: monitor,0,158
47762,0.146395502929115,Medium risk: monitor,0,157
12279,0.1463714708165638,Medium risk: monitor,0,152
38590,0.14634333429736873,Medium risk: monitor,0,159
11645,0.14626967148230674,Medium risk: monitor,0,151
28656,0.14617805183800098,Medium risk: monitor,0,157
10289,0.1459860189565554,Medium risk: monitor,0,153
16141,0.14593735015051243,Medium risk: monitor,0,155
20864,0.14588350942894013,Medium risk: monitor,0,157
32205,0.14581219142955026,Medium risk: monitor,0,160
49748,0.14566671166460907,Medium risk: monitor,0,150
52291,0.14564831804903047,Medium risk: monitor,0,152
32535,0.14558811953618467,Medium risk: monitor,0,148
13499,0.14556809387315664,Medium risk: monitor,0,154
15144,0.1454737976661701,Medium risk: monitor,0,147
39361,0.1452963333982243,Medium risk: monitor,0,151
47366,0.14527308032417985,Medium risk: monitor,0,162
6636,0.14526714997803042,Medium risk: monitor,0,152
29472,0.1452075336469119,Medium risk: monitor,0,152
12855,0.1451330980890959,Medium risk: monitor,0,153
31181,0.14505272494043397,Medium risk: monitor,0,150
53449,0.14504994783723574,Medium risk: monitor,0,154
17859,0.14504658257642994,Medium risk: monitor,0,149
41375,0.14481308761483325,Medium risk: monitor,0,150
18701,0.14477508024555286,Medium risk: monitor,0,149
52113,0.14477313087080962,Medium risk: monitor,0,145
664,0.14460035826705683,Medium risk: monitor,0,152
10868,0.14450199178437806,Medium risk: monitor,0,152
33107,0.14443832911157306,Medium risk: monitor,0,151
43777,0.14440560368889574,Medium risk: monitor,0,145
34876,0.14440555476906478,Medium risk: monitor,0,151
50587,0.1443906949719346,Medium risk: monitor,0,149
32923,0.14433401542327487,Medium risk: monitor,0,162
29059,0.14405211402157772,Medium risk: monitor,0,153
25872,0.14381954212025191,Medium risk: monitor,0,150
58478,0.1437868000093647,Medium risk: monitor,0,152
45396,0.14377575900712125,Medium risk: monitor,0,157
55101,0.14358807198071535,Medium risk: monitor,0,157
682,0.14322617124955733,Medium risk: monitor,0,151
7594,0.14318606943765017,Medium risk: monitor,0,148
2206,0.14307918394911265,Medium risk: monitor,0,155
48601,0.14263091764979283,Medium risk: monitor,0,158
53308,0.1426189370010991,Medium risk: monitor,0,154
6204,0.14239862187918081,Medium risk: monitor,0,163
3251,0.14237392247942554,Medium risk: monitor,0,163
21846,0.14232250654012008,Medium risk: monitor,0,152
5377,0.14228696739117014,Medium risk: monitor,0,159
58179,0.14215335388701358,Medium risk: monitor,0,154
1323,0.14212378921435825,Medium risk: monitor,0,149
18944,0.14208057183710895,Medium risk: monitor,0,149
13054,0.14207637180560556,Medium risk: monitor,0,147
27078,0.14196752835113122,Medium risk: monitor,0,149
55656,0.1418511400745469,Medium risk: monitor,0,149
38234,0.14177140121756387,Medium risk: monitor,0,158
48194,0.14168514340452368,Medium risk: monitor,0,158
32631,0.1416281735488768,Medium risk: monitor,0,153
14062,0.1415630350692406,Medium risk: monitor,0,153
22102,0.14147530213820034,Medium risk: monitor,0,149
31231,0.14145251831730835,Medium risk: monitor,0,163
46319,0.14134956225316406,Medium risk: monitor,0,155
10865,0.14134798731463358,Medium risk: monitor,0,156
12892,0.1413324645804886,Medium risk: monitor,0,151
18318,0.14107381745197664,Medium risk: monitor,0,146
16885,0.14107274688414312,Medium risk: monitor,0,154
49974,0.14105143748291604,Medium risk: monitor,0,155
10447,0.14103540182895144,Medium risk: monitor,0,152
38816,0.14100617219015865,Medium risk: monitor,0,146
9723,0.14094710417061623,Medium risk: monitor,0,152
6966,0.14090302366530666,Medium risk: monitor,0,152
27440,0.14084087835076678,Medium risk: monitor,0,163
34653,0.14075956048392774,Medium risk: monitor,0,148
10671,0.14069626149666126,Medium risk: monitor,0,149
41660,0.14065120440564083,Medium risk: monitor,0,152
8502,0.1406450490053388,Medium risk: monitor,0,149
30136,0.14044464572165036,Medium risk: monitor,0,152
52834,0.1404333324114097,Medium risk: monitor,0,151
620,0.14039586856954073,Medium risk: monitor,0,163
525,0.14035138264769453,Medium risk: monitor,0,150
54795,0.14033748887345215,Medium risk: monitor,0,148
4839,0.14030913647518456,Medium risk: monitor,0,147
29678,0.14026001699242469,Medium risk: monitor,0,151
3466,0.1402476437529605,Medium risk: monitor,0,157
44598,0.14020097970070056,Medium risk: monitor,0,153
31617,0.1401330830681647,Medium risk: monitor,0,150
37880,0.1401016665797494,Medium risk: monitor,0,151
46111,0.13986512591421935,Medium risk: monitor,0,153
41824,0.13983470804527143,Medium risk: monitor,0,151
34631,0.13976869267665554,Medium risk: monitor,0,159
35778,0.13972059411375243,Medium risk: monitor,0,159
45566,0.13958248006748242,Medium risk: monitor,0,149
16777,0.13952223502935618,Medium risk: monitor,0,149
27400,0.13947193368782124,Medium risk: monitor,0,157
12234,0.13937521674381212,Medium risk: monitor,0,160
27774,0.1393714303680102,Medium risk: monitor,0,158
34348,0.13934720689151742,Medium risk: monitor,0,151
2823,0.13932517498274596,Medium risk: monitor,0,158
29370,0.13932250075384406,Medium risk: monitor,0,147
54387,0.13920547679000525,Medium risk: monitor,0,159
47675,0.13918844650826417,Medium risk: monitor,0,149
53056,0.13917992458953587,Medium risk: monitor,0,158
30774,0.1391645772193811,Medium risk: monitor,0,150
57598,0.13911943958598672,Medium risk: monitor,0,151
55367,0.13909288858737048,Medium risk: monitor,0,150
46721,0.13907206023961438,Medium risk: monitor,0,162
7288,0.1390609826670444,Medium risk: monitor,0,148
33300,0.13905130498837598,Medium risk: monitor,0,149
13071,0.13904451649433894,Medium risk: monitor,0,147
4616,0.13894134740920677,Medium risk: monitor,0,147
44010,0.13883967281259516,Medium risk: monitor,0,146
58559,0.138815722286959,Medium risk: monitor,0,152
16255,0.138748215318177,Medium risk: monitor,0,151
24284,0.13873856787104266,Medium risk: monitor,0,151
45760,0.1385629208338634,Medium risk: monitor,0,162
35569,0.13850776980604734,Medium risk: monitor,0,153
53717,0.13839692077340732,Medium risk: monitor,0,153
25514,0.13837211391557536,Medium risk: monitor,0,152
21931,0.13822259743275223,Medium risk: monitor,0,153
23765,0.1382122410231451,Medium risk: monitor,0,150
49457,0.1380646476258061,Medium risk: monitor,0,151
31015,0.13799635497297075,Medium risk: monitor,0,156
55548,0.1377859671725595,Medium risk: monitor,0,154
39302,0.13778424118769902,Medium risk: monitor,0,150
43206,0.1377467632026078,Medium risk: monitor,0,158
32537,0.13742349970644646,Medium risk: monitor,0,159
42949,0.1373582470242025,Medium risk: monitor,0,152
16275,0.13733873674164976,Medium risk: monitor,0,150
30845,0.13729501091844995,Medium risk: monitor,0,148
8851,0.13715930283388417,Medium risk: monitor,0,155
25157,0.13713973914654734,Medium risk: monitor,0,156
39241,0.13707048694343632,Medium risk: monitor,0,157
13662,0.13689812448246622,Medium risk: monitor,0,155
22684,0.13681157312329423,Medium risk: monitor,0,148
26462,0.13678521406625607,Medium risk: monitor,0,148
21763,0.1367439655157758,Medium risk: monitor,0,157
12931,0.1367418415771438,Medium risk: monitor,0,161
6806,0.1366416761099027,Medium risk: monitor,0,157
8838,0.13661218505476375,Medium risk: monitor,0,159
57750,0.13655377155163542,Medium risk: monitor,0,156
5672,0.13647251804813387,Medium risk: monitor,0,152
19946,0.13639800379759945,Medium risk: monitor,0,151
19999,0.1363444583549416,Medium risk: monitor,0,151
6030,0.13628033361913836,Medium risk: monitor,0,151
478,0.13625632883496175,Medium risk: monitor,0,151
29186,0.13620459695668927,Medium risk: monitor,0,156
1130,0.13616288844925364,Medium risk: monitor,0,158
10766,0.13602836176406774,Medium risk: monitor,0,150
52491,0.1360092894594419,Medium risk: monitor,0,164
21591,0.1360033650099055,Medium risk: monitor,0,156
5480,0.13599244154565895,Medium risk: monitor,0,155
21394,0.1359412910563162,Medium risk: monitor,0,150
50698,0.13592552653183282,Medium risk: monitor,0,149
59237,0.1358785318103915,Medium risk: monitor,0,152
8917,0.13584554559512793,Medium risk: monitor,0,150
3228,0.13573926951126775,Medium risk: monitor,0,157
42678,0.13566899993419926,Medium risk: monitor,0,150
40720,0.13563596852322246,Medium risk: monitor,0,158
6055,0.1355822870398421,Medium risk: monitor,0,156
53346,0.13547001441170148,Medium risk: monitor,0,159
42348,0.13544770809637038,Medium risk: monitor,0,157
16630,0.1354093342714906,Medium risk: monitor,0,150
9994,0.1353674663607971,Medium risk: monitor,0,160
7020,0.13535828931772406,Medium risk: monitor,0,146
35895,0.13527898413961287,Medium risk: monitor,0,156
26341,0.13524169368830985,Medium risk: monitor,0,157
37489,0.13512313696742123,Medium risk: monitor,0,152
22521,0.1350821182368936,Medium risk: monitor,0,155
19143,0.13507783758454506,Medium risk: monitor,0,153
44247,0.13502909037588154,Medium risk: monitor,0,155
30359,0.1349450799678391,Medium risk: monitor,0,158
45942,0.1349019513670422,Medium risk: monitor,0,159
15796,0.13488108234822846,Medium risk: monitor,0,160
29589,0.13485667724588998,Medium risk: monitor,0,152
41416,0.1348011028304724,Medium risk: monitor,0,166
3919,0.13472136937541657,Medium risk: monitor,0,162
24355,0.13468347151039947,Medium risk: monitor,0,156
2901,0.13459981948422534,Medium risk: monitor,0,150
57294,0.13450062984437094,Medium risk: monitor,0,157
35975,0.13441140765637208,Medium risk: monitor,0,152
47532,0.1343982285259525,Medium risk: monitor,0,153
9958,0.13426519826686933,Medium risk: monitor,0,158
16957,0.13416125406060747,Medium risk: monitor,0,151
7181,0.13398529906392947,Medium risk: monitor,0,157
40303,0.1339199238986656,Medium risk: monitor,0,148
52121,0.1338745786287185,Medium risk: monitor,0,157
1589,0.13386174208253032,Medium risk: monitor,0,162
9452,0.13386031706810786,Medium risk: monitor,0,147
25016,0.13380132160713884,Medium risk: monitor,0,149
25485,0.13372015112201674,Medium risk: monitor,0,151
30128,0.13364906193902804,Medium risk: monitor,0,151
4329,0.13353545370527525,Medium risk: monitor,0,150
46098,0.13351814092888847,Medium risk: monitor,0,151
3693,0.13348843309779423,Medium risk: monitor,0,152
54039,0.13346162104395004,Medium risk: monitor,0,152
41359,0.1334147295100334,Medium risk: monitor,0,149
5790,0.13333861856237078,Medium risk: monitor,0,149
24510,0.13317090514166927,Medium risk: monitor,0,156
33995,0.13313292673091418,Medium risk: monitor,0,156
5229,0.13309710736789115,Medium risk: monitor,0,150
38027,0.13309376744221035,Medium risk: monitor,0,152
48661,0.13306809147686463,Medium risk: monitor,0,152
31256,0.1329564280531112,Medium risk: monitor,0,155
33724,0.13292202040684514,Medium risk: monitor,0,154
11024,0.13289715527135787,Medium risk: monitor,0,156
46793,0.13282007751012526,Medium risk: monitor,0,149
20142,0.13279493487631183,Medium risk: monitor,0,151
28743,0.1327565605356501,Medium risk: monitor,0,158
18254,0.13267398859481802,Medium risk: monitor,0,157
44625,0.13265334951030555,Medium risk: monitor,0,151
12297,0.13261906159280776,Medium risk: monitor,0,153
30597,0.1326018670665265,Medium risk: monitor,0,151
57485,0.13259639115784658,Medium risk: monitor,0,152
41062,0.13243408793232836,Medium risk: monitor,0,157
8118,0.13242016978683144,Medium risk: monitor,0,150
46553,0.13236133582874893,Medium risk: monitor,0,150
36463,0.13226342808618993,Medium risk: monitor,0,157
58095,0.13215846429086298,Medium risk: monitor,0,165
18292,0.13213886551006865,Medium risk: monitor,0,151
42719,0.13208196472491318,Medium risk: monitor,0,155
45427,0.13194810448168814,Medium risk: monitor,0,150
24821,0.1318444119901186,Medium risk: monitor,0,151
46790,0.13178023881897047,Medium risk: monitor,0,149
12867,0.13160982082189968,Medium risk: monitor,0,151
23578,0.13158008890211462,Medium risk: monitor,0,146
30269,0.13142454652765015,Medium risk: monitor,0,146
15282,0.13141212897310503,Medium risk: monitor,0,145
34647,0.1313872644992724,Medium risk: monitor,0,157
26588,0.13131919658091307,Medium risk: monitor,0,154
37744,0.13127968896438122,Medium risk: monitor,0,156
25299,0.13105778076856284,Medium risk: monitor,0,155
34201,0.13103966764934685,Medium risk: monitor,0,151
44824,0.13089107877509418,Medium risk: monitor,0,152
39726,0.13071841623661867,Medium risk: monitor,0,163
5567,0.13066578586759253,Medium risk: monitor,0,149
58150,0.13061790008577004,Medium risk: monitor,0,155
26744,0.13061556859145126,Medium risk: monitor,0,148
39666,0.1305993807235527,Medium risk: monitor,0,155
2870,0.13038739963624854,Medium risk: monitor,0,154
3387,0.13027992283848655,Medium risk: monitor,0,162
5975,0.13026877533940706,Medium risk: monitor,0,148
25564,0.13021397722753927,Medium risk: monitor,0,155
37566,0.13021191747754532,Medium risk: monitor,0,151
52339,0.13014487590966156,Medium risk: monitor,0,151
18747,0.12995643151848002,Medium risk: monitor,0,158
2230,0.1298337487486915,Medium risk: monitor,0,151
43728,0.12976987602626527,Medium risk: monitor,0,150
14969,0.1297013656624887,Medium risk: monitor,0,158
16369,0.1296158285237191,Medium risk: monitor,0,150
26172,0.12955146062401252,Medium risk: monitor,0,146
23691,0.129493311570614,Medium risk: monitor,0,151
8696,0.12936478630889253,Medium risk: monitor,0,157
45401,0.12936370907378014,Medium risk: monitor,0,147
16503,0.12929815679801782,Medium risk: monitor,0,150
8428,0.12922714090042264,Medium risk: monitor,0,152
9042,0.12899547226559693,Medium risk: monitor,0,155
47433,0.12895396856159103,Medium risk: monitor,0,152
58766,0.12885761922183345,Medium risk: monitor,0,152
44881,0.12869858179687468,Medium risk: monitor,0,148
1904,0.1286804327407256,Medium risk: monitor,0,152
33070,0.12865960083527087,Medium risk: monitor,0,154
3945,0.1286120984716908,Medium risk: monitor,0,157
12775,0.12858844336185773,Medium risk: monitor,0,150
19283,0.12856572795944618,Medium risk: monitor,0,150
23856,0.12853995300302606,Medium risk: monitor,0,150
32999,0.128507641713966,Medium risk: monitor,0,153
13522,0.12840993794612088,Medium risk: monitor,0,155
23604,0.1283688311408865,Medium risk: monitor,0,151
57914,0.1283158761560233,Medium risk: monitor,0,157
24663,0.12830307101725602,Medium risk: monitor,0,159
44088,0.1282389468737982,Medium risk: monitor,0,155
9637,0.12821376674029034,Medium risk: monitor,0,152
22541,0.12804622009599528,Medium risk: monitor,0,152
7197,0.1280329405042616,Medium risk: monitor,0,147
4137,0.12800176787219836,Medium risk: monitor,0,155
4194,0.12793338329906118,Medium risk: monitor,0,155
34473,0.12783496086998267,Medium risk: monitor,0,148
14498,0.12783117012270295,Medium risk: monitor,0,152
26885,0.12769579354177088,Medium risk: monitor,0,156
14,0.1276396343564433,Medium risk: monitor,0,153
29042,0.12760184542778705,Medium risk: monitor,0,160
25916,0.12747110695385466,Medium risk: monitor,0,156
7036,0.1271173781971231,Medium risk: monitor,0,148
10773,0.12711449168945316,Medium risk: monitor,0,152
34190,0.12707733738078753,Medium risk: monitor,0,150
5488,0.12702662109317228,Medium risk: monitor,0,150
30548,0.12700976457315213,Medium risk: monitor,0,149
8988,0.1270056629025661,Medium risk: monitor,0,153
18531,0.12691753896434807,Medium risk: monitor,0,155
41118,0.12689460336235386,Medium risk: monitor,0,159
40997,0.12674071807312906,Medium risk: monitor,0,146
832,0.12671954868843546,Medium risk: monitor,0,150
23749,0.12666766221603637,Medium risk: monitor,0,154
28676,0.12666213975159216,Medium risk: monitor,0,151
2533,0.12651473749371245,Medium risk: monitor,0,164
59221,0.12647530209143165,Medium risk: monitor,0,149
53970,0.12644128015698677,Medium risk: monitor,0,157
23912,0.1264258531158171,Medium risk: monitor,0,147
29588,0.12639812618637147,Medium risk: monitor,0,157
38605,0.12621859229178922,Medium risk: monitor,0,162
21890,0.12620527738021625,Medium risk: monitor,0,151
58665,0.12617685182978558,Medium risk: monitor,0,150
37203,0.12617162960559147,Medium risk: monitor,0,148
12341,0.12600095380540116,Medium risk: monitor,0,147
39992,0.1259926438769918,Medium risk: monitor,0,157
49475,0.1259061329401021,Medium risk: monitor,0,149
7298,0.1258778194373429,Medium risk: monitor,0,148
41522,0.12586291585460566,Medium risk: monitor,0,152
53615,0.12584864472581192,Medium risk: monitor,0,157
15850,0.12570717188661873,Medium risk: monitor,0,152
25266,0.12563317245873248,Medium risk: monitor,0,152
27724,0.1255984629675384,Medium risk: monitor,0,151
46041,0.1255859644873496,Medium risk: monitor,0,151
27750,0.12546957991775784,Medium risk: monitor,0,154
45777,0.12545771500368424,Medium risk: monitor,0,151
10762,0.12529093385548262,Medium risk: monitor,0,151
51325,0.12522099824663155,Medium risk: monitor,0,145
4384,0.12513636079381363,Medium risk: monitor,0,150
53366,0.1248287785658802,Medium risk: monitor,0,162
57149,0.12472511732792935,Medium risk: monitor,0,152
52064,0.12468682830945652,Medium risk: monitor,0,152
34595,0.12468150703758873,Medium risk: monitor,0,151
50356,0.12467691312404376,Medium risk: monitor,0,149
50719,0.12466885952400494,Medium risk: monitor,0,155
31160,0.12466230222444205,Medium risk: monitor,0,155
42111,0.12454959953321823,Medium risk: monitor,0,146
26739,0.12441660331327556,Medium risk: monitor,0,150
30701,0.12439565162788266,Medium risk: monitor,0,157
10455,0.12435234008651716,Medium risk: monitor,0,152
28296,0.12432726249690587,Medium risk: monitor,0,150
56692,0.12425147529661851,Medium risk: monitor,0,152
35489,0.12425012304637129,Medium risk: monitor,0,152
56171,0.12416921735893399,Medium risk: monitor,0,146
18067,0.12402206811088975,Medium risk: monitor,0,149
16214,0.12392001637206405,Medium risk: monitor,0,153
6881,0.12372816705396192,Medium risk: monitor,0,153
30997,0.12366780579120068,Medium risk: monitor,0,160
26834,0.12365654105567467,Medium risk: monitor,0,151
42261,0.12361471364014663,Medium risk: monitor,0,151
5840,0.12356872054800756,Medium risk: monitor,0,145
11547,0.12349480902477364,Medium risk: monitor,0,151
5739,0.1234590187773899,Medium risk: monitor,0,154
47583,0.12335415930636537,Medium risk: monitor,0,150
12800,0.12326226793787265,Medium risk: monitor,0,156
9194,0.12324782027941567,Medium risk: monitor,0,158
17795,0.12321149487057084,Medium risk: monitor,0,158
24635,0.12310735697848142,Medium risk: monitor,0,156
50063,0.12296723934573979,Medium risk: monitor,0,151
36436,0.12289498532153356,Medium risk: monitor,0,156
16404,0.12283519348544489,Medium risk: monitor,0,159
20037,0.12279294900822045,Medium risk: monitor,0,151
57613,0.1227073688830024,Medium risk: monitor,0,151
6978,0.12259316940272726,Medium risk: monitor,0,164
12045,0.12258290039927895,Medium risk: monitor,0,152
11696,0.12252981066511448,Medium risk: monitor,0,152
35317,0.1224005921857883,Medium risk: monitor,0,155
43189,0.12237541075459113,Medium risk: monitor,0,156
32554,0.12228131540804221,Medium risk: monitor,0,152
50604,0.12207658180936051,Medium risk: monitor,0,157
51950,0.12204908797497963,Medium risk: monitor,0,151
29115,0.12204253713564404,Medium risk: monitor,0,163
24528,0.12204087579864381,Medium risk: monitor,0,157
18225,0.12202844935308825,Medium risk: monitor,0,158
9781,0.1220221050750752,Medium risk: monitor,0,156
31755,0.12201166682269823,Medium risk: monitor,0,150
47865,0.12194655203376875,Medium risk: monitor,0,152
25585,0.12180574102598274,Medium risk: monitor,0,153
30318,0.12179108630279165,Medium risk: monitor,0,148
11467,0.12175957108170235,Medium risk: monitor,0,156
27124,0.12173897777912658,Medium risk: monitor,0,146
45404,0.12163258970834535,Medium risk: monitor,0,155
47871,0.12161509932788636,Medium risk: monitor,0,150
59252,0.12142792609683128,Medium risk: monitor,0,149
43299,0.12137675340912224,Medium risk: monitor,0,151
25175,0.12137202824965887,Medium risk: monitor,0,150
4280,0.1213333125168911,Medium risk: monitor,0,156
17314,0.12132912800655107,Medium risk: monitor,0,148
53673,0.12129291307599846,Medium risk: monitor,0,159
22995,0.12127216266777158,Medium risk: monitor,0,152
15554,0.12123752765369067,Medium risk: monitor,0,154
37093,0.12117153944314923,Medium risk: monitor,0,154
5716,0.12108680925626367,Medium risk: monitor,0,157
43218,0.1210834906951132,Medium risk: monitor,0,149
51073,0.12107422722035002,Medium risk: monitor,0,150
6518,0.12102622999614829,Medium risk: monitor,0,147
9623,0.12085709447251461,Medium risk: monitor,0,156
18738,0.12085389659660474,Medium risk: monitor,0,154
36135,0.12067932679964061,Medium risk: monitor,0,154
15484,0.12065796289705644,Medium risk: monitor,0,164
42547,0.12055107931602538,Medium risk: monitor,0,153
38746,0.12051184352254808,Medium risk: monitor,0,155
47231,0.12049828109918276,Medium risk: monitor,0,146
41328,0.12046808306275869,Medium risk: monitor,0,150
33473,0.12045093210732086,Medium risk: monitor,0,149
10881,0.12043109420897725,Medium risk: monitor,0,149
32865,0.12042125599802246,Medium risk: monitor,0,152
29808,0.12035906397882504,Medium risk: monitor,0,151
33748,0.12027341425858717,Medium risk: monitor,0,157
30428,0.12022759283189549,Medium risk: monitor,0,162
6294,0.12016454471958063,Medium risk: monitor,0,158
8106,0.12010808878030096,Medium risk: monitor,0,151
55732,0.12005313263214092,Medium risk: monitor,0,157
42444,0.11999430058310975,Medium risk: monitor,0,158
57190,0.11992929479098134,Medium risk: monitor,0,157
15825,0.11987440631667715,Medium risk: monitor,0,152
16575,0.11984569625146216,Medium risk: monitor,0,157
59055,0.11983545657689398,Medium risk: monitor,0,149
28897,0.11982267263026744,Medium risk: monitor,0,157
26826,0.11977391886073255,Medium risk: monitor,0,151
32677,0.11961082840987847,Medium risk: monitor,0,156
51289,0.11958996705686267,Medium risk: monitor,0,158
48633,0.11958278780452872,Medium risk: monitor,0,153
45291,0.11955422389994312,Medium risk: monitor,0,151
6916,0.11948196794939123,Medium risk: monitor,0,151
10659,0.11948168751670207,Medium risk: monitor,0,153
28030,0.11938075941080026,Medium risk: monitor,0,158
39226,0.11933323894463918,Medium risk: monitor,0,151
36374,0.11931608954791238,Medium risk: monitor,0,147
5089,0.11927219794629904,Medium risk: monitor,0,163
19576,0.1192608222619986,Medium risk: monitor,0,150
26715,0.1192457165179946,Medium risk: monitor,0,159
29313,0.11917459375697974,Medium risk: monitor,0,154
51920,0.11912566829266713,Medium risk: monitor,0,149
38178,0.11911020099847082,Medium risk: monitor,0,152
29815,0.11900597212070396,Medium risk: monitor,0,150
41434,0.11896122140995798,Medium risk: monitor,0,154
50711,0.1188813087919115,Medium risk: monitor,0,151
26276,0.11876514979130905,Medium risk: monitor,0,148
54612,0.1187293713234446,Medium risk: monitor,0,158
16932,0.11871901526155021,Medium risk: monitor,0,151
29599,0.11869559217087697,Medium risk: monitor,0,150
49647,0.11861664840568356,Medium risk: monitor,0,150
44738,0.1185442611809196,Medium risk: monitor,0,152
34973,0.11851426212487899,Medium risk: monitor,0,146
6025,0.11845244693702248,Medium risk: monitor,0,153
48513,0.11842866370794428,Medium risk: monitor,0,161
35320,0.11822980018594886,Medium risk: monitor,0,148
50015,0.11816910889566959,Medium risk: monitor,0,148
46883,0.11816724921329648,Medium risk: monitor,0,157
23455,0.118143105620101,Medium risk: monitor,0,149
14202,0.1180863116783708,Medium risk: monitor,0,151
17522,0.11805429205901248,Medium risk: monitor,0,153
20040,0.11804985724481717,Medium risk: monitor,0,153
33305,0.11798775620072122,Medium risk: monitor,0,158
31877,0.11796498601089077,Medium risk: monitor,0,166
4809,0.117834509158221,Medium risk: monitor,0,164
1707,0.11783378802862934,Medium risk: monitor,0,146
48972,0.11781874618366818,Medium risk: monitor,0,156
30196,0.11774095056089473,Medium risk: monitor,0,146
1502,0.1177091193046861,Medium risk: monitor,0,163
48011,0.1176151353384072,Medium risk: monitor,0,150
55001,0.11755186526002072,Medium risk: monitor,0,157
56052,0.11742168833174377,Medium risk: monitor,0,150
21023,0.11734592910857675,Medium risk: monitor,0,152
2500,0.1172681870303808,Medium risk: monitor,0,149
46580,0.11725032094452914,Medium risk: monitor,0,160
55226,0.11723882584559192,Medium risk: monitor,0,153
53605,0.11722617899849958,Medium risk: monitor,0,153
2861,0.11720219870641828,Medium risk: monitor,0,152
22184,0.11709169023483232,Medium risk: monitor,0,162
35322,0.1170646331370283,Medium risk: monitor,0,153
50644,0.1169862967579615,Medium risk: monitor,0,155
46733,0.11696205653640959,Medium risk: monitor,0,155
6992,0.11691459800348837,Medium risk: monitor,0,152
23704,0.11687618162274721,Medium risk: monitor,0,162
12748,0.11685043898604822,Medium risk: monitor,0,153
17654,0.1167931914974992,Medium risk: monitor,0,155
58712,0.11678183316448695,Medium risk: monitor,0,153
19976,0.1167524981113588,Medium risk: monitor,0,145
30917,0.11652766586849288,Medium risk: monitor,0,156
59149,0.11652244505791351,Medium risk: monitor,0,148
14377,0.11652138211426016,Medium risk: monitor,0,148
46138,0.11640715039672897,Medium risk: monitor,0,151
20221,0.11635794742701963,Medium risk: monitor,0,148
51234,0.11634844728801516,Medium risk: monitor,0,156
22901,0.11631272192111963,Medium risk: monitor,0,148
16723,0.11627954687195169,Medium risk: monitor,0,154
36442,0.11624096157059119,Medium risk: monitor,0,158
4864,0.11617794121751195,Medium risk: monitor,0,147
13441,0.11616368037247149,Medium risk: monitor,0,151
36691,0.1161606174274134,Medium risk: monitor,0,155
23846,0.11612204851610242,Medium risk: monitor,0,153
59820,0.11603159236079597,Medium risk: monitor,0,150
9769,0.11586090297148913,Medium risk: monitor,0,163
11869,0.1158456018185535,Medium risk: monitor,0,150
37067,0.1158392773476378,Medium risk: monitor,0,148
40802,0.11581489043375581,Medium risk: monitor,0,155
41948,0.11577302138713338,Medium risk: monitor,0,149
46012,0.11575352654049756,Medium risk: monitor,0,152
35577,0.11571953549904758,Medium risk: monitor,0,162
49316,0.11570962077642397,Medium risk: monitor,0,154
5139,0.11570175158365817,Medium risk: monitor,0,152
35155,0.11568121894794636,Medium risk: monitor,0,162
49043,0.11565824544315564,Medium risk: monitor,0,149
12513,0.1155227771196455,Medium risk: monitor,0,153
12430,0.1154391877575944,Medium risk: monitor,0,151
40561,0.1154055954708824,Medium risk: monitor,0,150
8185,0.11537281550127566,Medium risk: monitor,0,152
872,0.11533656998103237,Medium risk: monitor,0,148
17472,0.11509443746533699,Medium risk: monitor,0,152
15932,0.11500267213412724,Medium risk: monitor,0,153
50643,0.11497340124379045,Medium risk: monitor,0,156
16143,0.11479413254172645,Medium risk: monitor,0,159
12517,0.11473892757209445,Medium risk: monitor,0,152
107,0.11468598460823251,Medium risk: monitor,0,147
2912,0.11465413726089174,Medium risk: monitor,0,153
2282,0.11462465919028136,Medium risk: monitor,0,156
57503,0.11455577351679656,Medium risk: monitor,0,154
43158,0.11454956418128437,Medium risk: monitor,0,152
25461,0.11453052369972223,Medium risk: monitor,0,160
53261,0.11447137795743781,Medium risk: monitor,0,151
35085,0.11441022752920271,Medium risk: monitor,0,153
50551,0.1143884904876539,Medium risk: monitor,0,156
10509,0.114305860957332,Medium risk: monitor,0,150
26492,0.1142655386014786,Medium risk: monitor,0,154
22633,0.11426138965973819,Medium risk: monitor,0,154
13648,0.11425068368379149,Medium risk: monitor,0,150
12083,0.11415047585497616,Medium risk: monitor,0,153
59559,0.11408836795389489,Medium risk: monitor,0,157
20363,0.1140778104341412,Medium risk: monitor,0,153
58046,0.11405073875828095,Medium risk: monitor,0,153
28767,0.11404004324468012,Medium risk: monitor,0,150
31418,0.11398463966713349,Medium risk: monitor,0,152
51252,0.11393656405422549,Medium risk: monitor,0,153
47522,0.11380246126767386,Medium risk: monitor,0,151
45812,0.1137728104326089,Medium risk: monitor,0,162
29320,0.11372446466928456,Medium risk: monitor,0,156
44839,0.1136869680575934,Medium risk: monitor,0,152
13334,0.11355581388033774,Medium risk: monitor,0,151
15137,0.11355203403351186,Medium risk: monitor,0,159
9129,0.11348693805284685,Medium risk: monitor,0,152
39812,0.11348567605549521,Medium risk: monitor,0,155
52530,0.11346435574319833,Medium risk: monitor,0,153
53927,0.11342530644700588,Medium risk: monitor,0,163
11987,0.11341034448677177,Medium risk: monitor,0,148
49281,0.11338488776274591,Medium risk: monitor,0,148
7423,0.11329612945645973,Medium risk: monitor,0,152
12972,0.11327401491212921,Medium risk: monitor,0,161
53066,0.11319238828351003,Medium risk: monitor,0,156
19898,0.11317292151096686,Medium risk: monitor,0,151
12450,0.113097493378197,Medium risk: monitor,0,154
41085,0.11302595555750364,Medium risk: monitor,0,153
48437,0.11301609007266508,Medium risk: monitor,0,152
1663,0.1130071923649777,Medium risk: monitor,0,156
14382,0.112995095852265,Medium risk: monitor,0,161
2020,0.11294408768484927,Medium risk: monitor,0,149
30479,0.11291906989243335,Medium risk: monitor,0,147
27748,0.11291536746809969,Medium risk: monitor,0,153
56301,0.11287852220455312,Medium risk: monitor,0,159
47435,0.11286297152461267,Medium risk: monitor,0,156
34688,0.11284918787867307,Medium risk: monitor,0,152
38655,0.11283714460893693,Medium risk: monitor,0,153
21011,0.11274515354164681,Medium risk: monitor,0,164
43124,0.11265379104116192,Medium risk: monitor,0,157
22639,0.11262911406323906,Medium risk: monitor,0,150
15312,0.1126260347375404,Medium risk: monitor,0,148
58942,0.11261411861252418,Medium risk: monitor,0,149
3744,0.11258671864489882,Medium risk: monitor,0,151
11109,0.11254156848887774,Medium risk: monitor,0,159
40668,0.11245737268396001,Medium risk: monitor,0,158
45568,0.11239704388080358,Medium risk: monitor,0,150
39682,0.11235002596809848,Medium risk: monitor,0,153
5321,0.11223033769984478,Medium risk: monitor,0,152
22004,0.11177864647811547,Medium risk: monitor,0,162
35427,0.11168688419973574,Medium risk: monitor,0,146
11500,0.1116477456560719,Medium risk: monitor,0,152
33839,0.1116443445142698,Medium risk: monitor,0,150
9826,0.11158636674194414,Medium risk: monitor,0,152
7052,0.11147801697965175,Medium risk: monitor,0,151
48465,0.11143941092935958,Medium risk: monitor,0,151
43125,0.11133485917318522,Medium risk: monitor,0,149
6137,0.11130080663053256,Medium risk: monitor,0,162
17322,0.11125179670271829,Medium risk: monitor,0,150
39691,0.11118637395207495,Medium risk: monitor,0,146
25827,0.11113086689891032,Medium risk: monitor,0,151
58214,0.11112543928309357,Medium risk: monitor,0,157
21140,0.11111242741342676,Medium risk: monitor,0,155
17415,0.11108213712347015,Medium risk: monitor,0,148
49931,0.11099051941397761,Medium risk: monitor,0,149
43957,0.11098352463813348,Medium risk: monitor,0,151
27599,0.11098257702672126,Medium risk: monitor,0,156
26354,0.11093049709210098,Medium risk: monitor,0,153
36979,0.11089414762679187,Medium risk: monitor,0,158
47909,0.110881177218793,Medium risk: monitor,0,160
32247,0.11087780593861643,Medium risk: monitor,0,155
12883,0.11081842441052363,Medium risk: monitor,0,151
54663,0.11077097423851857,Medium risk: monitor,0,159
4523,0.11075793689920818,Medium risk: monitor,0,148
25208,0.11072739724166088,Medium risk: monitor,0,157
39292,0.11065696557704678,Medium risk: monitor,0,146
15663,0.11061583942880698,Medium risk: monitor,0,157
54842,0.1105521582325396,Medium risk: monitor,0,149
17525,0.11054996407167864,Medium risk: monitor,0,156
40643,0.11049254652512647,Medium risk: monitor,0,154
603,0.11039883866367758,Medium risk: monitor,0,149
22248,0.11038094854185518,Medium risk: monitor,0,151
17752,0.11034750000618579,Medium risk: monitor,0,149
49887,0.11031164567927142,Medium risk: monitor,0,157
54139,0.11027674471430181,Medium risk: monitor,0,156
31211,0.11025721229727037,Medium risk: monitor,0,149
47405,0.11025045625548452,Medium risk: monitor,0,151
52543,0.11021809657809255,Medium risk: monitor,0,156
18399,0.11010845143266275,Medium risk: monitor,0,152
13197,0.11003860008042649,Medium risk: monitor,0,155
1410,0.1099224146018657,Medium risk: monitor,0,149
26625,0.10989271381974008,Medium risk: monitor,0,148
4615,0.10980264274546116,Medium risk: monitor,0,159
34514,0.10978164088993886,Medium risk: monitor,0,154
24925,0.10977018962780878,Medium risk: monitor,0,147
55891,0.10975410083600626,Medium risk: monitor,0,150
47293,0.10973024876599602,Medium risk: monitor,0,154
14873,0.10969711717087163,Medium risk: monitor,0,156
391,0.1096605267932082,Medium risk: monitor,0,149
50368,0.10964791393954369,Medium risk: monitor,0,150
25136,0.10961761655603944,Medium risk: monitor,0,153
30899,0.10952506661085429,Medium risk: monitor,0,159
16754,0.10934523860370281,Medium risk: monitor,0,150
10073,0.10920655375416517,Medium risk: monitor,0,152
49402,0.10916940352252849,Medium risk: monitor,0,157
55769,0.10915062191188138,Medium risk: monitor,0,150
6321,0.1088784483227888,Medium risk: monitor,0,151
19254,0.10882369691507447,Medium risk: monitor,0,149
22162,0.1088134767879109,Medium risk: monitor,0,154
30320,0.1087694008678834,Medium risk: monitor,0,152
26207,0.10858151049606848,Medium risk: monitor,0,151
24520,0.10846660906641845,Medium risk: monitor,0,152
10116,0.10845754805664269,Medium risk: monitor,0,157
40973,0.10843620338482779,Medium risk: monitor,0,152
421,0.10841297541554329,Medium risk: monitor,0,152
40675,0.10838072963102721,Medium risk: monitor,0,149
55559,0.10823117629080731,Medium risk: monitor,0,159
9828,0.10820300460496103,Medium risk: monitor,0,152
13739,0.10819993834206745,Medium risk: monitor,0,152
35807,0.10805866394372195,Medium risk: monitor,0,154
54559,0.1080567731747884,Medium risk: monitor,0,149
16286,0.1080171207466484,Medium risk: monitor,0,164
3430,0.10797389073806955,Medium risk: monitor,0,153
53981,0.10789303618111282,Medium risk: monitor,0,157
22880,0.1077885111746647,Medium risk: monitor,0,160
47178,0.10773738093179938,Medium risk: monitor,0,150
50558,0.10770471649166288,Medium risk: monitor,0,153
16026,0.10766536208359279,Medium risk: monitor,0,151
50608,0.10755597116038437,Medium risk: monitor,0,156
15022,0.10751121910849494,Medium risk: monitor,0,153
5906,0.10748803379056009,Medium risk: monitor,0,152
57458,0.10747616350905823,Medium risk: monitor,0,158
5841,0.10744315733648675,Medium risk: monitor,0,146
11907,0.10742475701836204,Medium risk: monitor,0,152
28615,0.10741611607338036,Medium risk: monitor,0,156
48444,0.10731799431220787,Medium risk: monitor,0,153
45523,0.10730501537213041,Medium risk: monitor,0,153
13694,0.10721816430074926,Medium risk: monitor,0,149
32200,0.10718849996944498,Medium risk: monitor,0,152
30810,0.10716958385575961,Medium risk: monitor,0,151
1230,0.10716141467418674,Medium risk: monitor,0,154
37279,0.10710375832575056,Medium risk: monitor,0,150
30730,0.10710227795527519,Medium risk: monitor,0,153
39001,0.10707714742324015,Medium risk: monitor,0,150
55618,0.1070461762752685,Medium risk: monitor,0,149
29632,0.10703572379493743,Medium risk: monitor,0,156
39217,0.10703452790934775,Medium risk: monitor,0,159
50752,0.10700342758090185,Medium risk: monitor,0,151
56556,0.10699666824880193,Medium risk: monitor,0,162
36519,0.1069911714684369,Medium risk: monitor,0,152
40636,0.10685660151181936,Medium risk: monitor,0,157
42804,0.10676682639747084,Medium risk: monitor,0,153
41120,0.10674136022569243,Medium risk: monitor,0,151
31919,0.10667083045062144,Medium risk: monitor,0,147
47055,0.10664376261811669,Medium risk: monitor,0,150
55395,0.10661792102077115,Medium risk: monitor,0,148
9722,0.1066074441286784,Medium risk: monitor,0,159
19320,0.10660193085363731,Medium risk: monitor,0,149
23766,0.10652634178362005,Medium risk: monitor,0,150
33658,0.10648433867045323,Medium risk: monitor,0,158
42934,0.10643191479682192,Medium risk: monitor,0,148
20110,0.10634593261657237,Medium risk: monitor,0,157
18131,0.10623886316802991,Medium risk: monitor,0,147
59733,0.10621293835847638,Medium risk: monitor,0,149
18752,0.1062076826708823,Medium risk: monitor,0,154
13011,0.10613835573457552,Medium risk: monitor,0,153
28305,0.1060177861088225,Medium risk: monitor,0,151
40360,0.10597412809954045,Medium risk: monitor,0,150
59327,0.10590109383960028,Medium risk: monitor,0,152
52798,0.10588848323504318,Medium risk: monitor,0,152
5067,0.10587211573444821,Medium risk: monitor,0,154
29824,0.10579585029707969,Medium risk: monitor,0,154
31016,0.10578430998342779,Medium risk: monitor,0,149
34244,0.10576963224078909,Medium risk: monitor,0,157
49501,0.10572612259263799,Medium risk: monitor,0,149
27769,0.10569373373653251,Medium risk: monitor,0,146
20763,0.1056895094080267,Medium risk: monitor,0,152
26852,0.10565971469574093,Medium risk: monitor,0,158
8717,0.10558136369557211,Medium risk: monitor,0,158
28329,0.10552166363346044,Medium risk: monitor,0,152
41988,0.1054406092732222,Medium risk: monitor,0,150
53582,0.10543599060913761,Medium risk: monitor,0,158
54298,0.10533783912034991,Medium risk: monitor,0,159
48736,0.10532775700962006,Medium risk: monitor,0,151
32637,0.10519008353037826,Medium risk: monitor,0,151
39189,0.10504095283770545,Medium risk: monitor,0,150
40370,0.10479816027812922,Medium risk: monitor,0,151
16946,0.1047421713444851,Medium risk: monitor,0,146
21968,0.10466340944225234,Medium risk: monitor,0,151
52830,0.10460053001089481,Medium risk: monitor,0,152
40316,0.10456095759876723,Medium risk: monitor,0,153
45375,0.1045555090582122,Medium risk: monitor,0,150
45076,0.10446786657014981,Medium risk: monitor,0,148
50028,0.10436853484597673,Medium risk: monitor,0,150
15141,0.10434679713250158,Medium risk: monitor,0,150
8614,0.10433910348229489,Medium risk: monitor,0,150
21660,0.10433569885098984,Medium risk: monitor,0,162
50849,0.10432551634126956,Medium risk: monitor,0,152
14149,0.10428530082452328,Medium risk: monitor,0,148
42064,0.10421518992490567,Medium risk: monitor,0,157
21061,0.10415289174610716,Medium risk: monitor,0,157
54406,0.10414593691236979,Medium risk: monitor,0,156
22286,0.10406623863254497,Medium risk: monitor,0,150
21887,0.10397911954097862,Medium risk: monitor,0,160
50527,0.1039460689664475,Medium risk: monitor,0,156
13724,0.10394217757073619,Medium risk: monitor,0,147
33249,0.103887498379714,Medium risk: monitor,0,146
18323,0.10377271331632736,Medium risk: monitor,0,151
9235,0.1036801612014794,Medium risk: monitor,0,155
44827,0.10368011817020696,Medium risk: monitor,0,151
6444,0.1036203014559518,Medium risk: monitor,0,154
1513,0.10348509248878927,Medium risk: monitor,0,150
31782,0.10346032895320904,Medium risk: monitor,0,149
43137,0.10341532735816555,Medium risk: monitor,0,149
6599,0.10340024484945855,Medium risk: monitor,0,159
54200,0.10333766624211453,Medium risk: monitor,0,154
9978,0.10324863038184731,Medium risk: monitor,0,150
58327,0.1032426868538697,Medium risk: monitor,0,164
51560,0.10317544164395853,Medium risk: monitor,0,160
54457,0.10313851219425227,Medium risk: monitor,0,152
43934,0.10303775608554214,Medium risk: monitor,0,157
18129,0.10294730972327151,Medium risk: monitor,0,150
13598,0.10292117883048214,Medium risk: monitor,0,153
6562,0.10291830801302485,Medium risk: monitor,0,151
12885,0.10273604236697942,Medium risk: monitor,0,150
33450,0.10272690663776379,Medium risk: monitor,0,152
27790,0.10266674897559717,Medium risk: monitor,0,158
12894,0.10259307005556123,Medium risk: monitor,0,151
56250,0.10257339172489953,Medium risk: monitor,0,151
6828,0.10253703743709142,Medium risk: monitor,0,152
20540,0.10247230691374945,Medium risk: monitor,0,158
56380,0.10237524836012539,Medium risk: monitor,0,162
13497,0.10233484043941236,Medium risk: monitor,0,150
8802,0.1022986785964682,Medium risk: monitor,0,145
19912,0.10219228696884694,Medium risk: monitor,0,153
43268,0.10210284270846418,Medium risk: monitor,0,151
49924,0.10200409806389982,Medium risk: monitor,0,157
30930,0.10199426224019974,Medium risk: monitor,0,153
41177,0.10188069908938428,Medium risk: monitor,0,149
3399,0.10187669558494773,Medium risk: monitor,0,151
16380,0.10181066547474193,Medium risk: monitor,0,150
3752,0.10171926040740444,Medium risk: monitor,0,152
37461,0.10170393832092693,Medium risk: monitor,0,158
26297,0.10169639389222543,Medium risk: monitor,0,154
51511,0.10166350091634226,Medium risk: monitor,0,151
39131,0.10163233737090682,Medium risk: monitor,0,152
44549,0.10159840721832214,Medium risk: monitor,0,159
29369,0.10151683318563372,Medium risk: monitor,0,151
23591,0.10150599671316579,Medium risk: monitor,0,163
36101,0.1014932172858223,Medium risk: monitor,0,150
47284,0.10138974227242284,Medium risk: monitor,0,156
26999,0.10135773232934858,Medium risk: monitor,0,157
35370,0.10132440925348803,Medium risk: monitor,0,150
21159,0.10121548418363162,Medium risk: monitor,0,150
50111,0.10116208367283223,Medium risk: monitor,0,151
6178,0.10106663977885388,Medium risk: monitor,0,163
46891,0.10102099302810803,Medium risk: monitor,0,156
52392,0.10100245277700381,Medium risk: monitor,0,150
8385,0.10094039013816396,Medium risk: monitor,0,164
59097,0.10084847401389106,Medium risk: monitor,0,154
10780,0.10078327134919034,Medium risk: monitor,0,149
11070,0.10066805002921261,Medium risk: monitor,0,153
7926,0.10064407210351543,Medium risk: monitor,0,155
16592,0.10060553071609554,Medium risk: monitor,0,146
48021,0.10060299688821073,Medium risk: monitor,0,157
17185,0.1005830082088354,Medium risk: monitor,0,152
46227,0.10050047275510107,Medium risk: monitor,0,152
55678,0.10040513836824361,Medium risk: monitor,0,151
47672,0.10037955192212439,Medium risk: monitor,0,153
7744,0.10031630098370675,Medium risk: monitor,0,145
45177,0.10030090923747323,Medium risk: monitor,0,147
28070,0.10019115979701707,Medium risk: monitor,0,150
7708,0.10016763469327215,Medium risk: monitor,0,153
19923,0.10011562727348913,Medium risk: monitor,0,163
36987,0.10009455995571559,Medium risk: monitor,0,151
49428,0.10005902407718789,Medium risk: monitor,0,153
35630,0.09988164355977155,Low risk: pass,0,149
26605,0.09979179817684079,Low risk: pass,0,151
3707,0.09978783379371056,Low risk: pass,0,153
5046,0.09977183195509672,Low risk: pass,0,150
38760,0.09955329589247817,Low risk: pass,0,145
25107,0.09947588721412348,Low risk: pass,0,155
43371,0.09945175631647249,Low risk: pass,0,151
37457,0.09944057815237416,Low risk: pass,0,151
7184,0.09939471014057616,Low risk: pass,0,153
24384,0.09938322232700873,Low risk: pass,0,149
55173,0.09932143511431854,Low risk: pass,0,163
37355,0.0991376990315339,Low risk: pass,0,149
10656,0.09910764879266334,Low risk: pass,0,148
29231,0.09905451335517727,Low risk: pass,0,150
29770,0.09899433418947298,Low risk: pass,0,153
30990,0.09898313872810889,Low risk: pass,0,152
14820,0.09898148182026209,Low risk: pass,0,153
35069,0.09887203837521476,Low risk: pass,0,159
2968,0.09884987599407519,Low risk: pass,0,159
20841,0.09877962250249936,Low risk: pass,0,151
27172,0.09873440308147167,Low risk: pass,0,150
50783,0.09870828030284985,Low risk: pass,0,149
1005,0.09870770121438902,Low risk: pass,0,159
43104,0.09866600115647198,Low risk: pass,0,153
30577,0.09850543069245794,Low risk: pass,0,148
8309,0.09843794405739269,Low risk: pass,0,152
25715,0.09838393909794065,Low risk: pass,0,159
33020,0.0983573949935556,Low risk: pass,0,154
2116,0.09833160736459205,Low risk: pass,0,152
54164,0.0983172591345129,Low risk: pass,0,158
51264,0.09828336420250494,Low risk: pass,0,153
39345,0.09826272314924084,Low risk: pass,0,163
25433,0.09819042645323675,Low risk: pass,0,151
34013,0.0981571415183432,Low risk: pass,0,157
46277,0.09810837159248248,Low risk: pass,0,149
29022,0.09809694088091264,Low risk: pass,0,148
4324,0.09804742331509037,Low risk: pass,0,153
17450,0.09801365912962824,Low risk: pass,0,153
40944,0.09800479320295935,Low risk: pass,0,152
37152,0.09796793753458105,Low risk: pass,0,157
33752,0.09795256763743049,Low risk: pass,0,153
37049,0.09792968814112069,Low risk: pass,0,147
31453,0.09779889860501546,Low risk: pass,0,149
59727,0.09770269055110128,Low risk: pass,0,155
21079,0.09770096229637994,Low risk: pass,0,152
41711,0.0976417759516122,Low risk: pass,0,148
3545,0.09760036796479363,Low risk: pass,0,149
25991,0.09746775253932355,Low risk: pass,0,154
25092,0.0974662787413772,Low risk: pass,0,150
33141,0.09741859340443565,Low risk: pass,0,149
27315,0.09730474417162527,Low risk: pass,0,153
44717,0.0972939655226567,Low risk: pass,0,153
41362,0.09718405731393104,Low risk: pass,0,156
54369,0.09718101930442592,Low risk: pass,0,162
21665,0.09708103598800942,Low risk: pass,0,154
4090,0.09704461502383079,Low risk: pass,0,155
12002,0.0970378490153044,Low risk: pass,0,152
15437,0.0969105525180997,Low risk: pass,0,151
32768,0.0968976328800522,Low risk: pass,0,156
13579,0.09684436288123328,Low risk: pass,0,152
53637,0.09683598745391125,Low risk: pass,0,152
8977,0.0967927773010592,Low risk: pass,0,154
11054,0.09674338410946712,Low risk: pass,0,150
28477,0.09664593732811654,Low risk: pass,0,153
2952,0.09657897680557019,Low risk: pass,0,149
21035,0.09648135123696566,Low risk: pass,0,148
25364,0.09647975975373477,Low risk: pass,0,147
44858,0.09630981016299874,Low risk: pass,0,152
49252,0.09623349483063633,Low risk: pass,0,151
11199,0.09611044081500177,Low risk: pass,0,152
13836,0.09608166346779559,Low risk: pass,0,162
45865,0.09605703283325723,Low risk: pass,0,147
39399,0.09597663363027728,Low risk: pass,0,153
7154,0.09596007031957214,Low risk: pass,0,152
25248,0.0959537832625941,Low risk: pass,0,153
17480,0.09591768410166521,Low risk: pass,0,154
58854,0.09589968052149979,Low risk: pass,0,158
25922,0.09584250977582728,Low risk: pass,0,160
42690,0.09579203457656602,Low risk: pass,0,149
49986,0.09577989051864341,Low risk: pass,0,152
21803,0.09575161895338213,Low risk: pass,0,153
25540,0.09573455351263781,Low risk: pass,0,160
25320,0.09567864914233182,Low risk: pass,0,153
33720,0.09567066928749379,Low risk: pass,0,158
58922,0.09565181134883512,Low risk: pass,0,150
21133,0.0955681917443075,Low risk: pass,0,153
29964,0.09539811994176618,Low risk: pass,0,154
5800,0.09534444803774428,Low risk: pass,0,148
3180,0.09523297764763682,Low risk: pass,0,145
43938,0.09517185407068982,Low risk: pass,0,161
42347,0.09505677274687704,Low risk: pass,0,162
1750,0.09505152518884127,Low risk: pass,0,164
29844,0.09504121301395346,Low risk: pass,0,156
51315,0.09498483349132496,Low risk: pass,0,150
13274,0.09493979740258775,Low risk: pass,0,149
25054,0.09486482765642508,Low risk: pass,0,150
15005,0.09476724359056271,Low risk: pass,0,152
26231,0.09468325986192876,Low risk: pass,0,151
5845,0.09462524243694359,Low risk: pass,0,146
50663,0.09457305864043991,Low risk: pass,0,150
55221,0.09452827126555896,Low risk: pass,0,152
16293,0.09447372100441338,Low risk: pass,0,144
51401,0.09429346220204621,Low risk: pass,0,148
42336,0.09427928550839285,Low risk: pass,0,153
17079,0.09426110874262524,Low risk: pass,0,151
42601,0.09425156959989517,Low risk: pass,0,156
40519,0.09423278687604289,Low risk: pass,0,152
19239,0.09422433276445258,Low risk: pass,0,157
19552,0.09420505919504496,Low risk: pass,0,157
44866,0.09417511481395943,Low risk: pass,0,158
15323,0.09416819422275029,Low risk: pass,0,157
47020,0.0941100993899895,Low risk: pass,0,152
55264,0.09409663797582872,Low risk: pass,0,165
57398,0.09407945863761927,Low risk: pass,0,156
11253,0.09403019910438402,Low risk: pass,0,157
6566,0.09397195072423219,Low risk: pass,0,150
38171,0.09388002629139565,Low risk: pass,0,151
11373,0.09385691258859404,Low risk: pass,0,154
19062,0.09380766816098966,Low risk: pass,0,150
47850,0.0937946143012213,Low risk: pass,0,153
835,0.09376941721324367,Low risk: pass,0,153
52545,0.0936177294715891,Low risk: pass,0,151
58562,0.09358258890364965,Low risk: pass,0,151
38356,0.09356542055449474,Low risk: pass,0,148
30191,0.09355846038192589,Low risk: pass,0,152
56794,0.09341555910472189,Low risk: pass,0,152
11700,0.09340614985820082,Low risk: pass,0,159
33596,0.09335533571572303,Low risk: pass,0,149
56855,0.09333658056700943,Low risk: pass,0,151
41605,0.09331861300723956,Low risk: pass,0,150
28299,0.09331583980581772,Low risk: pass,0,154
20381,0.09330216628805889,Low risk: pass,0,152
52570,0.0932734546682441,Low risk: pass,0,154
56219,0.09320220131658802,Low risk: pass,0,153
23059,0.09318573621881307,Low risk: pass,0,154
50847,0.0931173523782526,Low risk: pass,0,158
50676,0.09309564073093139,Low risk: pass,0,152
8627,0.09294972138816134,Low risk: pass,0,158
3055,0.0929290386088424,Low risk: pass,0,146
1724,0.09279804357677698,Low risk: pass,0,149
20496,0.09278788377021352,Low risk: pass,0,149
47501,0.09267012490961714,Low risk: pass,0,151
16752,0.09265522184547981,Low risk: pass,0,151
51292,0.09245267999118126,Low risk: pass,0,147
39888,0.0923644573070291,Low risk: pass,0,154
52616,0.09234682011805354,Low risk: pass,0,148
59584,0.09231935303273153,Low risk: pass,0,157
39239,0.0923039425300351,Low risk: pass,0,157
27786,0.09223201029951392,Low risk: pass,0,150
23728,0.0921638029177601,Low risk: pass,0,151
38110,0.09209812324556393,Low risk: pass,0,152
37817,0.09203101513904209,Low risk: pass,0,154
23718,0.09202807675617325,Low risk: pass,0,154
25260,0.0920174656499849,Low risk: pass,0,148
36344,0.09197401317719929,Low risk: pass,0,151
973,0.09196198762054154,Low risk: pass,0,152
9535,0.09179852901522108,Low risk: pass,0,157
47279,0.09179744282554328,Low risk: pass,0,149
1492,0.09170444704035356,Low risk: pass,0,157
18182,0.09162417551153763,Low risk: pass,0,152
9293,0.09160492465065534,Low risk: pass,0,144
5399,0.09156835251626183,Low risk: pass,0,149
52875,0.0914708710922372,Low risk: pass,0,154
49292,0.0913850839103918,Low risk: pass,0,156
9413,0.091279197239323,Low risk: pass,0,149
51607,0.09124623068739783,Low risk: pass,0,151
52885,0.09115149609838319,Low risk: pass,0,147
7415,0.09110673049486562,Low risk: pass,0,156
50680,0.09105181463722918,Low risk: pass,0,155
45670,0.09093148091387235,Low risk: pass,0,159
41336,0.09090998336724916,Low risk: pass,0,163
31424,0.09071555103416729,Low risk: pass,0,147
52115,0.09063796213591303,Low risk: pass,0,150
14953,0.09059848809640977,Low risk: pass,0,159
32823,0.09057860434106893,Low risk: pass,0,156
28462,0.09054565723405869,Low risk: pass,0,152
35425,0.09052138150576579,Low risk: pass,0,157
21930,0.09051752942670671,Low risk: pass,0,150
4032,0.0905019485812815,Low risk: pass,0,159
27883,0.09049712673575289,Low risk: pass,0,152
31721,0.09045597961993503,Low risk: pass,0,158
11349,0.09041420720356586,Low risk: pass,0,151
44474,0.09031617293860567,Low risk: pass,0,158
56479,0.09027407810276736,Low risk: pass,0,157
42583,0.09027385664501508,Low risk: pass,0,151
9523,0.09025107085046617,Low risk: pass,0,148
11725,0.09013094633748178,Low risk: pass,0,148
37903,0.09004462750432733,Low risk: pass,0,146
19317,0.08976458058591776,Low risk: pass,0,152
29462,0.08967361959880718,Low risk: pass,0,149
52915,0.08956750223995796,Low risk: pass,0,156
51508,0.08944466582663511,Low risk: pass,0,152
24793,0.0894194492765858,Low risk: pass,0,156
7614,0.08935326806293109,Low risk: pass,0,156
27266,0.08933552672765552,Low risk: pass,0,152
29493,0.08932175631177956,Low risk: pass,0,148
18198,0.08931874373224823,Low risk: pass,0,150
16679,0.08923677548198672,Low risk: pass,0,150
54096,0.08920455252011789,Low risk: pass,0,150
34930,0.08920178850641605,Low risk: pass,0,152
40011,0.08910990919509552,Low risk: pass,0,158
22492,0.08893658008308324,Low risk: pass,0,152
26490,0.08893024167869709,Low risk: pass,0,149
58572,0.0889143247995954,Low risk: pass,0,149
33707,0.08885704799208043,Low risk: pass,0,154
50883,0.08883342988462857,Low risk: pass,0,151
1476,0.08870634044658739,Low risk: pass,0,149
27240,0.08865840129246075,Low risk: pass,0,146
11184,0.08864412308273899,Low risk: pass,0,155
9730,0.0886265487481062,Low risk: pass,0,153
60000,0.08850894822799152,Low risk: pass,0,156
49694,0.0883866718002166,Low risk: pass,0,148
18083,0.08831317812606955,Low risk: pass,0,149
6192,0.08819629486551535,Low risk: pass,0,152
35379,0.08818544948704826,Low risk: pass,0,156
25611,0.08816515368026875,Low risk: pass,0,151
32211,0.08804427848146752,Low risk: pass,0,146
7600,0.08803201706821706,Low risk: pass,0,150
197,0.08798259485636346,Low risk: pass,0,152
57793,0.0879051411478274,Low risk: pass,0,153
50513,0.0878907111282494,Low risk: pass,0,145
16387,0.08787428542598467,Low risk: pass,0,150
34592,0.08786080947351435,Low risk: pass,0,154
21117,0.08784231551813201,Low risk: pass,0,149
13802,0.08783671017395542,Low risk: pass,0,152
4699,0.0878207375413948,Low risk: pass,0,149
19183,0.08776128496573178,Low risk: pass,0,157
81,0.08751237881525727,Low risk: pass,0,151
35713,0.08747367506100794,Low risk: pass,0,148
51404,0.08737910624125227,Low risk: pass,0,157
43353,0.08737601399866296,Low risk: pass,0,149
48055,0.08729899692468077,Low risk: pass,0,150
23221,0.0870858210325764,Low risk: pass,0,154
10360,0.08696694834842636,Low risk: pass,0,148
3559,0.08696110025440877,Low risk: pass,0,156
34315,0.0869331399799736,Low risk: pass,0,152
49705,0.08688240788090071,Low risk: pass,0,146
32814,0.08674301124121976,Low risk: pass,0,154
24033,0.0867346688135391,Low risk: pass,0,149
12530,0.08670456357264303,Low risk: pass,0,152
902,0.08670442700445173,Low risk: pass,0,144
47657,0.08664895548167094,Low risk: pass,0,150
34144,0.08661627640188428,Low risk: pass,0,151
6604,0.08646744674405661,Low risk: pass,0,151
38957,0.08646691070550379,Low risk: pass,0,146
21814,0.08645124428966688,Low risk: pass,0,153
45265,0.08629715387245844,Low risk: pass,0,151
4689,0.0861987054732159,Low risk: pass,0,154
41612,0.0860512709186094,Low risk: pass,0,154
20159,0.08604875366522557,Low risk: pass,0,150
34798,0.08596492430262427,Low risk: pass,0,146
55872,0.08576248093846008,Low risk: pass,0,148
49271,0.08574362271134413,Low risk: pass,0,148
22024,0.08558117331720791,Low risk: pass,0,141
30408,0.08557477216873322,Low risk: pass,0,153
8399,0.08551663030850239,Low risk: pass,0,152
50540,0.08456109961718299,Low risk: pass,0,152
41568,0.08411841221374514,Low risk: pass,0,150
2298,0.0840623906499542,Low risk: pass,0,144
21913,0.08386306898472039,Low risk: pass,0,147
48988,0.08360420888672725,Low risk: pass,0,145
824,0.08336548782365484,Low risk: pass,0,149
28174,0.08281570283116216,Low risk: pass,0,147
15292,0.08150321450755267,Low risk: pass,0,145
